;core_pce_l12;energy_l3;fao_Index_l6;ext_gdp_l12;imp_us_l3
1993-04-01;3.421899558416275;2.2587505987587297;-4.3545878693623585;-0.4120565949728354;0.31914893617019935
1993-05-01;3.1548187022900853;5.714394521711541;-3.105590062111807;-0.26982226837913864;0.21276595744681437
1993-06-01;3.01416329445372;10.127441760948908;-4.836193447737902;-0.41850161809016856;0.8519701810436597
1993-07-01;3.0880586167514545;4.956868046938179;-5.401234567901236;-0.5935841392534728;1.7094017094017255
1993-08-01;2.9006301215868335;-1.7031071266292885;-6.849315068493156;-0.592791266328537;1.5957446808510634
1993-09-01;2.6562753215374935;-9.8709066313871;-4.841149773071097;-0.6182477534856599;0.21097046413502962
1993-10-01;2.825390291947194;-11.641303996393004;-3.100775193798455;-0.6073145606211827;-0.8394543546694666
1993-11-01;2.858274764133628;-10.032845399257562;-4.320987654320985;-0.3704240188354907;-1.3584117032392817
1993-12-01;2.795626527714745;-15.371903633373451;-6.249999999999989;-0.15138480500045057;-1.4598540145985495
1994-01-01;2.814310946326648;-15.060095387404992;-3.881987577639767;-0.23727484687634307;-1.759834368530011
1994-02-01;2.732447265369098;-13.92290992823133;-3.6624203821655987;-0.19720459033383597;-1.6666666666666607
1994-03-01;2.6980323821970575;-18.25522992648777;-4.094488188976375;-0.046592827036593044;-0.9533898305084776
1994-04-01;2.660259657553099;-12.585637594257692;-0.4878048780487809;0.028150523773833;-0.8483563096500446
1994-05-01;2.863213273978138;-13.104629641556208;0.9615384615384581;0.14093807377766074;-0.31847133757961776
1994-06-01;2.8811992721180735;-19.67549882320212;5.40983606557377;0.07889131140101835;-0.7391763463569179
1994-07-01;2.7077967857502605;-15.842396454236718;5.220228384991854;-0.13435683195048048;-0.5252100840336116
1994-08-01;2.8044906349274923;-9.78665328302737;4.738562091503251;-0.12176310371035343;0.0
1994-09-01;2.7913318025258205;-2.693152846987823;2.5437201907790197;-0.08159134948379314;1.3684210526315743
1994-10-01;2.56762166180593;4.06026795466512;1.9200000000000106;-0.14750509603035356;2.857142857142869
1994-11-01;2.606239568622404;-2.36970903715773;5.806451612903207;-0.2511538820299504;3.3898305084745672
1994-12-01;2.461875809827574;-3.223168946273891;6.016260162601639;-0.34731780505584015;2.857142857142869
1995-01-01;2.2474621991907417;-1.7813517090622732;3.2310177705977328;-0.3563893345943553;3.161222339304537
1995-02-01;2.2715034717302185;5.0917070722260815;9.421487603305788;-0.46927828575567027;4.343220338983045
1995-03-01;2.399502283556987;11.717174599581437;13.793103448275868;-0.4809976689366742;5.240641711229954
1995-04-01;2.254367043099448;10.284142892545756;14.215686274509798;-0.25415251692551233;5.561497326203213
1995-05-01;2.1371664629262765;11.629620129569407;16.1904761904762;-0.014763178562920077;5.857294994675177
1995-06-01;2.2656765444923455;17.349110764530696;13.685847589424572;-0.18804642820241763;6.276595744680846
1995-07-01;2.267983469916657;17.55965017979544;13.023255813953494;-0.11425324778119642;6.546990496304117
1995-08-01;2.192455046282049;11.1563775826397;16.068642745709848;-0.016974493409878066;6.596858638743464
1995-09-01;2.1947643979057574;3.116644819154968;16.434108527131762;0.051199198438801274;5.295950155763252
1995-10-01;2.2649977698483426;-5.799388079660151;16.169544740973297;0.3544070884747602;4.012345679012341
1995-11-01;2.189689689689689;0.6390536386050361;12.804878048780498;0.4070856450562864;3.2786885245901676
1995-12-01;2.1789883268482635;6.446995326221883;15.18404907975459;0.5325917878383648;3.703703703703698
1996-01-01;2.3508011885917446;2.985459312773764;24.4131455399061;0.5528833612073167;2.5536261491317713
1996-02-01;2.2972579773599566;2.9656378618752255;17.824773413897276;0.5259515954298843;2.131979695431463
1996-03-01;2.1996685998343146;15.088052573654998;12.987012987012992;0.7081254964460886;2.6422764227642226
1996-04-01;2.283256121773647;13.192274234579159;15.021459227467805;0.7554680273385691;2.532928064842954
1996-05-01;2.230017884165658;16.012691831190786;9.016393442622949;0.7474012094115575;1.609657947686105
1996-06-01;2.0919410852287657;16.0556814202226;6.703146374829005;0.534502624024537;1.7017017017016967
1996-07-01;2.039614267711354;10.604626729725975;5.6241426611796985;0.5014642164316856;1.5857284440039532
1996-08-01;2.168677995785795;5.662810730824863;4.166666666666652;0.6097046152440387;0.0
1996-09-01;2.148995177397972;8.890119546503739;4.6604527296937315;0.5387287983964428;-0.6903353057199246
1996-10-01;2.1575869917812573;19.764950894773992;9.189189189189184;0.243347222923413;-0.4945598417408492
1996-11-01;2.0366515652422423;17.847803920929106;11.351351351351369;0.17563189341304838;-0.09920634920634885
1996-12-01;2.144761179414645;23.221121102651555;7.190412782956068;0.13996423210444686;0.9920634920634885
1997-01-01;2.0064847851745338;33.95595612998547;0.8805031446540879;0.04667045968977382;1.9920318725099584
1997-02-01;1.9734257967520374;31.94604108541521;2.4358974358974494;-0.09461815715583123;1.5904572564612307
1997-03-01;1.95776417656357;29.82705724422825;-1.7879948914431565;-0.16475800753565326;1.4851485148514865
1997-04-01;1.861587404292031;23.079710150917208;-7.835820895522405;-0.07602895414745023;0.9881422924901129
1997-05-01;1.86378867193282;1.6944539444465834;-9.147869674185461;-0.12832765827304368;0.1980198019801982
1997-06-01;1.8541176470588283;-4.429830000112956;-8.461538461538453;-0.3266395314136164;-1.5748031496062964
1997-07-01;1.8847408481333927;-10.199773765699138;-7.92207792207792;-0.566729520477563;-3.609756097560979
1997-08-01;1.72891751817974;0.7831053328177351;-8.387096774193548;-0.6199876448361675;-2.946954813359526
1997-09-01;1.9018322856760639;-3.7497728582324252;-7.379134860050884;-0.7211467248338366;-1.8867924528301994
1997-10-01;1.8958800298858103;-6.608113139215921;-9.158415841584144;-0.5487279099451916;-2.0874751491053667
1997-11-01;1.963999999999988;-3.8265849503311244;-11.65048543689321;-0.09456264695531316;-2.2840119165839057
1997-12-01;1.861394048332321;-7.590732354059981;-12.795031055900619;-0.04938707806652356;-3.339882121807458
1998-01-01;1.8539699428115508;-9.62276706160078;-14.71321695760598;-0.08011784917983257;-3.710937500000011
1998-02-01;1.9299224311975394;-14.794621723240454;-12.640801001251578;-0.11134303122000704;-4.011741682974568
1998-03-01;1.9387241260501842;-27.853185179093686;-8.972691807542265;-0.06608451259805966;-5.170731707317067
1998-04-01;1.9982796268113612;-31.981955652945782;-5.802968960863697;-0.18277415645387468;-6.164383561643838
1998-05-01;1.8957408581695256;-24.551992420964996;-3.0344827586206935;-0.32084897697594666;-6.126482213438733
1998-06-01;1.968212899648858;-23.87678268667348;-4.761904761904767;-0.33004532278930243;-5.900000000000006
1998-07-01;1.8446051886108705;-18.408296051305783;-4.936530324400568;-0.23413489337573032;-4.95951417004048
1998-08-01;1.7179642452805233;-23.02083976720081;-4.7887323943662015;-0.3005890531829322;-5.161943319838047
1998-09-01;1.6209050818983828;-24.451416774981936;-7.417582417582402;-0.297890615907347;-5.769230769230771
1998-10-01;1.5345737367918;-24.556862984145177;-8.99182561307903;-0.2600843528426306;-6.294416243654821
1998-11-01;1.4318779176964336;-29.666956427008216;-8.791208791208781;-0.38553835271631703;-6.504065040650408
1998-12-01;1.4509234931963544;-26.102567930428688;-8.54700854700855;-0.38667796020367834;-6.3008130081300795
1999-01-01;1.499007625613702;-32.06094280600513;-5.994152046783641;-0.5086691437765879;-6.389452332657197
1999-02-01;1.377360211620915;-32.79980025036454;-10.601719197707737;-0.8028096660540465;-6.422018348623848
1999-03-01;1.2427689307767276;-33.58365439524585;-11.571428571428577;-0.6723561469503136;-6.378600823045266
1999-04-01;1.2312682452156887;-22.506915116078186;-10.17191977077363;-0.8009620547685448;-4.7966631908237805
1999-05-01;1.2563042097211152;-22.30793073316302;-10.95305832147937;-0.8081905023450353;-3.9999999999999925
1999-06-01;0.9799987054178061;-9.33009194339135;-8.676470588235297;-0.9736285159871494;-2.763018065887346
1999-07-01;1.1966829243049482;3.9495261379645985;-9.495548961424339;-1.0970442646076641;-1.5974440894568676
1999-08-01;1.4339886368048615;7.062562449484222;-13.609467455621294;-1.1891960237959487;-0.6403415154749292
1999-09-01;1.2062975447841184;16.795647138803062;-15.43026706231455;-1.025028262635593;-0.21482277121374072
1999-10-01;1.2495970081887853;28.742502715845376;-16.467065868263475;-0.8022460251603432;1.625135427952329
1999-11-01;1.2376237623762387;45.77197237454731;-16.56626506024097;-0.8492691273708699;3.04347826086957
1999-12-01;1.3528661435584288;44.97228329646183;-14.953271028037385;-1.0758019973785153;3.90455531453362
2000-01-01;1.343076210569638;52.187273918090725;-18.195956454121298;-1.1795776712615595;4.008667388949072
2000-02-01;1.2223964626340011;67.66887394047943;-12.82051282051282;-1.1018063284855746;5.3376906318082895
2000-03-01;1.1453371168834492;92.15401991018986;-11.793214862681744;-0.8297028768935187;7.03296703296703
2000-04-01;1.2188557366964003;91.56373702991878;-15.151515151515149;-0.9234757626306407;7.119386637458924
2000-05-01;1.2176696542893772;111.74412731419609;-15.015974440894563;-0.6614466959084899;9.32017543859649
2000-06-01;1.3974000666649555;92.17110747134613;-16.425120772946865;-0.7923768149313979;9.180327868852455
2000-07-01;1.2950320881593536;50.76848704545027;-13.770491803278684;-0.8198372121595905;6.601731601731586
2000-08-01;1.1457735247208944;64.01256940096222;-10.445205479452058;-0.6945980952718581;6.1224489795918435
2000-09-01;1.4318347136968557;76.7316324433444;-7.36842105263158;-0.5298600477349924;7.8579117330462855
2000-10-01;1.4073923121991072;54.42092374165619;-4.3010752688172005;-0.24124257136802796;6.823027718550123
2000-11-01;1.4860941320293142;48.94294636722276;-3.2490974729241784;-0.24848529373859235;5.907172995780607
2000-12-01;1.4403213709113682;51.49818826789427;-1.465201465201471;-0.23739598771655873;6.054279749478075
2001-01-01;1.5372702345892053;48.44577720139516;2.6615969581748944;-0.2015712479847416;5.41666666666667
2001-02-01;1.7231964850347392;46.68264449920032;-2.2058823529411686;-0.17666815505509484;4.653567735263708
2001-03-01;1.9003973442677013;41.58103881311808;-3.663003663003661;0.09569227253077184;3.182751540041062
2001-04-01;1.706869262424826;33.260424083363716;0.3759398496240518;0.152878437824792;2.7607361963190247
2001-05-01;1.71787833170991;15.471697020604624;1.1278195488721776;0.07880508904602024;0.20060180541625616
2001-06-01;1.7422748191978865;7.640752671987983;4.816955684007707;0.05588068119697898;-1.60160160160161
2001-07-01;1.7908752445257692;19.492470476058376;2.281368821292773;0.08708285464514498;-0.7106598984771617
2001-08-01;1.8720119082159314;6.958207014804385;3.632887189292555;0.11403218640129258;-0.8097165991902799
2001-09-01;1.8494520840934614;-5.755296120059262;4.356060606060619;0.18828451585234068;-2.59481037924153
2001-10-01;1.81866137479747;-11.055415523714018;2.2471910112359605;0.21179322684903015;-4.091816367265477
2001-11-01;1.9009975531714574;-13.657524827604261;3.3582089552238736;0.19871447117801205;-4.382470119521919
2001-12-01;1.8710211038147184;-24.5453507861361;1.8587360594795488;0.07147635964895091;-5.610236220472431
2002-01-01;2.0065760686111433;-32.920794404359924;4.629629629629628;0.013603361060230136;-7.4110671936758905
2002-02-01;2.0348038848525762;-40.73322985467341;6.390977443609014;-0.09371058097011381;-8.79446640316206
2002-03-01;1.9322287280428618;-40.903959120168096;5.323193916349811;-0.0631083368355926;-9.054726368159194
2002-04-01;2.0268167274628768;-40.39228885140952;1.4981273408239737;-0.14279623685306;-8.855721393034832
2002-05-01;1.9413249760598772;-33.343409628752184;1.6728624535315983;-0.13765761170385826;-8.308308308308321
2002-06-01;2.0927053560332975;-17.617083947720435;-0.18382352941176405;-0.23215556045336513;-5.595116988809767
2002-07-01;2.122647357849594;-13.2223004774904;-0.5576208178438624;-0.4706080505778721;-3.578732106339466
2002-08-01;2.041928253897507;-12.59801223319953;-4.612546125461259;-0.8543349529265751;-3.6734693877551017
2002-09-01;1.2179906859535627;-13.60589059492262;-5.626134301270424;-0.9261420305718567;-3.5860655737704916
2002-10-01;1.7874104136085034;-1.939421833296029;-6.593406593406592;-1.012609525921778;-1.664932362122784
2002-11-01;1.8138160325083197;-2.053707712351338;-8.844765342960281;-1.0996373765496017;-1.2500000000000067
2002-12-01;1.7382425666449208;10.10924357344809;-6.386861313868608;-1.063295644243337;-0.4171011470281649
2003-01-01;1.4192567898813735;26.62459438923994;-7.964601769911505;-0.9376276338353499;1.9210245464247544
2003-02-01;1.4326612508564152;29.788982949034647;-5.65371024734983;-0.8808075863807016;2.4918743228602436
2003-03-01;1.4482834480145756;46.11702467659191;-0.9025270758122761;-0.6903269061071965;4.157549234135671
2003-04-01;1.570450635135634;62.33582186919185;1.845018450184499;-0.6748172031249676;5.786026200873384
2003-05-01;1.6603635476393874;78.97628423952105;2.925045703839113;-0.7513044826951485;7.5327510917030605
2003-06-01;1.5933490761253166;36.63018889571992;2.3941068139963217;-0.8188994936973879;6.788793103448265
2003-07-01;1.5370419833426574;12.25409285757053;4.672897196261672;-0.8331228688120741;1.802757158006374
2003-08-01;1.6879838846685757;14.114572989578878;9.284332688587993;-0.8091414003960447;0.9533898305084554
2003-09-01;2.4347380368322735;24.94066951561289;6.730769230769229;-0.5025364769139757;2.2316684378321128
2003-10-01;1.804498521498843;19.042097693886717;9.019607843137267;-0.2364220161037369;2.3280423280423346
2003-11-01;1.6980515946446006;20.164315075184504;11.485148514851474;-0.11158682576873095;2.0042194092827037
2003-12-01;1.7690019588401773;5.176812435387257;9.161793372319703;0.13336793886437373;0.732984293193728
2004-01-01;1.7800604229607275;8.83293722691394;9.03846153846155;0.15916783227367828;0.8376963350785305
2004-02-01;1.727236542149635;16.962516574368426;7.86516853932584;0.1299951038858251;2.3255813953488413
2004-03-01;1.7685468520348024;14.25940822851468;6.921675774134806;0.3155478505155858;2.4159663865546133
2004-04-01;1.5978279151349195;7.149370417293843;9.239130434782595;0.5288276230239409;2.1671826625387025
2004-05-01;1.6308456636785706;-8.113601888116284;9.769094138543522;0.6793077315104046;0.9137055837563413
2004-06-01;1.5276230185830908;7.752402709201145;12.230215827338121;0.5995146954998611;1.1099899091826515
2004-07-01;1.5747560742299438;25.470099592837258;14.821428571428562;0.6444929937884148;4.583333333333339
2004-08-01;1.4893134599090807;33.74624840288358;15.04424778761062;0.7173820042979271;6.925498426023102
2004-09-01;1.4654371291729307;25.14096220068842;20.180180180180194;0.8528017966548712;5.71725571725572
2004-10-01;1.5653830129158885;32.27468118864258;21.0431654676259;1.8320997639463514;5.584281282316428
2004-11-01;1.6054800385315149;36.639055636885544;17.939609236234478;1.8725012179867326;7.135470527404331
2004-12-01;1.6384482861046656;44.04147965354468;18.035714285714267;2.02103202816307;8.212058212058192
2005-01-01;1.8284791565249536;54.5164999127997;15.696649029982357;2.2503349692958854;9.865005192108
2005-02-01;1.85323515811191;43.09664407385636;11.979166666666675;2.3262072632644197;8.987603305785118
2005-03-01;1.86092762270047;25.648472582366978;11.073253833049401;2.213284546367838;6.666666666666665
2005-04-01;2.01258159114559;27.180694535457086;7.296849087893875;1.965192152296823;5.656565656565649
2005-05-01;2.004959263195194;32.639248034495225;5.825242718446622;1.5485588238713477;6.136820925553321
2005-06-01;2.1088531709504643;43.324807755327164;5.128205128205132;1.1466517739689441;7.584830339321358
2005-07-01;1.9764800056504495;41.61514555876313;1.7107309486780853;1.637375850086696;8.366533864541825
2005-08-01;1.900170497971665;22.39709176166349;1.3846153846153841;1.822215295094872;5.888125613346418
2005-09-01;1.948006199802732;37.14147691697966;0.599700149925031;1.8068403209232904;7.374631268436582
2005-10-01;1.9831223628692163;38.18261265228999;-2.526002971768204;1.9704472812985163;8.22722820763957
2005-11-01;2.062338331168001;43.86145288948138;-0.1506024096385672;2.255596595277977;8.204633204633204
2005-12-01;2.0656036659497;54.85205335023586;1.6641452344932084;2.3306192698385018;9.894332372718551
2006-01-01;2.171099425160028;35.702775591413015;2.743902439024404;1.9565218391420682;8.223062381852554
2006-02-01;2.1745710227934145;32.467162306218334;4.651162790697683;1.9641277612796662;6.4454976303317535
2006-03-01;2.2557701694442267;47.80048549099361;4.907975460122693;2.019255753722335;7.980769230769225
2006-04-01;2.108496580503072;40.0604919549195;7.264296754250399;1.9576508287071794;8.699808795411101
2006-05-01;2.177385748020555;31.46230977998603;5.198776758409762;1.568480644804465;6.919431279620847
2006-06-01;2.0861022825772846;17.557695120009377;5.945121951219523;1.0356713757692615;4.545454545454541
2006-07-01;2.1147896753936246;27.266005117312876;6.116207951070329;0.6304758513943532;5.790441176470584
2006-08-01;2.158987318401584;33.632270431151845;6.828528072837625;0.6111914213638538;8.619091751621877
2006-09-01;2.1941190698317348;21.93077042458762;3.427719821162456;1.0332366045210166;7.417582417582413
2006-10-01;2.2640555325702083;21.40117818655154;6.250000000000022;1.2559085232691132;6.968325791855201
2006-11-01;2.3062191080172934;10.792759463479594;7.088989441930615;1.1185105303206735;5.976806422836756
2006-12-01;2.2803541363631163;-9.251015162001108;5.803571428571419;0.908604361290834;1.5734265734265618
2007-01-01;2.1432239657631857;-11.777131138599495;8.160237388724045;0.6418960764722441;-1.0480349344978213
2007-02-01;2.138543921613323;0.13233207233718236;8.000000000000007;0.7876279318048428;1.3357079252003468
2007-03-01;2.167365633559526;-3.544256140397961;6.725146198830401;0.901992941224115;2.4933214603739984
2007-04-01;2.3612482829865167;-11.397885734712743;7.925072046109505;0.7974703930373506;0.0
2007-05-01;2.408546601864736;-0.6302600784942713;12.645348837209314;0.7775394020804717;1.152482269503552
2007-06-01;2.5959470168685606;1.1250420047852483;13.093525179856114;0.9747145895185821;2.839396628216506
2007-07-01;2.545783404928792;-2.1525738932559713;12.53602305475503;1.181562815503229;2.0851433536055675
2007-08-01;2.6702209370623065;-1.178015795359011;13.06818181818179;1.528442353405515;1.1945392491467421
2007-09-01;2.605716346587328;1.9693955830835996;16.42651296829969;1.7098478843942833;2.3017902813299296
2007-10-01;2.497134251871169;1.2834201535161238;19.94261119081777;1.71605348450256;2.7918781725888353
2007-11-01;2.284497253671125;-2.382769633474191;21.408450704225345;1.7913405490396694;1.9360269360269244
2007-12-01;2.3157376094600224;20.026212147275444;28.129395218002816;1.8478516557950058;4.819277108433728
2008-01-01;2.500474844418621;34.67374008263846;30.7270233196159;1.9009587346407641;9.090909090909083
2008-02-01;2.556694591006936;44.0737945759941;35.66529492455419;1.86996683874759;12.038664323374348
2008-03-01;2.3783567312612552;39.94723828396718;43.83561643835616;2.146601024589796;10.599478714161602
2008-04-01;2.2114030320842026;57.74695366389877;43.65821094793056;2.359667454824691;13.632365875109919
2008-05-01;2.076442281099622;52.39537226097819;42.58064516129032;2.553116159934684;13.496932515337434
2008-06-01;1.9873542036789704;59.74557639746434;45.547073791348616;2.359536958332703;15.185504745470224
2008-07-01;2.0405238557192007;61.70235237780617;53.64916773367479;2.6001906811043587;16.85106382978725
2008-08-01;1.9857859531772437;78.53816710976373;60.80402010050252;2.770749967389172;19.05564924114671
2008-09-01;2.1023725834797835;86.824190549628;63.49009900990099;3.0914073211502626;21.249999999999993
2008-10-01;2.1841147318100163;83.29603507587208;55.98086124401915;3.4515559205608164;21.399176954732503
2008-11-01;2.3353936524636243;64.04910224990688;50.81206496519721;3.4609295782506257;18.084227910817518
2008-12-01;2.4045091386669437;37.722268620830505;45.44456641053789;3.3331133691183368;13.13628899835797
2009-01-01;2.1931306613182766;0.4430644384866289;36.51626442812172;2.739491509671681;4.854368932038833
2009-02-01;2.072026017250561;-27.178170019374036;22.44691607684528;2.659760566230938;-5.882352941176472
2009-03-01;2.168810848400571;-40.00025548920701;7.428571428571429;2.952292491850326;-10.054988216810678
2009-04-01;2.083265518700572;-40.550580450865326;-9.293680297397767;3.001879302525791;-12.538699690402467
2009-05-01;2.149080977978146;-46.40550214401667;-19.004524886877828;3.4931369663622065;-12.741312741312738
2009-06-01;2.2147926945382146;-49.61552215483363;-24.825174825174834;3.371321553953257;-14.906367041198509
2009-07-01;2.2449574884132906;-52.6133945142802;-27.999999999999993;3.1073670606832406;-16.387472687545536
2009-08-01;2.2178833022297617;-52.349461213997536;-34.21875;2.7637868750549255;-17.280453257790363
2009-09-01;2.0440217742109024;-49.387875333124434;-36.411809235427704;2.027415032961806;-17.525773195876294
2009-10-01;1.6341903085969278;-53.79993182696092;-33.12883435582822;0.16752249798907048;-19.11864406779661
2009-11-01;1.3900341618565237;-42.578121742055906;-28.230769230769237;-1.2662792620966112;-15.314685314685317
2009-12-01;1.1371530560988496;-38.27096649719064;-29.58490566037736;-1.4287000409164248;-11.973875181422356
2010-01-01;0.9055710217273027;-14.563952523288947;-30.284396617986165;-1.0642495680309314;-5.632716049382713
2010-02-01;0.8876433229615177;10.729892467649616;-22.791081750619323;0.2248311814831506;3.416666666666668
2010-03-01;0.7625388182243675;36.829172500427966;-17.553191489361698;0.3694307245092345;8.646288209607
2010-04-01;0.9289669759680264;41.06756007450165;-2.868852459016391;0.06297248242546472;11.415929203539822
2010-05-01;0.8222375470797294;45.74960190496504;10.391061452513961;0.85393548260867;11.327433628318584
2010-06-01;0.719797609848527;47.79375969244401;17.093023255813968;1.6005841554808866;11.179577464788725
2010-07-01;0.6255217083505071;54.32362689135009;17.476851851851837;1.3656181306658042;11.23693379790942
2010-08-01;0.6511392298194307;27.86266954005958;17.5771971496437;0.9450301273978431;8.476027397260278
2010-09-01;0.7242709848820361;11.36721342919893;14.642857142857135;0.6978728529968713;4.333333333333345
2010-10-01;1.2394556530368916;19.023162292106164;11.009174311926607;0.9836091969994669;4.945515507124898
2010-11-01;1.374145779862035;11.121438806788442;3.2154340836012762;1.6510692943545424;3.798513625103217
2010-12-01;1.5100759793302387;15.292514555385917;2.6795284030010746;1.4706269314283344;3.6273701566364336
2011-01-01;1.6902391069956169;11.962519112894498;10.253583241455333;1.2496344264246435;3.924775143090753
2011-02-01;1.698406159890986;12.472913137331233;15.187165775401068;0.9425025607067177;4.109589041095885
2011-03-01;1.777402501451264;18.23347875313075;22.688172043010745;1.2795228566042685;5.305466237942125
2011-04-01;1.6017776467243117;16.585486628368074;26.68776371308017;1.1846676296212906;5.639396346306591
2011-05-01;1.6363253709354764;25.22797812900479;25.607287449392715;1.6195010234860858;7.551669316375209
2011-06-01;1.5564733949196663;32.54188555443156;28.401191658391276;1.2196834581679903;10.2929532858274
2011-07-01;1.4700786492077178;35.05004855215515;31.72413793103448;0.3274337234599814;11.902897415818337
2011-08-01;1.4175771174534058;39.165971005765066;38.989898989898975;0.7762318754940314;12.943962115232832
2011-09-01;1.2978721177295816;37.84318289457862;39.460020768432;0.9833160718067232;13.57827476038338
2011-10-01;1.079328001001123;41.23578330719759;40.90909090909092;0.9620399274655006;13.738019169329085
2011-11-01;1.1210902498489217;33.263166822835146;40.394600207684306;0.6844037587435586;12.887828162291171
2011-12-01;1.0555902560899444;34.16992539701411;40.91858037578289;0.43221707900271117;12.728719172633252
2012-01-01;1.1247284331763696;25.320603111196995;33.19999999999999;-0.26009625159815897;11.093627065302902
2012-02-01;1.213065378823286;24.578780516408894;23.4911792014856;-0.580140494600518;10.061919504643967
2012-03-01;1.2143649731926942;15.929531538599772;14.285714285714302;-0.15154730561787805;8.549618320610675
2012-04-01;1.395136715106049;12.718103401854108;4.662781015820161;-0.3537746898030994;6.9172932330827
2012-05-01;1.524046176942595;12.205726490323364;1.6116035455278066;-0.3437124450051375;5.099778270509958
2012-06-01;1.5853961420647433;7.450999806170788;-5.568445475638062;-0.23294395974322712;3.5175879396984744
2012-07-01;1.7343971521115886;-2.4264451133715115;-8.451757666417336;-0.3246247064154785;0.8397480755773179
2012-08-01;1.8392159295329114;-5.152444807429202;-8.866279069767435;-0.298553753415141;-0.7686932215234088
2012-09-01;1.8505698432543571;-13.776132327907408;-6.329113924050644;0.22553822001563206;-2.4613220815752457
2012-10-01;1.7445939253879272;-11.419863191632762;-8.797653958944284;0.4477443052692128;-3.300561797752821
2012-11-01;1.8278484142848272;-1.016929675486622;-11.982248520710048;0.2217407164103673;-1.7618040873854879
2012-12-01;1.975812266930399;-0.7498461858722827;-14.148148148148143;0.2578882818167462;-0.6351446718419029
2013-01-01;2.0609972965471846;-1.5349716270459335;-8.333333333333325;-0.83319598768575;0.0
2013-02-01;2.024565688075275;-6.217629858806961;-7.218045112781946;-1.561003417404597;-1.406469760900142
2013-03-01;2.04405737704918;-5.186921758005125;-3.9877300613496924;-1.1889449062221764;-1.9690576652601877
2013-04-01;1.9647530258423362;-3.5456853767311114;-1.352426412092289;-0.8690692320169363;-1.4767932489451407
2013-05-01;1.8254688599487867;-4.761093538304917;-1.9825535289452856;-0.720862324157627;-0.6329113924050445
2013-06-01;1.8194042622549977;-10.726779774505724;0.6552006552006606;-1.0153428427006985;-2.0804438280166426
2013-07-01;1.7739983114465563;-10.339251073819344;0.8169934640522847;-0.7909650953421792;-2.706453851492019
2013-08-01;1.6354499771585207;-3.502198093888531;-1.674641148325362;-1.4080848251096614;-1.8309859154929553
2013-09-01;1.6921641033964985;7.248649798319562;-2.30524642289347;-1.5499612423346485;0.07209805335257613
2013-10-01;1.8890883095549427;5.629503777246159;-1.205787781350487;-0.998925381617301;0.8714596949891185
2013-11-01;1.7839073946654738;1.687436907966311;2.6050420168067134;-0.8571526747622624;0.0
2013-12-01;1.6890253757879448;1.7395072181197513;4.3140638481449445;-1.18839526168053;-0.7102272727272707
2014-01-01;1.5943517847071043;1.6675783134265654;-3.439803439803435;-1.383497726743758;-1.62889518413597
2014-02-01;1.5750407338120942;1.5558846412248695;-5.834683954619124;-1.4533557288325267;-1.783166904422251
2014-03-01;1.4960590391083883;5.175573858731353;-7.028753993610226;-1.1440967517323894;-1.147776183644189
2014-04-01;1.4206083451967944;0.7658600361460932;-4.193548387096779;-1.1416599385760196;-1.2847965738757905
2014-05-01;1.4271835908940878;1.9198843313348313;-3.9644012944983764;-1.1880898107878315;-1.0615711252653925
2014-06-01;1.4887443721860905;1.5777376150343692;-3.82424735557364;-1.0046952199689025;-0.4957507082152923
2014-07-01;1.5131980050573146;4.4675118495072885;-5.834683954619124;-0.6758916737431415;-0.3566333808844524
2014-08-01;1.5671820688001992;4.9777451590863775;-3.8929440389294356;-0.7361337921500724;0.5021520803443202
2014-09-01;1.5552673583399956;6.913611043560541;-0.6509357200976451;0.07306032718247374;1.2247838616714635
2014-10-01;1.5256463844270707;-0.21311364311561443;-1.1391375101708734;0.2864219430810388;0.8639308855291405
2014-11-01;1.5935819307890453;-6.103016667269856;-0.6552006552006495;-0.06483451770118102;-0.2869440459110528
2014-12-01;1.65799094015735;-9.997796276292625;-1.3234077750206907;0.5541659208262287;-1.3590844062947083
2015-01-01;1.5415729000406442;-15.857409681591616;-1.2722646310432517;-0.17411390248105585;-2.087832973362136
2015-02-01;1.4822956273764287;-20.839453433732924;-2.753872633390708;-0.6483581205156707;-3.05010893246187
2015-03-01;1.581837067814229;-36.374714976638046;-6.099656357388328;-0.15918524487487573;-5.587808417997109
2015-04-01;1.6962723525399737;-46.65930471837899;-7.912457912457905;-0.8102303128735026;-8.893709327548816
2015-05-01;1.7665297416857628;-43.16758112918077;-8.845829823083406;-0.909016472876313;-10.22889842632333
2015-06-01;1.7173051519154603;-43.67047599536812;-11.082910321489003;-1.0643803986533402;-10.8185053380783
2015-07-01;1.7741983124440086;-43.08380526366673;-13.339070567986234;-1.3161282537753252;-10.450966356478164
2015-08-01;1.6944485420661737;-40.1450666150973;-16.87763713080169;-1.008877456190519;-9.707351891506066
2015-09-01;1.7063035982671781;-42.5475016381908;-21.7035217035217;-0.6705204344203403;-9.89323843416371
2015-10-01;1.5821202764299436;-45.41558548903559;-22.057613168724277;-0.7034899183325725;-10.492505353319048
2015-11-01;1.5128089711724746;-49.8074577897354;-21.681780708985986;-0.3431456855608432;-11.366906474820137
2015-12-01;1.4697116277251787;-47.83588750592983;-20.78792958927075;-1.0426300675570903;-11.602610587382156
2016-01-01;1.357077304590626;-43.25857272100379;-19.415807560137466;-1.4483565994213043;-10.661764705882348
2016-02-01;1.3962474021602223;-43.04042293016761;-20.707964601769913;-1.9994600101719866;-9.513108614232213
2016-03-01;1.3595107319543498;-39.11057978821746;-18.57273559011894;-1.8797236314903054;-8.301306687163724
2016-04-01;1.3384655760650732;-36.805618866300016;-17.367458866544794;-1.829678616631592;-6.507936507936507
2016-05-01;1.2846760656310297;-42.0380054769075;-18.94639556377079;-1.8151269026904064;-6.613545816733069
2016-06-01;1.2899786780383726;-32.4112745817104;-17.126546146527122;-1.5243276474918839;-6.065442936951316
2016-07-01;1.1937815012237563;-29.77599062657338;-15.690168818272088;-0.9059714681035125;-5.275779376498802
2016-08-01;1.2291118675537671;-26.767705517827878;-12.690355329949243;-0.7387598716268282;-5.217391304347818
2016-09-01;1.2343532684283565;-21.2462994357824;-8.577405857740573;-1.068499354285883;-4.660347551342802
2016-10-01;1.1579770141562529;-17.516410899795275;-5.807814149947199;-1.2787835918864658;-3.6682615629984094
2016-11-01;1.1567379988432602;-5.193292884077582;-4.631578947368431;-1.8514742595254154;-2.191558441558439
2016-12-01;1.1286920847096926;-4.402221672565032;-0.7407407407407418;-2.0592959002388502;-1.066447908121415
2017-01-01;1.3369808122062121;4.825382055494187;-0.8528784648187626;-2.6041692451093583;-0.24691358024691024
2017-02-01;1.39434180138569;6.25335109866616;6.36160714285714;-3.025774452753988;0.2483443708609201
2017-03-01;1.3845119139123785;36.04147685056098;7.977528089887631;-2.615796426857118;1.9279128248113953
2017-04-01;1.4675414364640815;65.52319473687402;6.084070796460184;-1.7652356620763061;3.8200339558573937
2017-05-01;1.4973415720649363;61.25552943859094;9.236031927023935;-1.7290264496073535;4.692832764505117
2017-06-01;1.4984068662628802;32.9941637928328;9.184845005740527;-1.7675577571216536;4.078164825828368
2017-07-01;1.5812165999063321;29.435915168048467;15.076560659599526;-1.4820389320227736;3.6286919831223674
2017-08-01;1.6975706684244196;13.35784312722117;14.06976744186046;-1.575319792152976;2.335279399499579
2017-09-01;1.6839353521476141;1.7187041920128765;10.068649885583515;-1.1926828046729925;1.4084507042253502
2017-10-01;1.8201070314512124;9.847225935594661;6.614349775784745;-1.1049104000915908;1.1589403973510048
2017-11-01;1.7619592147894103;13.994269034115758;7.505518763796926;-0.7135773528516763;1.9917012448132931
2017-12-01;1.8284147073108103;20.01694462673653;4.47761194029852;-0.7542548543077561;2.736318407960203
2018-01-01;1.9010684004410416;13.93015234772208;7.741935483870965;-1.029373573065192;2.39273927392738
2018-02-01;1.8867029202137342;31.070325412634347;4.197271773347322;-1.3591870470495762;3.4682080924855585
2018-03-01;1.6925540887595902;17.764834334325318;3.9542143600416413;-0.5990431249372455;3.2072368421052655
2018-04-01;1.7024937137239293;21.667149748721883;3.1282586027111536;-0.4718999101601534;3.4341782502044227
2018-05-01;1.6526975497413776;17.64588032653951;3.2359081419624403;-0.8898973074643304;3.3414832925835247
2018-06-01;1.6959378564627592;27.20983861972368;1.3669821240799296;-1.1170377565159688;3.2653061224489743
2018-07-01;1.5876601070988317;27.907076485537985;-0.92118730808598;-1.0183020687694482;3.5016286644951045
2018-08-01;1.5048470729691177;42.32089175176168;-0.20387359836899765;-0.593164360068576;4.482477587612044
2018-09-01;1.5838016870115101;51.44427909519278;2.9106029106028997;-0.27013570127632547;4.738562091503251
2018-10-01;1.6948199780769668;47.51428002546136;3.680336487907465;-0.11110895244139787;4.828150572831413
2018-11-01;1.6968039779378108;38.57930911852636;1.3347022587268942;-0.15141195866595278;3.824247355573629
2018-12-01;1.720767986233862;37.91598710385764;-1.0204081632653073;0.04704074673428099;3.0669895076674614
2019-01-01;1.73127868363121;32.85359895357283;-5.0898203592814495;-0.4486756926536793;3.384367445608394
2019-02-01;1.7846996469722542;5.491557734220609;-3.3232628398791486;-0.6351711251512268;0.7182761372705571
2019-03-01;2.082809136403041;-7.981220580628435;-5.705705705705711;-0.5853112927966492;-0.8764940239043728
2019-04-01;2.0123249091432927;-14.62222712908302;-5.662285136501522;-0.6271531088284026;-1.5019762845849827
2019-05-01;2.107726162731316;-8.223140745778068;-6.774519716885741;-0.3770603316185336;-0.7097791798107211
2019-06-01;2.067188253179575;-6.565597603005613;-4.356846473029052;-0.29372924427420793;0.07905138339920903
2019-07-01;2.125176017194108;-5.875671180090835;-3.615702479338845;0.07752072141027747;-0.2360346184106965
2019-08-01;2.025763941586911;-14.77532136843398;-3.9836567926455624;0.14369140682504644;-0.9360374414976502
2019-09-01;2.039402588046224;-24.642939871985448;-5.858585858585852;-0.1669069005087181;-2.028081123244929
2019-10-01;1.9300573028946166;-23.224253066375233;-5.070993914807298;-0.046829580714845956;-1.9516003122560521
2019-11-01;2.0598337031887404;-27.904694809818263;-4.457953394123615;-0.5238153314241641;-2.1159874608150386
2019-12-01;2.0566521711149255;-28.919448337882002;-1.6494845360824684;-0.309710516656504;-2.114330462020364
2020-01-01;1.833852924995405;-30.652627185223658;0.0;-0.7290311446768826;-2.961808261886212
2020-02-01;1.6682986648119957;-13.548064144954497;-1.9791666666666763;-1.7049280726697675;-1.188589540412044
2020-03-01;1.5628708623176557;-0.7351447295115832;-0.849256900212314;-1.5655243504957468;0.4823151125401992
2020-04-01;1.6901742109483253;-4.416864524605158;2.036441586280824;-1.3310490147659018;0.48154093097914075
2020-05-01;1.6140912438960209;-18.91709605669013;6.941431670281983;-0.7856161499435427;-1.2708498808578272
2020-06-01;1.7174359253810056;-46.7044199166916;9.54446854663773;-0.5507390966343068;-4.18641390205371
2020-07-01;1.7344291442152437;-63.29419730673615;9.86066452304395;0.31249729546524563;-6.782334384858036
2020-08-01;1.8522045951363753;-52.00130407779721;5.7446808510638325;0.4214623674711598;-6.299212598425196
2020-09-01;1.7126046616881663;-33.28454023632926;2.145922746781115;0.6609958994454428;-3.9808917197452276
2020-10-01;1.7163619273144581;-31.514778002102272;-1.175213675213671;0.2671692925660848;-2.7866242038216527
2020-11-01;1.5680542774138884;-20.981709339831223;-3.3934252386002117;-0.20140839653037265;-1.3610888710968827
2020-12-01;1.6377493108480579;-26.844035215279995;-2.2012578616352307;-0.25220177071689703;-1.2799999999999923
2021-01-01;1.7828200972447306;-22.546771278686617;-1.1566771819137678;-1.5108597226950429;-0.9638554216867545
2021-02-01;1.9073594008785166;-22.399594940240732;1.9128586609989506;-2.288163914941042;-1.0425020048115408
2021-03-01;1.7042083880130177;-10.234947335567623;4.925053533190571;-1.7868281908000962;-0.32000000000000917
2021-04-01;0.9148171709659758;8.944677922720823;6.512605042016806;-1.5838179724527937;1.0383386581469534
2021-05-01;1.0022909507445554;30.027114659771392;7.099391480730222;-2.14759134886787;2.976669348350769
2021-06-01;1.132173183210261;93.61048349379686;7.524752475247509;-0.5728504927754593;7.089859851607594
2021-07-01;1.3018279090503793;171.6282291471493;10.73170731707318;0.07800159448627418;10.913705583756329
2021-08-01;1.497920544309772;132.03572186611257;17.303822937625736;-0.06441964280834439;11.596638655462188
2021-09-01;1.5698559185525873;108.28403626515967;25.210084033613445;-0.19900249043789472;11.27694859038142
2021-10-01;1.419051004087435;110.64329502317878;31.999999999999986;0.07181887488667803;10.237510237510229
2021-11-01;1.3839539511085963;97.99065169796128;40.614709110867175;-0.5286371675217336;9.009740259740262
2021-12-01;1.4801815216620495;136.07976717475378;34.29796355841373;-0.43357359165880177;9.319286871961108
