,pce,core_pce,cpiUS,pet,fao_Index,ner_gt,omas_mn,emision
1993-01-01,2.7044974343495287,2.814310946326648,3.2537960954446943,1.3549415515409002,-5.401234567901236,4.0305814249999905,,
1993-02-01,2.5983019208767333,2.732447265369098,3.2467532467532534,5.569886812319025,-6.849315068493156,3.9194013242470627,,
1993-03-01,2.560482962651478,2.6980323821970575,3.0194104960460155,7.56502431803765,-4.841149773071097,5.639350885295169,,
1993-04-01,2.555077955338536,2.660259657553099,3.1563845050215145,0.13337943980635814,-3.100775193798455,8.517526414282251,,
1993-05-01,2.7371853358661102,2.863213273978138,3.2211882605583497,-4.775549188156636,-4.320987654320985,10.910887653737333,,
1993-06-01,2.590480172001919,2.8811992721180735,2.9978586723768963,-14.77094972067039,-6.249999999999989,10.822512376491655,,
1993-07-01,2.4152863967141336,2.7077967857502605,2.8469750889679624,-17.89144721724344,-3.881987577639767,10.58436014931996,,
1993-08-01,2.4536686135508967,2.8044906349274923,2.840909090909083,-15.648711943793913,-3.6624203821655987,10.360980062839875,,
1993-09-01,2.3932816000712176,2.7913318025258205,2.7639971651311157,-20.03470002739477,-4.094488188976375,10.316074230169448,,
1993-10-01,2.3538108967250615,2.56762166180593,2.752293577981657,-16.33622279601623,-0.4878048780487809,10.304363529396765,,
1993-11-01,2.3462401133278243,2.606239568622404,2.7445460942997935,-17.90876020057024,0.9615384615384581,10.533111724684897,,
1993-12-01,2.191909966708905,2.461875809827574,2.8109627547435068,-25.233163291595815,5.40983606557377,8.735201217198242,,
1994-01-01,1.9764297889848903,2.2474621991907417,2.450980392156854,-21.363040629095675,5.220228384991854,10.820007543157107,,
1994-02-01,2.060040496522597,2.2715034717302185,2.515723270440251,-26.295317408866513,4.738562091503251,9.346395173946998,,
1994-03-01,2.131958883650098,2.399502283556987,2.6517794836008246,-27.950066348847503,2.5437201907790197,7.387592840452184,,
1994-04-01,1.9817451624680515,2.254367043099448,2.364394993045882,-19.19092254563395,1.9200000000000106,5.593666378543216,,
1994-05-01,1.8140259437739337,2.1371664629262765,2.288488210818307,-10.330992978936827,5.806451612903207,3.552996978942846,,
1994-06-01,2.0273318682598074,2.2656765444923455,2.494802494802495,0.0,6.016260162601639,1.7840591487318536,,
1994-07-01,2.186864283638501,2.267983469916657,2.69896193771626,9.985447218179777,3.2310177705977328,-0.3966678042054861,,
1994-08-01,2.2454959528852125,2.192455046282049,2.900552486187835,2.0600810705758255,9.421487603305788,-1.955817003089022,,
1994-09-01,2.253296623677725,2.1947643979057574,2.965517241379323,-0.30832476875641834,13.793103448275868,-0.6842283059514176,,
1994-10-01,2.104670143152232,2.2649977698483426,2.609890109890123,-2.397354643152372,14.215686274509798,-1.308570275852583,,
1994-11-01,2.106462124052011,2.189689689689689,2.602739726027403,8.389723935565009,16.1904761904762,-1.6311458585744787,,
1994-12-01,2.1492201689393697,2.1789883268482635,2.597402597402576,18.263266712612,13.685847589424572,-2.5597170683021253,,
1995-01-01,2.3214259982419883,2.3508011885917446,2.8708133971291794,19.933333333333316,13.023255813953494,-1.924269094899833,,
1995-02-01,2.265735070013508,2.2972579773599566,2.862985685071595,25.372124492557525,16.068642745709848,-2.293208778155298,,
1995-03-01,2.172043010752689,2.1996685998343146,2.7872195785180187,26.53478854024558,16.434108527131762,-2.3729829627093135,,
1995-04-01,2.321285370603743,2.283256121773647,3.125000000000022,21.30647130647132,16.169544740973297,-1.1491511751878902,,
1995-05-01,2.3308023393819655,2.230017884165658,3.1186440677966054,10.402684563758392,12.804878048780498,-0.19327247630640532,,
1995-06-01,2.1810453041195776,2.0919410852287657,3.0425963488843744,-3.40849501835343,15.18404907975459,0.45165458347287135,,
1995-07-01,1.9864912904372423,2.039614267711354,2.8301886792452713,-11.959287531806606,24.4131455399061,1.685175831787289,,
1995-08-01,1.9734415344891065,2.168677995785795,2.6174496644295386,-1.9042437431991188,17.824773413897276,2.7418397712421383,,
1995-09-01,1.928718203075186,2.148995177397972,2.54521098459477,4.410080183276066,12.987012987012992,1.5576133063372577,,
1995-10-01,2.0216739290362717,2.1575869917812573,2.7443105756358666,-1.5245623941276043,15.021459227467805,3.058447404649356,,
1995-11-01,1.8243691664666217,2.0366515652422423,2.603471295060067,-0.607734806629856,9.016393442622949,4.227348335528314,,
1995-12-01,1.9530092429266954,2.144761179414645,2.5316455696202667,10.955710955710952,6.703146374829005,5.128717905606939,,
1996-01-01,1.9744254168544417,2.0064847851745338,2.7906976744185963,4.94719288493608,5.6241426611796985,6.271777003484313,27.940605590062127,5.806880335326903
1996-02-01,1.9540585374082653,1.9734257967520374,2.717031146454607,2.9141932002158644,4.166666666666652,7.8671328671328755,40.94337579847702,4.761545995630234
1996-03-01,2.0739493439977386,1.95776417656357,2.8439153439153486,15.148247978436657,4.6604527296937315,8.611599297012296,24.00562530013035,5.653869226154762
1996-04-01,2.1104782164499625,1.861587404292031,2.832674571805005,18.6210367388022,9.189189189189184,7.155322862129121,53.83045525902668,3.9795711974110137
1996-05-01,2.1295921076533997,1.86378867193282,2.827087442472065,7.649442755825753,11.351351351351369,6.097560975609739,42.8487193661323,5.006570302233904
1996-06-01,2.028394734270522,1.8541176470588283,2.8215223097112663,11.020629750271427,7.190412782956068,6.423611111111116,53.600897510133194,5.211795115260842
1996-07-01,2.1178996681632034,1.8847408481333927,2.8833551769331667,23.236994219653173,0.8805031446540879,5.719237435008662,31.528130222194694,4.680763173521285
1996-08-01,1.993683654020062,1.72891751817974,2.8122956180510084,21.797004991680534,2.4358974358974494,4.4750430292599175,28.78337454505042,4.284157652749365
1996-09-01,2.211995662208377,1.9018322856760639,3.0045721750489918,31.59626988480526,-1.7879948914431565,2.716468590831922,25.881348242640968,3.1661425297158985
1996-10-01,2.2561812710606866,1.8958800298858103,3.0618892508143203,42.77522935779814,-7.835820895522405,1.6778523489932917,43.66772977674689,4.326322365680979
1996-11-01,2.440681726782312,1.963999999999988,3.2530904359141077,31.79544191217345,-9.147869674185461,0.16666666666667052,32.0493346759283,3.9119433198380626
1996-12-01,2.36266245899599,1.861394048332321,3.378817413905133,33.35084033613447,-8.461538461538453,1.180438448566612,34.94084169537217,8.091500336398294
1997-01-01,2.267642590802388,1.8539699428115508,3.0381383322559907,33.31567796610171,-7.92207792207792,-0.6557377049180357,14.652709297327359,9.894197787332715
1997-02-01,2.321989961943638,1.9299224311975394,3.0322580645161246,16.46565285789199,-8.387096774193548,-1.1345218800648316,13.427561837455837,11.034400095888763
1997-03-01,2.121166297788113,1.9387241260501842,2.7652733118971096,-1.7322097378277168,-7.379134860050884,-2.9126213592232997,21.830795018892136,14.81902058197302
1997-04-01,1.9160921588245783,1.9982796268113612,2.434336963484962,-16.33432329232075,-9.158415841584144,-2.280130293159599,8.370752117563018,10.433788844040247
1997-05-01,1.6925034547867535,1.8957408581695256,2.237851662404089,-1.9764705882353018,-11.65048543689321,-1.8062397372742067,11.343583922398226,11.367788762357645
1997-06-01,1.8252469693238238,1.968212899648858,2.233567326100827,-6.259168704156471,-12.795031055900619,-3.2626427406199032,2.6482576632189003,12.755076460265746
1997-07-01,1.6698297401728457,1.8446051886108705,2.165605095541401,-7.92682926829269,-14.71321695760598,-2.2950819672131084,-9.326619923768288,11.465989246781438
1997-08-01,1.6559814486427404,1.7179642452805233,2.2900763358778775,-9.24408014571949,-12.640801001251578,0.16474464579900872,-13.114577265764893,13.0686306990494
1997-09-01,1.6145925432212938,1.6209050818983828,2.21940393151554,-17.507294706127553,-8.972691807542265,0.9917355371900971,-21.083762640717406,13.510720743993797
1997-10-01,1.4388391646324994,1.5345737367918,2.0859671302149163,-14.618473895582317,-5.802968960863697,1.4851485148514865,-26.336501786038635,13.67583212735164
1997-11-01,1.2630125489028199,1.4318779176964336,1.8903591682419618,-14.930409110080134,-3.0344827586206935,3.4941763727121433,-26.068974430777846,16.62932839818827
1997-12-01,1.1249932392233042,1.4509234931963544,1.6970458830924073,-27.845608507286336,-4.761904761904767,3.166666666666673,-32.25083240843507,13.616747582887267
1998-01-01,1.0438610705990392,1.499007625613702,1.6311166875784044,-33.611442193087,-4.936530324400568,3.300330033003296,-44.05654551870148,15.017364927243172
1998-02-01,0.7802393272962505,1.377360211620915,1.440200375704448,-27.69022962629447,-4.7887323943662015,1.967213114754096,-45.250349902930154,14.612029880392075
1998-03-01,0.6905742670220594,1.2427689307767276,1.3767209011263937,-28.44211529299666,-7.417582417582402,4.499999999999993,-39.94096946304915,9.331602587876553
1998-04-01,0.7154480291558629,1.2312682452156887,1.4383989993745905,-21.70385395537525,-8.99182561307903,4.833333333333334,-30.920262730418813,17.563907787832743
1998-05-01,0.9014584790915547,1.2563042097211152,1.6885553470919357,-28.660585693710992,-8.791208791208781,5.0167224080267525,-37.87854213489654,18.261905296986324
1998-06-01,0.6866433754367129,0.9799987054178061,1.6229712858926382,-28.74282733437663,-8.54700854700855,6.408094435075884,-26.100029839098404,16.774867713104193
1998-07-01,0.8755908895573761,1.1966829243049482,1.74563591022443,-28.2730514518594,-5.994152046783641,6.543624161073813,-18.885256110851635,19.112733709481144
1998-08-01,0.9339273254253655,1.4339886368048615,1.6169154228855787,-32.965378825890625,-10.601719197707737,5.263157894736836,-11.533495555445207,19.762436044808073
1998-09-01,0.6318269436710322,1.2062975447841184,1.4267990074441794,-24.456796361798894,-11.571428571428577,6.219312602291316,-14.813023855577045,18.099681383705057
1998-10-01,0.7219154824133156,1.2495970081887853,1.4860681114551078,-32.31420507996238,-10.17191977077363,6.829268292682933,-19.16659817539246,17.722074672402833
1998-11-01,0.7232233570397373,1.2376237623762387,1.4842300556586308,-36.291522062469014,-10.95305832147937,5.62700964630225,-38.69933859736021,15.07881824825137
1998-12-01,0.8450553564743002,1.3528661435584288,1.606922126081578,-38.427947598253276,-8.676470588235297,8.723747980613883,-19.756888699583897,15.173207209510409
1999-01-01,0.9381891079184745,1.343076210569638,1.6666666666666607,-25.37402752842609,-9.495548961424339,11.501597444089473,-7.0012220601568975,13.639490884072924
1999-02-01,0.9319801569791286,1.2223964626340011,1.6666666666666607,-25.21793275217933,-13.609467455621294,10.61093247588425,-5.45911845957201,14.52548694571072
1999-03-01,0.9919918715490805,1.1453371168834492,1.7283950617283939,-2.3968042609853524,-15.43026706231455,11.323763955342914,-8.849657883793915,24.011081167668614
1999-04-01,1.3553030404187316,1.2188557366964003,2.281134401972884,12.305699481865284,-16.467065868263475,12.400635930047699,-18.205364141362512,18.781136457279857
1999-05-01,1.2814358482011956,1.2176696542893772,2.091020910209096,19.448183041722757,-16.56626506024097,15.764331210191074,-10.697101935772624,19.913345875377676
1999-06-01,1.3986200637920332,1.3974000666649555,1.9656019656019597,30.966325036603216,-14.953271028037385,16.64025356576864,-27.77053050068331,19.859870913694945
1999-07-01,1.4178071249800306,1.2950320881593536,2.1446078431372584,42.54261363636365,-18.195956454121298,16.377952755905522,-8.32693538067819,19.95616071926143
1999-08-01,1.4610475937250733,1.1457735247208944,2.2643818849449104,59.13173652694612,-12.82051282051282,19.687499999999993,-19.857419517808527,19.80615413569209
1999-09-01,1.8849100776843652,1.4318347136968557,2.629969418960254,59.7324414715719,-11.793214862681744,19.87673343605547,-8.297067171239359,21.819898637581183
1999-10-01,1.8343265950810483,1.4073923121991072,2.56253813300793,57.33148019457956,-15.151515151515149,18.87366818873668,5.297407219115402,22.519717338205968
1999-11-01,1.9204990377596376,1.4860941320293142,2.6203534430225606,94.31906614785991,-15.015974440894563,18.2648401826484,39.36498883026758,24.420777618520596
1999-12-01,2.055157783081407,1.4403213709113682,2.676399026763998,131.20567375886526,-16.425120772946865,13.967310549777112,7.406802498877152,33.6388140161725
2000-01-01,2.1886212877514133,1.5372702345892053,2.792956891317555,117.96311146752205,-13.770491803278684,12.893982808022919,48.344707727523215,28.046011805660665
2000-02-01,2.5674315086640975,1.7231964850347392,3.2179720704310855,144.3796835970025,-10.445205479452058,13.226744186046524,64.57760914126214,21.48132309159991
2000-03-01,2.9308587389629492,1.9003973442677013,3.762135922330101,103.88813096862211,-7.36842105263158,10.601719197707716,126.62574651625746,11.921767673697659
2000-04-01,2.3502753405527876,1.706869262424826,3.013863773357439,48.44290657439445,-4.3010752688172005,9.052333804809054,187.72967793008627,15.931380278136942
2000-05-01,2.369824238035667,1.71787833170991,3.1325301204819134,62.14084507042254,-3.2490974729241784,5.914718019257226,235.41327319049407,10.98380399987322
2000-06-01,2.6849524210637243,1.7422748191978865,3.7349397590361377,77.92062604807153,-1.465201465201471,5.027173913043481,265.68909911846913,12.01829907551546
2000-07-01,2.668644412648824,1.7908752445257692,3.5992801439711952,48.33084205281515,2.6615969581748944,4.8714479025710355,210.2069302439195,11.584799306243788
2000-08-01,2.476447542551652,1.8720119082159314,3.3512866546977715,46.84854186265286,-2.2058823529411686,1.1749347258485532,215.75260909154585,9.299549160370102
2000-09-01,2.54853576697609,1.8494520840934614,3.45649582836709,41.87604690117255,-3.663003663003661,0.25706940874035134,224.43000103167233,10.335990888382685
2000-10-01,2.514239537035823,1.81866137479747,3.4503271861986873,46.11307420494699,0.3759398496240518,0.1280409731114096,199.09553238058447,9.100455022751142
2000-11-01,2.5653713928534216,1.9009975531714574,3.444180522565321,37.765318382058474,1.1278195488721776,0.0,203.32185123290478,6.802572291001363
2000-12-01,2.4853839158113455,1.8710211038147184,3.4360189573459543,9.125766871165663,4.816955684007707,0.7822685788787531,227.42444402204902,-2.5437201907790086
2001-01-01,2.7014770665975574,2.0065760686111433,3.7212049616065945,8.830022075055188,2.281368821292773,-1.0152284263959421,143.25637215681795,-0.203572366692939
2001-02-01,2.539329906228205,2.0348038848525762,3.529411764705892,0.8858603066439485,3.632887189292555,-0.6418485237483895,111.31280474878102,3.1533910123617392
2001-03-01,2.1091891196707513,1.9322287280428618,2.9824561403508643,-8.865841418534636,4.356060606060619,-0.2590673575129432,77.05146036161335,5.911825007807314
2001-04-01,2.3735358475994506,2.0268167274628768,3.2182562902282053,6.487956487956503,2.2471910112359605,0.5188067444876765,45.73981291088649,6.136604738459872
2001-05-01,2.556748762137473,1.9413249760598772,3.5630841121495394,-0.48644892286310304,3.3582089552238736,0.9090909090909038,26.59386362504359,10.379392572073165
2001-06-01,2.3917250926056566,2.0927053560332975,3.193960511033689,-13.289349670122519,1.8587360594795488,0.9055627425614388,30.9086205477358,10.431083380601258
2001-07-01,2.1019254864858006,2.122647357849594,2.7214823393167498,-11.15216661068189,4.629629629629628,0.6451612903225712,29.60763138948883,10.853907323368993
2001-08-01,2.095666739122093,2.041928253897507,2.7214823393167498,-12.011531069827031,6.390977443609014,1.2903225806451646,25.334960070984923,13.003923597637224
2001-09-01,1.3138964924565455,1.2179906859535627,2.5921658986175045,-23.612750885478164,5.323193916349811,1.9230769230769384,16.303621967119277,13.172759856630822
2001-10-01,1.5320653003102258,1.7874104136085034,2.127659574468077,-32.85973397823457,1.4981273408239737,3.7084398976982014,11.034942909720957,15.053493465009549
2001-11-01,1.321703359488069,1.8138160325083197,1.894374282433997,-42.819767441860456,1.6728624535315983,3.9897039897039965,24.810821143056305,16.054995767455836
2001-12-01,1.0623328220275674,1.7382425666449208,1.603665521191311,-32.0801124385102,-0.18382352941176405,2.975420439844756,27.851246386234617,15.359986365075095
2002-01-01,0.6661199772913795,1.4192567898813735,1.1958997722095743,-33.5023664638269,-0.5576208178438624,2.8205128205128105,42.44332197815106,15.589919062972957
2002-02-01,0.6776842847785458,1.4326612508564152,1.1363636363636465,-29.956095913542725,-4.612546125461259,2.5839793281653867,56.26591088649502,15.68792166539783
2002-03-01,0.9433843441022827,1.4482834480145756,1.3628620102214661,-10.352422907488979,-5.626134301270424,2.7272727272727337,24.580353082234275,19.74795841185597
2002-04-01,1.1881710966379133,1.570450635135634,1.643990929705219,-4.159066034294057,-6.593406593406592,0.903225806451613,21.080033782105435,14.413490863425515
2002-05-01,0.9881745106153694,1.6603635476393874,1.2408347433727984,-5.656424581005592,-8.844765342960281,1.2870012870012992,17.369792947425356,12.743525393909593
2002-06-01,0.9350941979094918,1.5933490761253166,1.0692177827799743,-7.536231884057976,-6.386861313868608,1.2820512820512997,8.650270377090695,12.223278031742769
2002-07-01,1.192116005910493,1.5370419833426574,1.465614430665152,1.8525519848771266,-7.964601769911505,0.7692307692307665,10.87609359811137,14.493352362352585
2002-08-01,1.4039174431419665,1.6879838846685757,1.747463359639223,3.3127047688387368,-5.65371024734983,-1.0191082802547768,10.66264313905949,11.317995090744915
2002-09-01,1.9327192530504966,2.4347380368322735,1.516002245929271,14.644513137557968,-0.9025270758122761,-2.1383647798742134,18.34910045387432,10.20547771668905
2002-10-01,1.759394918416679,1.804498521498843,2.0270270270270174,29.896443043674026,1.845018450184499,-4.685573366214535,28.070209445903636,8.108337475601047
2002-11-01,1.9297520143353175,1.6980515946446006,2.2535211267605604,33.55363497712251,2.925045703839113,-5.816831683168311,2.7404664738790885,5.036411336337232
2002-12-01,2.132436873596677,1.7690019588401773,2.4802705749718212,52.19865494050702,2.3941068139963217,-3.8944723618090427,1.3349437416565912,5.526651821990525
2003-01-01,2.344817214542627,1.7800604229607275,2.757456387169399,67.46314184036602,4.672897196261672,-2.7431421446383997,18.42951625406144,7.142125217747708
2003-02-01,2.6061606986462538,1.727236542149635,3.146067415730336,72.95081967213115,9.284332688587993,-1.3853904282115859,2.0945685670261893,6.92663777258391
2003-03-01,2.5890896386504103,1.7685468520348024,3.025210084033625,37.38738738738736,6.730769230769229,0.0,13.2026317317824,1.4720524157718406
2003-04-01,1.9893388337330231,1.5978279151349195,2.175125488008911,7.537114579368098,9.019607843137267,1.1508951406649537,2.835197479095042,8.202853750868
2003-05-01,1.8067576461238577,1.6308456636785706,1.8941504178273005,4.145077720207269,11.485148514851474,0.3811944091486774,11.6640407629647,8.98878982938054
2003-06-01,1.7883718622879075,1.5276230185830908,1.948775055679297,20.376175548589348,9.161793372319703,0.25316455696202667,8.964416812725284,11.77298472452657
2003-07-01,1.8623932681598676,1.5747560742299438,2.055555555555544,14.179658500371195,9.03846153846155,0.7633587786259444,8.370450969494382,10.94308676398228
2003-08-01,2.005705887438425,1.4893134599090807,2.216066481994461,11.310782241014806,7.86516853932584,1.9305019305019266,15.061055089523467,15.596508466055802
2003-09-01,2.1414041792516825,1.4654371291729307,2.378318584070782,-4.651162790697683,6.921675774134806,2.570694087403602,17.508759770513272,15.501069039244086
2003-10-01,1.968939971942607,1.5653830129158885,2.041942604856528,5.129982668977462,9.239130434782595,4.786545924967656,8.855826061949923,19.79343059963441
2003-11-01,1.9964840244397042,1.6054800385315149,1.9283746556473913,18.347925390178908,9.769094138543522,6.176084099868584,28.819325704765664,20.64245872628301
2003-12-01,2.123530784441363,1.6384482861046656,2.0352035203520247,9.27940176750508,12.230215827338121,4.967320261437891,30.019625942090023,19.248769950798028
2004-01-01,2.2127253134796243,1.8284791565249536,2.026286966046009,4.0376442015786385,14.821428571428562,3.9743589743589602,10.809832184388268,18.194763240669907
2004-02-01,1.999780511895044,1.85323515811191,1.688453159041381,-3.1502648452745863,15.04424778761062,3.44827586206895,18.700969988523642,17.91538894135376
2004-03-01,1.8961553898733996,1.86092762270047,1.7400761283306032,9.567809239940384,20.180180180180194,2.402022756005051,5.955644156491391,17.858876157920278
2004-04-01,2.2587719298245545,2.01258159114559,2.2925764192139875,29.876106194690255,21.0431654676259,1.7699115044247815,19.81391043442178,15.676431011282466
2004-05-01,2.7077793769668013,2.004959263195194,2.8977583378895444,43.141435678749104,17.939609236234478,1.0126582278481067,10.94849972230978,16.601219114194564
2004-06-01,2.89129322318884,2.1088531709504643,3.1676679410158393,23.76302083333335,18.035714285714267,0.2525252525252597,17.513031206610073,13.242700954096897
2004-07-01,2.684808358136448,1.9764800056504495,2.939575394665228,32.282184655396605,15.696649029982357,-0.2525252525252486,19.454637388038144,11.587475237278632
2004-08-01,2.392454566367608,1.900170497971665,2.5474254742547275,42.260208926875585,11.979166666666675,-0.12626262626261875,4.468846648365021,9.482392243296388
2004-09-01,2.2727272727272707,1.948006199802732,2.5391680172879516,62.42488511841642,11.073253833049401,-1.0025062656641603,-0.04128683867332672,9.924461827844633
2004-10-01,2.69966932972896,1.9831223628692163,3.1909140075716547,75.17309594460933,7.296849087893875,-3.3333333333333326,8.764538622506791,5.913661452336139
2004-11-01,2.965034290742108,2.062338331168001,3.621621621621607,55.8700546799614,5.825242718446622,-3.83663366336634,14.723780222173799,5.873997326203195
2004-12-01,2.7937462417318093,2.0656036659497,3.3423180592991875,34.774494556765156,5.128205128205132,-3.1133250311332406,9.282144949512361,5.887088658548856
2005-01-01,2.53261611817277,2.171099425160028,2.8448738593666034,36.67931135103588,1.7107309486780853,-4.315659679408135,12.887880654039986,7.87945264596408
2005-02-01,2.598955157862015,2.1745710227934145,3.0530262453133394,38.082901554404124,1.3846153846153841,-4.691358024691361,10.244422517863194,8.431794253421753
2005-03-01,2.747738069660288,2.2557701694442267,3.2068412613575736,47.742110990206754,0.599700149925031,-5.925925925925924,16.521636876763868,11.22649025593283
2005-04-01,2.84390116043558,2.108496580503072,3.3617929562433257,44.56255110384302,-2.526002971768204,-5.465838509316779,8.411146484088828,8.730705561272423
2005-05-01,2.5698881314870636,2.177385748020555,2.869287991498415,23.709036742800382,-0.1506024096385672,-4.8872180451127845,6.892376378272336,9.701506013218243
2005-06-01,2.339929186353573,2.0861022825772846,2.541026998411855,47.974750131509715,1.6641452344932084,-4.156171284634757,0.3299307210051561,10.996203218224544
2005-07-01,2.679680567879328,2.1147896753936246,3.067160232681121,44.26148930941265,2.743902439024404,-3.924050632911402,-2.2821137670599123,11.449390567037621
2005-08-01,3.0401210845581783,2.158987318401584,3.6469344608879517,44.57053849577215,4.651162790697683,-4.045512010113783,10.475335129561248,11.466900181455419
2005-09-01,3.830766507346417,2.1941190698317348,4.741833508956805,42.69858541893361,4.907975460122693,-3.544303797468362,12.678327913563404,13.135236439688192
2005-10-01,3.5511580629619566,2.2640555325702083,4.350104821802936,17.391304347826075,7.264296754250399,-1.9157088122605415,5.102653916956434,12.70392228661732
2005-11-01,2.9393517272056746,2.3062191080172934,3.3385498174230532,20.305406520841917,5.198776758409762,-2.0592020592020477,1.6553639130666875,14.0118731311218
2005-12-01,2.8839516572484847,2.2803541363631163,3.3385498174230532,37.15670436187399,5.945121951219523,-2.185089974293053,7.077804127352549,12.953019071152516
2006-01-01,3.2470643220190665,2.1432239657631857,4.018789144050117,39.859094790777114,6.116207951070329,-1.8041237113401998,-2.4743519090640875,13.669030502541869
2006-02-01,3.022499796091971,2.138543921613323,3.63825363825363,28.476130915155306,6.828528072837625,-1.4248704663212375,4.29243327987312,14.398774658290247
2006-03-01,2.9135687732341875,2.167365633559526,3.4179181771103018,15.816608359418138,3.427719821162456,0.0,2.781191192795607,12.685117505030185
2006-04-01,3.1023736981731,2.3612482829865167,3.613835828600931,31.391402714932127,6.250000000000022,-0.26281208935611255,-2.0156657963446456,16.24919802159457
2006-05-01,3.3217552390876426,2.408546601864736,3.9772727272727293,42.36403772827615,7.088989441930615,-0.13175230566534468,-2.0073535460925496,15.640349297536638
2006-06-01,3.512953727595658,2.5959470168685606,4.1817243159525175,26.12868823320298,5.803571428571419,0.0,0.5203614085667052,16.565291487490242
2006-07-01,3.4278142643161535,2.545783404928792,4.104669061056954,26.76320272572401,8.160237388724045,-0.13175230566534468,0.2221548400670681,14.43372673022516
2006-08-01,3.3360110167546475,2.6702209370623065,3.926568077511483,12.436509158072951,8.000000000000007,-0.13175230566534468,-11.31397498509582,15.889794448988859
2006-09-01,2.081131153317206,2.605716346587328,2.012072434607637,-2.59264907732194,6.725146198830401,-0.1312335958005173,-4.712392212537663,14.020900215270604
2006-10-01,1.6772392505759237,2.497134251871169,1.4063284781516971,-5.5956389289722575,7.925072046109505,-0.9114583333333259,-17.89638206907457,20.008214428559114
2006-11-01,1.9240828765721307,2.284497253671125,1.9687026754164672,1.8353344768439195,12.645348837209314,0.0,-9.335971470761617,18.311186835668902
2006-12-01,2.2868384543655695,2.3157376094600224,2.5239777889954462,4.374894834258791,13.093525179856114,-0.13140604467806183,-11.699082309423115,10.588223728956159
2007-01-01,2.133221673984864,2.500474844418621,2.075765178123423,-16.699740497633954,12.53602305475503,0.7874015748031482,-10.838023265105768,20.318232995769225
2007-02-01,2.3886809097797945,2.556694591006936,2.420260782347028,-3.845529774460499,13.06818181818179,1.182654402102501,-15.585313174946002,29.438629903917835
2007-03-01,2.5658102677563743,2.3783567312612552,2.798197295943927,-3.7201907790142985,16.42651296829969,0.9186351706036877,-13.588004944033072,27.1006625513619
2007-04-01,2.331486870638999,2.2114030320842026,2.5929247633283525,-8.207777299469077,19.94261119081777,0.9222661396574461,-11.193524521298603,23.29671156082407
2007-05-01,2.353231210569362,2.076442281099622,2.709885742672613,-10.544121793064553,21.408450704225345,0.79155672823219,-11.832970609698613,24.22535016837022
2007-06-01,2.3172626566359877,1.9873542036789704,2.692765113974227,-4.904171364148802,28.129395218002816,0.9198423127463773,-20.308884857036404,23.244444418825537
2007-07-01,2.1244360274048857,2.0405238557192007,2.3178905864958077,-0.3090982394839292,30.7270233196159,1.319261213720302,-22.27985033156744,22.892068367692975
2007-08-01,1.873466078825503,1.9857859531772437,1.897448478900876,-0.9034907597535891,35.66529492455419,1.055408970976246,-13.383928747244067,22.311439084638284
2007-09-01,2.534182514586014,2.1023725834797835,2.8338264299802685,25.144825426647888,43.83561643835616,1.182654402102501,-22.403170357886516,23.795239272688384
2007-10-01,3.0893201933057224,2.1841147318100163,3.610698365527476,46.39945652173913,43.65821094793056,1.4454664914586024,-11.035096789868126,17.92227870978522
2007-11-01,3.599241325449065,2.3353936524636243,4.373267326732666,59.373420919656404,42.58064516129032,0.3942181340341522,-17.840777559042444,17.326902808134136
2007-12-01,3.4719674482206697,2.4045091386669437,4.108813392417532,47.88005803643398,45.547073791348616,0.39473684210526994,-24.53772880089653,26.875478758792482
2008-01-01,3.3884031956032734,2.1931306613182766,4.294695655165981,70.33168407549937,53.64916773367479,0.26041666666667407,-19.9750336086038,13.7477738077304
2008-02-01,3.2729843475571396,2.072026017250561,4.142959270611968,60.901113736078294,60.80402010050252,0.2597402597402487,-19.29041722102821,3.530216252127749
2008-03-01,3.1905878209572913,2.168810848400571,3.9749035501344343,74.30647291941877,63.49009900990099,-0.6501950585175664,-17.26465791514049,4.750792802180026
2008-04-01,3.1403034894700976,2.083265518700572,3.9037609759888126,75.97311239643582,55.98086124401915,-1.5665796344647487,-16.00737074717067,4.456448294614845
2008-05-01,3.282278106832792,2.149080977978146,4.088413823123993,97.589032461393,50.81206496519721,-2.7486910994764413,-5.651021065893181,0.7180253806763348
2008-06-01,3.8117816719835718,2.2147926945382146,4.935966105947864,98.47362181387078,45.44456641053789,-2.473958333333326,-1.8975240604765409,-0.9093412129393963
2008-07-01,4.135395758792204,2.2449574884132906,5.497512078341837,79.88676193043945,36.51626442812172,-3.124999999999989,8.975642308975651,0.14457942019960868
2008-08-01,3.9810757189264523,2.2178833022297617,5.308017162091239,61.0857853294654,22.44691607684528,-3.2637075718015662,1.73327479970522,-0.8651556345355971
2008-09-01,3.6671444705064893,2.0440217742109024,4.953319875136075,29.98874014762918,7.428571428571429,-3.116883116883118,9.287996348699235,-1.6659922117650217
2008-10-01,2.671949938830953,1.6341903085969278,3.7310578899565128,-11.078886310904867,-9.293680297397767,-2.4611398963730546,19.925732269828302,-2.532983782830367
2008-11-01,0.9261652451107105,1.3900341618565237,1.0999174706166848,-39.29401817797506,-19.004524886877828,0.0,18.233247665015995,-3.515266290470731
2008-12-01,0.12893243940175214,1.1371530560988496,-0.02222800255385904,-55.28180529815763,-24.825174825174834,1.0484927916120546,37.53922582584175,-1.7232881613687523
2009-01-01,-0.11146001907681446,0.9055710217273027,-0.11358601902212717,-55.094136632598165,-27.999999999999993,2.0779220779220786,38.17226235330822,-2.9022275451622948
2009-02-01,-0.13156205878578353,0.8876433229615177,0.008463140671510772,-58.930256948086004,-34.21875,2.9792746113989743,37.32627734758056,-2.8161990734449804
2009-03-01,-0.5258105802047885,0.7625388182243675,-0.4464787676623838,-54.54717696097007,-36.411809235427704,5.759162303664933,35.53343781809954,-2.984033082799309
2009-04-01,-0.5674196776460083,0.9289669759680264,-0.5763244243767063,-55.76974327085369,-33.12883435582822,7.294429708222805,36.418196489812395,0.9083527187297769
2009-05-01,-0.8893647243393366,0.8222375470797294,-1.015761495855172,-52.81920408326023,-28.230769230769237,9.017496635262457,26.811014758285534,4.876095296033434
2009-06-01,-1.0187221772029353,0.719797609848527,-1.2291746182109153,-47.972821623236015,-29.58490566037736,8.544726301735661,32.105538995709004,2.358406688046011
2009-07-01,-1.466536773409588,0.6255217083505071,-1.9587610037622771,-51.97092326139088,-30.284396617986165,9.946236559139777,25.80920304435306,3.844697424510546
2009-08-01,-1.1007904723963624,0.6511392298194307,-1.4838355663267633,-39.06183003172969,-22.791081750619323,11.470985155195667,23.403173233261153,4.0440221121255115
2009-09-01,-1.0223642172523917,0.7242709848820361,-1.377942862886472,-33.147256977863336,-17.553191489361698,11.528150134048264,0.7610832295274372,5.756225115064195
2009-10-01,0.012653556176522862,1.2394556530368916,-0.22396829420033848,-1.0828440965427455,-2.868852459016391,10.889774236387773,-1.7800858106888473,5.834570069947076
2009-11-01,1.4597293951940093,1.374145779862035,1.9145871744709275,35.93314763231199,10.391061452513961,8.6387434554974,-2.360597505533679,7.28357011577625
2009-12-01,2.0903081809597435,1.5100759793302387,2.8141231232083674,81.13115553388587,17.093023255813968,8.041504539559007,-4.683342545342361,7.966394208654259
2010-01-01,2.3014280656201924,1.6902391069956169,2.6211113889767157,87.39817920459988,17.476851851851837,6.488549618320594,-1.0884353741496544,10.793557962338674
2010-02-01,2.1163341151774206,1.698406159890986,2.151336357866529,95.14811031664966,17.5771971496437,2.515723270440251,7.208549302537448,10.47956184131369
2010-03-01,2.3727577814232292,1.777402501451264,2.2861714393279886,69.3205502292622,14.642857142857135,-0.7425742574257432,5.056447671161046,14.466372126714845
2010-04-01,2.2815601546021913,1.6017776467243117,2.2067707525304403,69.67262502510545,11.009174311926607,-0.988875154511748,14.22665039989155,7.820066565347883
2010-05-01,2.207533850991461,1.6363253709354764,2.003548929218568,24.81406355645708,3.2154340836012762,-1.2345679012345623,17.216426682339115,5.849745344882762
2010-06-01,1.5618853199791616,1.5564733949196663,1.1215605940686268,8.137198622273223,2.6795284030010746,-1.4760147601476148,1.5614733266386294,11.923313397797774
2010-07-01,1.6382637168706138,1.4700786492077178,1.3407784804821077,19.160555468871898,10.253583241455333,-2.0782396088019572,-3.8754164855859696,8.983418229110217
2010-08-01,1.4829969470827598,1.4175771174534058,1.1501775395112546,8.105826062482402,15.187165775401068,-2.9055690072639306,1.5279998001798356,9.077060286614858
2010-09-01,1.4192128184232988,1.2978721177295816,1.1183122472331775,8.422113446587986,22.688172043010745,-2.8846153846153855,17.947948377138466,7.566456593322735
2010-10-01,1.3579765306230174,1.079328001001123,1.1666951489314625,8.018992350303368,26.68776371308017,-3.4730538922155607,12.763475974383987,9.263994842591616
2010-11-01,1.3072651550208203,1.1210902498489217,1.084544776600338,7.761270491803285,25.607287449392715,-3.614457831325313,14.228409306871548,13.489599503259875
2010-12-01,1.4767710742064288,1.0555902560899444,1.437793022217937,19.838492597577396,28.401191658391276,-4.201680672268903,13.507791270809877,10.1622034041992
2011-01-01,1.5595502789780502,1.1247284331763696,1.7007834915029774,14.318588596266935,31.72413793103448,-4.8984468339306915,-0.7802393982849876,12.807629102136353
2011-02-01,1.8459279458807432,1.213065378823286,2.124898173333145,17.220622873593292,38.989898989898975,-4.049079754601226,2.110177082615583,11.924468060018034
2011-03-01,2.111436950146617,1.2143649731926942,2.619241510354109,26.71097981290005,39.460020768432,-3.8653366583541127,7.2567787618653234,8.68802805675115
2011-04-01,2.487124733073731,1.395136715106049,3.0772344447868694,30.255681818181813,40.90909090909092,-4.744069912609239,-4.262526768905461,15.39596332129236
2011-05-01,2.76679014671104,1.524046176942595,3.4589718808964998,37.22914409534126,40.394600207684306,-4.374999999999996,-2.5524113941900795,11.701135525129125
2011-06-01,2.788886329850726,1.5853961420647433,3.5023181506360412,27.79031187790313,40.91858037578289,-2.7465667915106073,7.593947790846012,12.869427992129513
2011-07-01,2.875402702815766,1.7343971521115886,3.5798809769996165,27.26201387979572,33.19999999999999,-3.1210986267166008,13.266862382224032,11.71451585636294
2011-08-01,2.9759231211155868,1.8392159295329114,3.75499603070808,12.379588648789387,23.4911792014856,-2.3690773067331583,7.191049935113258,11.389640794893019
2011-09-01,3.018887613482213,1.8505698432543571,3.812621692818685,13.67680254946222,14.285714285714302,-2.846534653465349,11.355677535836751,10.36607925719817
2011-10-01,2.6941280490976105,1.7445939253879272,3.5222681306640524,5.506715506715487,4.662781015820161,-2.6054590570719682,10.8123186089224,7.021201274436528
2011-11-01,2.700177520321412,1.8278484142848272,3.451432214581729,15.53363441882576,1.6116035455278066,-2.375000000000005,-7.2372916604771405,6.610728283785883
2011-12-01,2.526283080428815,1.975812266930399,3.062066838419386,10.703054806828384,-5.568445475638062,-2.2556390977443663,7.244861589639995,4.8832208223066775
2012-01-01,2.569318944596488,2.0609972965471846,3.0087663379855023,12.100201297248937,-8.451757666417336,-1.8844221105527637,19.119590353485293,2.3674672999924873
2012-02-01,2.5127439369754256,2.024565688075275,2.8981784423473878,14.143782094217471,-8.866279069767435,-0.5115089514066473,4.729209192997841,4.69394742058129
2012-03-01,2.2965044719783334,2.04405737704918,2.5828752813320977,3.157178939187877,-6.329113924050644,0.25940337224383825,-2.7936034363279627,3.850324897552815
2012-04-01,1.9998365812803787,1.9647530258423362,2.2731633741348567,-6.0977826245001925,-8.797653958944284,1.4416775884665833,-2.315740839864544,1.4539707279485503
2012-05-01,1.576278435126155,1.8254688599487867,1.7379429374660749,-6.542978387446952,-11.982248520710048,1.6993464052287521,-3.027671924493114,4.803038713317775
2012-06-01,1.5460452610351672,1.8194042622549977,1.653870448297634,-14.414788659258504,-14.148148148148143,0.7702182284980763,1.3603126790444842,1.9636125515459346
2012-07-01,1.4102264292904065,1.7739983114465563,1.4175114798464783,-9.527729190245903,-8.333333333333325,0.773195876288657,-3.873972165305095,2.126598954948866
2012-08-01,1.512415807839007,1.6354499771585207,1.6859349154821235,9.06984825668944,-7.218045112781946,0.638569604086836,20.225151047434366,2.1177747180099793
2012-09-01,1.6774206618518583,1.6921641033964985,1.9497168982819613,10.641280224272865,-3.9877300613496924,1.6560509554140124,18.09659570069151,3.708670095517985
2012-10-01,1.977209420106374,1.8890883095549427,2.1556780595369363,3.6569841453535368,-1.352426412092289,0.3821656050955413,15.681638194365878,6.641888415171993
2012-11-01,1.6992155911369933,1.7839073946654738,1.7960197033926262,-10.852792922538834,-1.9825535289452856,0.768245838668391,36.35909425743844,2.5765921206892806
2012-12-01,1.625515234785424,1.6890253757879448,1.7595049796895523,-10.469716952419594,0.6552006552006606,1.1538461538461497,11.431515044090945,8.232344848670126
2013-01-01,1.4739788367246431,1.5943517847071043,1.684061762098299,-5.536711891460488,0.8169934640522847,1.0243277848911658,9.692851695209036,5.72723509219808
2013-02-01,1.618363554171487,1.5750407338120942,2.0181404902574807,-6.777506112469444,-1.674641148325362,0.6426735218509005,13.099156469305907,3.298079239957308
2013-03-01,1.2914222690128874,1.4960590391083883,1.5187472411246183,-12.374046520387981,-2.30524642289347,1.0349288486416475,1.8252266567986286,7.639831034379441
2013-04-01,1.079446458254063,1.4206083451967944,1.138808047576867,-10.897125713732702,-1.205787781350487,0.7751937984496138,15.317440633093216,5.348897423725885
2013-05-01,1.2590973795536975,1.4271835908940878,1.3903888279197085,0.10559662090812161,2.6050420168067134,0.12853470437017567,16.462167689161554,4.228366826142338
2013-06-01,1.5285244323196778,1.4887443721860905,1.7157935271568725,16.24802815192332,4.3140638481449445,-0.3821656050955302,22.543527291653852,4.6009980472987655
2013-07-01,1.6182073390816232,1.5131980050573146,1.885471805415806,18.969634936881597,-3.439803439803435,0.0,24.17615272179654,5.281622620458837
2013-08-01,1.4339245565825554,1.5671820688001992,1.538809488600279,13.179694137638066,-5.834683954619124,0.12690355329949554,9.424336139587265,5.346036905245577
2013-09-01,1.1665786668526135,1.5552673583399956,1.0947341081747997,12.214949324324342,-7.028753993610226,-0.5012531328320802,8.019976227552084,4.330133371118872
2013-10-01,1.0379729233091828,1.5256463844270707,0.8767991434911471,12.247404264820826,-4.193548387096779,1.0152284263959421,5.920724491692009,4.130604296896889
2013-11-01,1.2643004105000522,1.5935819307890453,1.2328701961954458,8.308331410108472,-3.9644012944983764,0.3811944091486774,5.399831827769086,3.046679231774485
2013-12-01,1.4822104917837198,1.65799094015735,1.5128383667573297,10.628895184135967,-3.82424735557364,-0.3802281368821214,18.703709226838438,2.177605537791738
2014-01-01,1.479357456814867,1.5415729000406442,1.557758795574915,-0.0739254409124479,-5.834683954619124,-0.5069708491761693,32.70923817349454,1.201192627246872
2014-02-01,1.1684922298232259,1.4822956273764287,1.1204746347724948,5.770037767519942,-3.8929440389294356,-0.8939974457215838,28.56668106742881,2.624618345253338
2014-03-01,1.5046078615760905,1.581837067814229,1.6126949139408042,8.32885545405695,-0.6509357200976451,-1.0243277848911547,32.62751720894437,-1.1776961369022065
2014-04-01,1.7811856078617794,1.6962723525399737,2.015125303606169,10.861301183881821,-1.1391375101708734,-0.6410256410256387,16.42099366268688,3.559651817716336
2014-05-01,1.8899118899118772,1.7665297416857628,2.166947687079812,7.784810126582298,-0.6552006552006495,-0.7702182284980652,4.647035094796292,4.485190053629107
2014-06-01,1.785079227091324,1.7173051519154603,2.0589816945944195,10.42797494780794,-1.3234077750206907,-0.2557544757033292,12.998602497236966,4.038530945476726
2014-07-01,1.8114726601811348,1.7741983124440086,1.9742378703305974,-0.9750501864066452,-1.2722646310432517,-0.6393861892583175,15.387324885635035,7.516092310876532
2014-08-01,1.6422027386464366,1.6944485420661737,1.7150983482969062,-9.411654311719985,-2.753872633390708,-1.0139416983523497,12.573327692462023,7.5663373637970155
2014-09-01,1.6277695716395923,1.7063035982671781,1.6840509711232077,-12.305955405024005,-6.099656357388328,-2.770780856423183,9.461499748364366,6.713494471913917
2014-10-01,1.430369045044344,1.5821202764299436,1.6095417021513292,-16.053312114581264,-7.912457912457905,-3.8944723618090427,28.43312866441994,6.897136639512791
2014-11-01,1.1945308742552507,1.5128089711724746,1.231524989320798,-19.252077562326864,-8.845829823083406,-3.544303797468362,16.983402563599736,8.413589315386139
2014-12-01,0.8385251361623602,1.4697116277251787,0.6531213919623191,-39.27071596845232,-11.082910321489003,-3.053435114503822,-1.8341631735210528,7.49752122165992
2015-01-01,0.18283501828348925,1.357077304590626,-0.22993097820542818,-50.09511731135067,-13.339070567986234,-2.675159235668789,-14.697407320466894,9.752214672051206
2015-02-01,0.28923762434287514,1.3962474021602223,-0.08703146293520536,-49.8313826621702,-16.87763713080169,-1.4175257731958713,1.902447850699196,10.057473597051626
2015-03-01,0.2808577864895634,1.3595107319543498,-0.022031284423873476,-52.5595238095238,-21.7035217035217,-1.293661060802076,-9.334628186426608,16.903510818922875
2015-04-01,0.16351638083742515,1.3384655760650732,-0.10403098939391064,-46.654256882531584,-22.057613168724277,-0.7741935483870921,-0.5507890203087396,11.4190218143702
2015-05-01,0.23027817992791189,1.2846760656310297,0.03503321824429584,-41.99451947543551,-21.681780708985986,-0.5174644243208237,12.648578049676429,20.905798703360578
2015-06-01,0.3115446207599293,1.2899786780383726,0.1795718097550525,-43.454012666603646,-20.78792958927075,-1.9230769230769162,-9.225459130884639,18.699858047434482
2015-07-01,0.24324062409148972,1.1937815012237563,0.22568611104094582,-50.86398300994305,-19.415807560137466,-1.5444015444015302,2.306090195638988,14.494555926878473
2015-08-01,0.2568401872510284,1.2291118675537671,0.2413037985344868,-55.59353635798634,-20.707964601769913,-2.091627772087057,-5.426431673685728,14.898780958684977
2015-09-01,0.0833309109231406,1.2343532684283565,0.008842961634170088,-51.20695204377213,-18.57273559011894,-0.34243523316060953,-4.748100526008181,14.522357844833422
2015-10-01,0.09401320061641627,1.1579770141562529,0.12761656067050708,-45.236966824644554,-17.367458866544794,0.44255955555556614,-9.938209698812727,13.311788838145366
2015-11-01,0.2318182699955429,1.1567379988432602,0.4363182169185187,-44.003166644676085,-18.94639556377079,0.3625240551181186,-13.230061186080356,14.138789692114662
2015-12-01,0.3040606178356331,1.1286920847096926,0.6387247515364791,-37.274413897790524,-17.126546146527122,-0.08557276902887434,-0.07209251730859734,14.208058660558764
2016-01-01,0.8207680671448836,1.3369808122062121,1.2375025026943876,-32.90978398983482,-15.690168818272088,0.11263722513088492,-3.1438815351298777,13.30793885757302
2016-02-01,0.5923962819338602,1.39434180138569,0.8472775790126619,-40.055357848952156,-12.690355329949243,0.1571963006535837,-9.554973347683182,12.544948276434331
2016-03-01,0.6321051044918313,1.3845119139123785,0.8916160965521946,-21.47636971978253,-8.577405857740573,1.1423328964613289,13.218842917905583,7.620139179994423
2016-04-01,0.8871829754154126,1.4675414364640815,1.1726257503534843,-25.160697887970617,-5.807814149947199,0.5235500650194957,1.689167296684313,10.195610222802864
2016-05-01,0.7958819651789462,1.4973415720649363,1.0784764621246223,-21.191159102412694,-4.631578947368431,-0.444511092327704,-7.634924596816395,2.291797413649821
2016-06-01,0.7924068268895912,1.4984068662628802,1.0792865347959424,-18.488799732530925,-0.7407407407407418,-0.09304139869281691,10.102048994202972,5.057244167492492
2016-07-01,0.7511528310824467,1.5812165999063321,0.8683633430518256,-12.278978388998041,-0.8528784648187626,-0.5990470196078457,4.51010534028804,8.10148500734751
2016-08-01,0.9009879932715847,1.6975706684244196,1.0553158595656864,4.315372055050148,6.36160714285714,-1.4661460621330002,5.271998066374173,6.3528241204307
2016-09-01,1.2256871496480803,1.6839353521476141,1.5486446201652182,-0.659630606860151,7.977528089887631,-2.1786391846483677,13.970973231232398,8.72840349092019
2016-10-01,1.4640664639696377,1.8201070314512124,1.685924966243646,7.7022933794894,6.084070796460184,-2.4139804114382435,15.997940539051946,12.25984640081974
2016-11-01,1.4409166126363226,1.7619592147894103,1.6843334719788938,7.587181903864271,9.236031927023935,-1.8737191284576182,16.031472830095893,8.50234062127937
2016-12-01,1.708424936805697,1.8284147073108103,2.0507989115119862,39.74186609303576,9.184845005740527,-1.433522873196258,1.7173812816966283,6.501941423245117
2017-01-01,2.0366677637310593,1.9010684004410416,2.5103933482571117,65.71969696969697,15.076560659599526,-1.653495598178778,12.075369145755976,9.695937467013627
2017-02-01,2.1890315956684114,1.8867029202137342,2.8103616813294208,76.35224274406332,14.06976744186046,-3.275236364629819,-2.313366160108643,12.573215774657399
2017-03-01,1.9008320367990272,1.6925540887595902,2.44119623655914,31.371504660452732,10.068649885583515,-4.634623229270862,4.915226957788166,12.45022541576577
2017-04-01,1.83870625969198,1.7024937137239293,2.176223471915395,25.300613496932513,6.614349775784745,-5.081204024029717,14.132166450708405,14.579284958334648
2017-05-01,1.6599824961289533,1.6526975497413776,1.8563431667619756,3.789338471419379,7.505518763796926,-4.133220268859306,11.498781779430157,14.136437663568069
2017-06-01,1.577153827693789,1.6959378564627592,1.640565809959127,-7.342083675143563,4.47761194029852,-3.913000187229232,10.527039431915153,13.340285002608132
2017-07-01,1.5601911378072764,1.5876601070988317,1.7251073506566073,4.434490481522957,7.741935483870965,-3.9169367766807683,8.597697161567307,12.527537501300067
2017-08-01,1.6287581198382695,1.5048470729691177,1.92812155729698,7.423971377459759,4.197271773347322,-3.4420225558606243,26.770829279682438,14.488821389060558
2017-09-01,1.879393620582448,1.5838016870115101,2.1805652303711787,10.27003098716246,3.9542143600416413,-2.9772457931883323,18.308939120946953,13.903619531630774
2017-10-01,1.8189452789494798,1.6948199780769668,2.020757753132485,3.615910004017664,3.1282586027111536,-2.0637692188740564,19.216265130714238,10.686638922910753
2017-11-01,1.9594375441207346,1.6968039779378108,2.172493864295566,24.047306176084106,3.2359081419624403,-2.2874218119019796,35.4611297793116,13.01316096450893
2017-12-01,1.8835045754497015,1.720767986233862,2.129930719552253,11.37194535308832,1.3669821240799296,-2.1793844915538374,32.590074493757214,12.26301540194239
2018-01-01,1.844227302912449,1.73127868363121,2.10370333883374,21.333333333333336,-0.92118730808598,-2.3750502907177617,29.68653557887311,11.339686174781649
2018-02-01,1.9639438114917196,1.7846996469722542,2.226584592182146,16.38301851505517,-0.20387359836899765,-0.6946215030964265,44.55600260849235,10.051534974570586
2018-03-01,2.1773765268189083,2.082809136403041,2.3325898348449225,27.163997567403197,2.9106029106028997,0.4540500286329907,31.39003217840306,10.634477240227703
2018-04-01,2.1526122649718094,2.0123249091432927,2.437825818102879,29.749314531923222,3.680336487907465,0.8876219470684177,39.54141075749118,6.495003836681601
2018-05-01,2.3651173571232587,2.107726162731316,2.776593826330709,44.34818481848186,1.3347022587268942,1.375036173959221,43.627230615874744,8.548253647324788
2018-06-01,2.384282447220687,2.067188253179575,2.8485069400359553,50.22133687472334,-1.0204081632653073,1.9261556605707497,35.875661772507584,8.533538195328472
2018-07-01,2.440383961301551,2.125176017194108,2.8987524719234603,52.21960111516191,-5.0898203592814495,2.4414604461866274,35.44120974934442,7.238960273582751
2018-08-01,2.2785979599147854,2.025763941586911,2.67799969818463,41.67360532889259,-3.3232628398791486,3.0997206258009946,17.345125136986095,8.024436374766974
2018-09-01,2.0653398422831426,2.039402588046224,2.3551849372045464,40.96748293857888,-5.705705705705711,4.827088204508345,8.677001486515179,7.778630585441038
2018-10-01,2.113560529374281,1.9300573028946166,2.5285249730360837,37.165568049631645,-5.662285136501522,5.183472401894451,2.2408025790586983,10.2194519536835
2018-11-01,2.0050523952095833,2.0598337031887404,2.1728053574028294,0.5649717514124353,-6.774519716885741,5.0189787479056,8.51428172358406,10.548591502357162
2018-12-01,1.8645731108930308,2.0566521711149255,1.9152155929057058,-14.443676572218378,-4.356846473029052,5.302026689225547,7.237069088307813,10.994485685947698
2019-01-01,1.4680403152188104,1.833852924995405,1.4983336214486442,-19.34065934065934,-3.615702479338845,5.251842168669163,12.09368076920898,11.440681499485738
2019-02-01,1.3590644579545286,1.6682986648119957,1.4817249908795294,-11.698537682789645,-3.9836567926455624,5.139290421076237,6.467208579818706,10.773824617801475
2019-03-01,1.4747920997920883,1.5628708623176557,1.879950797536667,-7.301131834847762,-5.858585858585852,4.024987308537131,12.293501692994212,8.420241796718875
2019-04-01,1.6211762091697057,1.6901742109483253,2.0056287128317196,-3.6075471698113204,-5.070993914807298,3.265150229283642,3.2573263835167676,13.911521340803358
2019-05-01,1.5008826002975928,1.6140912438960209,1.8127514664306066,-13.075164332666489,-4.457953394123615,3.0553293418454475,4.836426977301178,12.09131639141292
2019-06-01,1.457435319961986,1.7174359253810056,1.6896439124236329,-19.463680565787545,-1.6494845360824684,2.935400804177868,10.80285641967398,12.459579733200243
2019-07-01,1.5189943464266165,1.7344291442152437,1.8211624085340272,-19.20259227951536,0.0,2.554625390300025,-0.39067298950834495,14.684865826308858
2019-08-01,1.5134895982155117,1.8522045951363753,1.759689214257043,-19.46811636791067,-1.9791666666666763,2.2680281951472647,15.778500367544158,14.009479216635047
2019-09-01,1.3750919793966254,1.7126046616881663,1.7273300322313334,-18.909298020788835,-0.849256900212314,0.6738781348802236,23.098997297840505,14.758201530379921
2019-10-01,1.4061883301054623,1.7163619273144581,1.7570848921546256,-23.731448763250885,2.036441586280824,0.500784066126525,24.627166920256215,15.168715864029725
2019-11-01,1.417132164772572,1.5680542774138884,2.03081648242478,0.1228932584269593,6.941431670281983,0.047523828681006464,19.16700561713871,15.70572721080119
2019-12-01,1.6506101477199886,1.6377493108480579,2.261721394886562,20.92084006462036,9.54446854663773,-0.5355046901163507,27.645789611945926,15.3506365316467
2020-01-01,1.9021389883411288,1.7828200972447306,2.460490355289746,11.950175165434018,9.86066452304395,-0.4339499996980023,25.47242054716625,16.30552804023162
2020-02-01,1.8663560658864986,1.9073594008785166,2.319710826238963,-8.02547770700638,5.7446808510638325,-1.1534414377217472,38.80623266151275,15.190233093442739
2020-03-01,1.3436016573221243,1.7042083880130177,1.5306383296693093,-49.76784178847807,2.145922746781115,-0.05239826181440144,14.364402696273615,18.995549844351235
2020-04-01,0.41363350613616845,0.9148171709659758,0.3648648119045417,-74.0839336047604,-1.175213675213671,0.8245876440042599,13.57078087984933,20.574390020604973
2020-05-01,0.5080717856264849,1.0022909507445554,0.2424361108391171,-53.04948216340621,-3.3934252386002117,0.40451577206273015,32.8661180196786,25.749849643942824
2020-06-01,0.9079330422125276,1.132173183210261,0.7268141963729713,-29.912184412733257,-2.2012578616352307,-0.09819607435033184,15.310831532978675,26.524300748195383
2020-07-01,1.0420262732343755,1.3018279090503793,1.0328253223915507,-29.014821272885793,-1.1566771819137678,0.2612950866458075,21.49111988159842,25.52321099040902
2020-08-01,1.298430079994195,1.497920544309772,1.3275873510318892,-22.751322751322746,1.9128586609989506,0.4479900482729171,21.32390986549415,26.779217631307528
2020-09-01,1.3800299414780115,1.5698559185525873,1.4006453724921597,-30.412642669007905,4.925053533190571,0.6653575165776138,21.53158873418295,30.214341422715574
2020-10-01,1.173073615800302,1.419051004087435,1.1841977419793537,-26.982950333580437,6.512605042016806,0.2370272474639279,40.64210125756533,24.738410366571962
2020-11-01,1.1052022284928853,1.3839539511085963,1.1377566062035438,-28.213221111695606,7.099391480730222,1.0970240308517676,26.92170599405066,25.22519219779391
2020-12-01,1.291644477339804,1.4801815216620495,1.278154439466772,-21.476285905143623,7.524752475247509,1.46466835614385,18.555919112971296,25.914877509673918
2021-01-01,1.412587160591694,1.5092002830856321,1.3599709295582851,-9.596662030598058,10.73170731707318,1.227449024595928,29.480545378003995,25.684517838205245
2021-02-01,1.6268873063175926,1.487435410502136,1.6752442984166338,16.818361693707963,17.303822937625736,1.26539734519715,22.413313136316425,26.52279450021662
2021-03-01,2.451219292070528,1.973486522315504,2.6583773943021027,113.38582677165351,25.210084033613445,0.44077152243171547,23.64002448088982,25.162431784627692
2021-04-01,3.582154555270267,3.0827147778527575,4.151991065780525,272.93051359516613,31.999999999999986,0.11988139097542927,39.06032482598607,18.253152050009902
2021-05-01,3.9697422657063886,3.4572582931670093,4.944440971462516,128.18627450980395,40.614709110867175,0.21136096764768908,10.989141967263727,15.043556098132882
2021-06-01,4.030004147207844,3.586279962918826,5.341015562734963,86.32210910989295,34.29796355841373,0.5338104610867367,4.734497234960888,14.68278905947431
2021-07-01,4.159286465685419,3.6035560249978005,5.276104941924564,78.06435765168263,32.55319148936169,0.6382857873411973,16.36059083295265,14.576442969725068
2021-08-01,4.237067845074094,3.599161190127309,5.205331689652515,59.96693434104865,33.47236704900938,0.43087027147543644,0.837121642434524,14.275046805501956
2021-09-01,4.436349967781195,3.7027626148899095,5.389907375379521,80.79737572546051,31.83673469387753,-0.32667266340010714,4.929001921892784,12.213518496915587
2021-10-01,5.058376202191894,4.186197289222604,6.236940757128817,106.80203045685279,31.360946745562114,-0.6410276054513719,-4.571618152477475,12.95309982778734
2021-11-01,5.649879237856692,4.68659645679641,6.828372091239299,93.33170493404985,28.12500000000002,-0.7383349042659804,-9.912311159221954,12.987869561623434
2021-12-01,5.782391730529324,4.889339179345642,7.096542337630551,52.50957039557633,23.112338858195216,-0.9717009459410453,-15.093397516291173,12.077674681586469
