;core_pce;pce;cpiUS;gpenergy;pet_wti;food_imf;fao_Index;IGREA;USPHCI;GEPUI
1993-01-01;2.814310946326648;2.7044974343495287;3.2537960954446943;2.2587505987587297;1.3549415515409002;-2.526322103474743;-5.401234567901236;-0.23727484687634307;0.025046670815183525;
1993-02-01;2.732447265369098;2.5983019208767333;3.2467532467532534;5.714394521711541;5.569886812319025;-3.016986252304532;-6.849315068493156;-0.19720459033383597;0.028771384136858646;
1993-03-01;2.6980323821970575;2.560482962651478;3.0194104960460155;10.127441760948908;7.56502431803765;0.614147540475174;-4.841149773071097;-0.046592827036593044;0.028247710693776185;
1993-04-01;2.660259657553099;2.555077955338536;3.1563845050215145;4.956868046938179;0.13337943980635814;4.504584550868107;-3.100775193798455;0.028150523773833;0.02849620566826716;
1993-05-01;2.863213273978138;2.7371853358661102;3.2211882605583497;-1.7031071266292885;-4.775549188156636;3.4130748514556553;-4.320987654320985;0.14093807377766074;0.030162412993039345;
1993-06-01;2.8811992721180735;2.590480172001919;2.9978586723768963;-9.8709066313871;-14.77094972067039;3.0349750641808892;-6.249999999999989;0.07889131140101835;0.0318146718146719;
1993-07-01;2.7077967857502605;2.4152863967141336;2.8469750889679624;-11.641303996393004;-17.89144721724344;2.6480397103658015;-3.881987577639767;-0.13435683195048048;0.03281972265023114;
1993-08-01;2.8044906349274923;2.4536686135508967;2.840909090909083;-10.032845399257562;-15.648711943793913;-2.0117408411594706;-3.6624203821655987;-0.12176310371035343;0.03319502074688807;
1993-09-01;2.7913318025258205;2.3932816000712176;2.7639971651311157;-15.371903633373451;-20.03470002739477;-2.0974506230893253;-4.094488188976375;-0.08159134948379314;0.03498542274052485;
1993-10-01;2.56762166180593;2.3538108967250615;2.752293577981657;-15.060095387404992;-16.33622279601623;1.054648445734374;-0.4878048780487809;-0.14750509603035356;0.03363914373088672;
1993-11-01;2.606239568622404;2.3462401133278243;2.7445460942997935;-13.92290992823133;-17.90876020057024;4.180322286187055;0.9615384615384581;-0.2511538820299504;0.03634142617193481;
1993-12-01;2.461875809827574;2.191909966708905;2.8109627547435068;-18.25522992648777;-25.233163291595815;8.323044536595138;5.40983606557377;-0.34731780505584015;0.037454323995127714;
1994-01-01;2.2474621991907417;1.9764297889848903;2.450980392156854;-12.585637594257692;-21.363040629095675;8.073549043767937;5.220228384991854;-0.3563893345943553;0.03687964789801179;
1994-02-01;2.2715034717302185;2.060040496522597;2.515723270440251;-13.104629641556208;-26.295317408866513;9.610901898328184;4.738562091503251;-0.46927828575567027;0.035978835978836;
1994-03-01;2.399502283556987;2.131958883650098;2.6517794836008246;-19.67549882320212;-27.950066348847503;5.024402754435697;2.5437201907790197;-0.4809976689366742;0.03894339622641496;
1994-04-01;2.254367043099448;1.9817451624680515;2.364394993045882;-15.842396454236718;-19.19092254563395;2.929893785765647;1.9200000000000106;-0.25415251692551233;0.04050594789941275;
1994-05-01;2.1371664629262765;1.8140259437739337;2.288488210818307;-9.78665328302737;-10.330992978936827;0.8709543967229783;5.806451612903207;-0.014763178562920077;0.042342342342342354;
1994-06-01;2.2656765444923455;2.0273318682598074;2.494802494802495;-2.693152846987823;0.0;0.7608755453021754;6.016260162601639;-0.18804642820241763;0.04295764107169586;
1994-07-01;2.267983469916657;2.186864283638501;2.69896193771626;4.06026795466512;9.985447218179777;-1.42358160751479;3.2310177705977328;-0.11425324778119642;0.04356258391764878;
1994-08-01;2.192455046282049;2.2454959528852125;2.900552486187835;-2.36970903715773;2.0600810705758255;0.21176474987061322;9.421487603305788;-0.016974493409878066;0.04462293618920121;
1994-09-01;2.1947643979057574;2.253296623677725;2.965517241379323;-3.223168946273891;-0.30832476875641834;1.9629621503491679;13.793103448275868;0.051199198438801274;0.04521868050407707;
1994-10-01;2.2649977698483426;2.104670143152232;2.609890109890123;-1.7813517090622732;-2.397354643152372;2.7170477857182407;14.215686274509798;0.3544070884747602;0.0463017751479291;
1994-11-01;2.189689689689689;2.106462124052011;2.602739726027403;5.0917070722260815;8.389723935565009;0.9534672533286548;16.1904761904762;0.4070856450562864;0.04685428024163829;
1994-12-01;2.1789883268482635;2.1492201689393697;2.597402597402576;11.717174599581437;18.263266712612;1.6879272995939054;13.685847589424572;0.5325917878383648;0.04666862342236566;
1995-01-01;2.3508011885917446;2.3214259982419883;2.8708133971291794;10.284142892545756;19.933333333333316;-1.0977311418045144;13.023255813953494;0.5528833612073167;0.04742388758782212;
1995-02-01;2.2972579773599566;2.265735070013508;2.862985685071595;11.629620129569407;25.372124492557525;-1.2260530849718565;16.068642745709848;0.5259515954298843;0.0480081716036771;
1995-03-01;2.1996685998343146;2.172043010752689;2.7872195785180187;17.349110764530696;26.53478854024558;0.0008746526936054266;16.434108527131762;0.7081254964460886;0.046636640999564216;
1995-04-01;2.283256121773647;2.321285370603743;3.125000000000022;17.55965017979544;21.30647130647132;-0.9159159189929489;16.169544740973297;0.7554680273385691;0.0437047756874096;
1995-05-01;2.230017884165658;2.3308023393819655;3.1186440677966054;11.1563775826397;10.402684563758392;-0.9232476252525657;12.804878048780498;0.7474012094115575;0.04177470469605282;
1995-06-01;2.0919410852287657;2.1810453041195776;3.0425963488843744;3.116644819154968;-3.40849501835343;3.7098935541521216;15.18404907975459;0.534502624024537;0.0403272101033294;
1995-07-01;2.039614267711354;1.9864912904372423;2.8301886792452713;-5.799388079660151;-11.959287531806606;9.923326055495219;24.4131455399061;0.5014642164316856;0.03817012151536825;
1995-08-01;2.168677995785795;1.9734415344891065;2.6174496644295386;0.6390536386050361;-1.9042437431991188;9.110001137422508;17.824773413897276;0.6097046152440387;0.036736437419905954;
1995-09-01;2.148995177397972;1.928718203075186;2.54521098459477;6.446995326221883;4.410080183276066;8.235609822291678;12.987012987012992;0.5387287983964428;0.03617021276595733;
1995-10-01;2.1575869917812573;2.0216739290362717;2.7443105756358666;2.985459312773764;-1.5245623941276043;10.633804186191442;15.021459227467805;0.243347222923413;0.03562844620387384;
1995-11-01;2.0366515652422423;1.8243691664666217;2.603471295060067;2.9656378618752255;-0.607734806629856;9.761833242454365;9.016393442622949;0.17563189341304838;0.03293455313159743;
1995-12-01;2.144761179414645;1.9530092429266954;2.5316455696202667;15.088052573654998;10.955710955710952;7.481841346655926;6.703146374829005;0.13996423210444686;0.03182837913628722;
1996-01-01;2.0064847851745338;1.9744254168544417;2.7906976744185963;13.192274234579159;4.94719288493608;9.05271711785205;5.6241426611796985;0.04667045968977382;0.02990497484628274;
1996-02-01;1.9734257967520374;1.9540585374082653;2.717031146454607;16.012691831190786;2.9141932002158644;10.626592043302562;4.166666666666652;-0.09461815715583123;0.030075187969925032;
1996-03-01;1.95776417656357;2.0739493439977386;2.8439153439153486;16.0556814202226;15.148247978436657;11.826204971370524;4.6604527296937315;-0.16475800753565326;0.02984453081621319;
1996-04-01;1.861587404292031;2.1104782164499625;2.832674571805005;10.604626729725975;18.6210367388022;20.2396598469339;9.189189189189184;-0.07602895414745023;0.030782029950083167;
1996-05-01;1.86378867193282;2.1295921076533997;2.827087442472065;5.662810730824863;7.649442755825753;24.12065382005619;11.351351351351369;-0.12832765827304368;0.03138827433628344;
1996-06-01;1.8541176470588283;2.028394734270522;2.8215223097112663;8.890119546503739;11.020629750271427;15.968405876647761;7.190412782956068;-0.3266395314136164;0.03352186508483945;
1996-07-01;1.8847408481333927;2.1178996681632034;2.8833551769331667;19.764950894773992;23.236994219653173;12.577293545510827;0.8805031446540879;-0.566729520477563;0.03415037179840241;
1996-08-01;1.72891751817974;1.993683654020062;2.8122956180510084;17.847803920929106;21.797004991680534;11.651708966887941;2.4358974358974494;-0.6199876448361675;0.03584672435105074;
1996-09-01;1.9018322856760639;2.211995662208377;3.0045721750489918;23.221121102651555;31.59626988480526;2.3897744198583037;-1.7879948914431565;-0.7211467248338366;0.03490759753593431;
1996-10-01;1.8958800298858103;2.2561812710606866;3.0618892508143203;33.95595612998547;42.77522935779814;-3.076426636523144;-7.835820895522405;-0.5487279099451916;0.03522184300341302;
1996-11-01;1.963999999999988;2.440681726782312;3.2530904359141077;31.94604108541521;31.79544191217345;-2.4921867217270854;-9.147869674185461;-0.09456264695531316;0.03569968660580458;
1996-12-01;1.861394048332321;2.36266245899599;3.378817413905133;29.82705724422825;33.35084033613447;-3.4636630908737476;-8.461538461538453;-0.04938707806652356;0.035602663405353896;
1997-01-01;1.8539699428115508;2.267642590802388;3.0381383322559907;23.079710150917208;33.31567796610171;-1.8683099460490404;-7.92207792207792;-0.08011784917983257;0.03772048846675724;-0.7947394602651101
1997-02-01;1.9299224311975394;2.321989961943638;3.0322580645161246;1.6944539444465834;16.46565285789199;-4.0822970780521555;-8.387096774193548;-0.11134303122000704;0.037307380373073684;-0.7567317999403987
1997-03-01;1.9387241260501842;2.121166297788113;2.7652733118971096;-4.429830000112956;-1.7322097378277168;-4.06099122728657;-7.379134860050884;-0.06608451259805966;0.03787572449117138;-0.9153448885084797
1997-04-01;1.9982796268113612;1.9160921588245783;2.434336963484962;-10.199773765699138;-16.33432329232075;-9.56117407732866;-9.158415841584144;-0.18277415645387468;0.039682539682539764;-0.8394067198518639
1997-05-01;1.8957408581695256;1.6925034547867535;2.237851662404089;0.7831053328177351;-1.9764705882353018;-12.577994636260314;-11.65048543689321;-0.32084897697594666;0.04035393484381267;-0.8670033065309026
1997-06-01;1.968212899648858;1.8252469693238238;2.233567326100827;-3.7497728582324252;-6.259168704156471;-12.760898046258596;-12.795031055900619;-0.33004532278930243;0.03857447944474113;-0.770246145617939
1997-07-01;1.8446051886108705;1.6698297401728457;2.165605095541401;-6.608113139215921;-7.92682926829269;-15.402866484857892;-14.71321695760598;-0.23413489337573032;0.03994673768308932;-0.9783159570518575
1997-08-01;1.7179642452805233;1.6559814486427404;2.2900763358778775;-3.8265849503311244;-9.24408014571949;-15.515253410366148;-12.640801001251578;-0.3005890531829322;0.037655794219040084;-0.9920302441727709
1997-09-01;1.6209050818983828;1.6145925432212938;2.21940393151554;-7.590732354059981;-17.507294706127553;-9.595047481524233;-8.972691807542265;-0.297890615907347;0.03902116402116396;-0.936360958747134
1997-10-01;1.5345737367918;1.4388391646324994;2.0859671302149163;-9.62276706160078;-14.618473895582317;-6.372886453258353;-5.802968960863697;-0.2600843528426306;0.04048529605696971;-0.7316783219495755
1997-11-01;1.4318779176964336;1.2630125489028199;1.8903591682419618;-14.794621723240454;-14.930409110080134;-3.8803349638866114;-3.0344827586206935;-0.38553835271631703;0.041573477174055906;-0.5338245613492087
1997-12-01;1.4509234931963544;1.1249932392233042;1.6970458830924073;-27.853185179093686;-27.845608507286336;-6.455956312698841;-4.761904761904767;-0.38667796020367834;0.042251673008791624;-0.36570733688573354
1998-01-01;1.499007625613702;1.0438610705990392;1.6311166875784044;-31.981955652945782;-33.611442193087;6.459512449297455;-4.936530324400568;-0.5086691437765879;0.04262552301255229;-0.48418630432318466
1998-02-01;1.377360211620915;0.7802393272962505;1.440200375704448;-24.551992420964996;-27.69022962629447;5.490985382542579;-4.7887323943662015;-0.8028096660540465;0.04209017461558506;-0.6623524992375549
1998-03-01;1.2427689307767276;0.6905742670220594;1.3767209011263937;-23.87678268667348;-28.44211529299666;5.345157390771993;-7.417582417582402;-0.6723561469503136;0.04116883116883119;-0.6436949573808595
1998-04-01;1.2312682452156887;0.7154480291558629;1.4383989993745905;-18.408296051305783;-21.70385395537525;8.586009161809383;-8.99182561307903;-0.8009620547685448;0.042178807090179626;-0.765473198651737
1998-05-01;1.2563042097211152;0.9014584790915547;1.6885553470919357;-23.02083976720081;-28.660585693710992;9.921371425124036;-8.791208791208781;-0.8081905023450353;0.040979381443299046;-0.6777159269207491
1998-06-01;0.9799987054178061;0.6866433754367129;1.6229712858926382;-24.451416774981936;-28.74282733437663;10.65588944720397;-8.54700854700855;-0.9736285159871494;0.041382855674077845;-0.6908838185041832
1998-07-01;1.1966829243049482;0.8755908895573761;1.74563591022443;-24.556862984145177;-28.2730514518594;8.207956242487935;-5.994152046783641;-1.0970442646076641;0.04020486555697822;-0.44747792573807693
1998-08-01;1.4339886368048615;0.9339273254253655;1.6169154228855787;-29.666956427008216;-32.965378825890625;5.812983831100493;-10.601719197707737;-1.1891960237959487;0.04152823920265791;-0.2563813421645158
1998-09-01;1.2062975447841184;0.6318269436710322;1.4267990074441794;-26.102567930428688;-24.456796361798894;5.911991897118152;-11.571428571428577;-1.025028262635593;0.04035646085295985;0.14404999673383015
1998-10-01;1.2495970081887853;0.7219154824133156;1.4860681114551078;-32.06094280600513;-32.31420507996238;8.984358077229903;-10.17191977077363;-0.8022460251603432;0.039163498098859106;-0.20392457526933058
1998-11-01;1.2376237623762387;0.7232233570397373;1.4842300556586308;-32.79980025036454;-36.291522062469014;8.622765994872662;-10.95305832147937;-0.8492691273708699;0.03915624605279766;-0.5116436515252705
1998-12-01;1.3528661435584288;0.8450553564743002;1.606922126081578;-33.58365439524585;-38.427947598253276;8.119366297721209;-8.676470588235297;-1.0758019973785153;0.039405766083343785;-0.5844041137591062
1999-01-01;1.343076210569638;0.9381891079184745;1.6666666666666607;-22.506915116078186;-25.37402752842609;-5.69216629021475;-9.495548961424339;-1.1795776712615595;0.038374717832957206;-0.5064364908999209
1999-02-01;1.2223964626340011;0.9319801569791286;1.6666666666666607;-22.30793073316302;-25.21793275217933;-12.143995536069818;-13.609467455621294;-1.1018063284855746;0.03863948980867837;-0.738845024165352
1999-03-01;1.1453371168834492;0.9919918715490805;1.7283950617283939;-9.33009194339135;-2.3968042609853524;-15.587653392529655;-15.43026706231455;-0.8297028768935187;0.03966571036547317;-0.9685309922813106
1999-04-01;1.2188557366964003;1.3553030404187316;2.281134401972884;3.9495261379645985;12.305699481865284;-16.360047913606646;-16.467065868263475;-0.9234757626306407;0.03774053382991949;-0.9908938731208784
1999-05-01;1.2176696542893772;1.2814358482011956;2.091020910209096;7.062562449484222;19.448183041722757;-16.013309990687596;-16.56626506024097;-0.6614466959084899;0.03837583560287183;-0.8890217448332134
1999-06-01;1.3974000666649555;1.3986200637920332;1.9656019656019597;16.795647138803062;30.966325036603216;-16.0600678345889;-14.953271028037385;-0.7923768149313979;0.03776379118844875;-0.872032312018763
1999-07-01;1.2950320881593536;1.4178071249800306;2.1446078431372584;28.742502715845376;42.54261363636365;-14.989530975378107;-18.195956454121298;-0.8198372121595905;0.03852781880846878;-0.8621094261360035
1999-08-01;1.1457735247208944;1.4610475937250733;2.2643818849449104;45.77197237454731;59.13173652694612;-9.269803208225447;-12.82051282051282;-0.6945980952718581;0.038032143295301024;-1.0111115912646949
1999-09-01;1.4318347136968557;1.8849100776843652;2.629969418960254;44.97228329646183;59.7324414715719;-6.809701443281124;-11.793214862681744;-0.5298600477349924;0.038179148311306976;-0.9437028075022355
1999-10-01;1.4073923121991072;1.8343265950810483;2.56253813300793;52.187273918090725;57.33148019457956;-9.920647206397904;-15.151515151515149;-0.24124257136802796;0.03878521770947696;-0.9649227425071802
1999-11-01;1.4860941320293142;1.9204990377596376;2.6203534430225606;67.66887394047943;94.31906614785991;-12.626902212700186;-15.015974440894563;-0.24848529373859235;0.03828856205178077;-0.9221579366747872
1999-12-01;1.4403213709113682;2.055157783081407;2.676399026763998;92.15401991018986;131.20567375886526;-9.558817675231046;-16.425120772946865;-0.23739598771655873;0.03863856589147274;-1.0303145027345497
2000-01-01;1.5372702345892053;2.1886212877514133;2.792956891317555;91.56373702991878;117.96311146752205;-9.487044373630427;-13.770491803278684;-0.2015712479847416;0.03816425120772937;-0.9868403651155075
2000-02-01;1.7231964850347392;2.5674315086640975;3.2179720704310855;111.74412731419609;144.3796835970025;-0.8086810560086422;-10.445205479452058;-0.17666815505509484;0.037442812424753225;-1.0530857619633947
2000-03-01;1.9003973442677013;2.9308587389629492;3.762135922330101;92.17110747134613;103.88813096862211;4.146896698431579;-7.36842105263158;0.09569227253077184;0.038752249550090045;-1.018353124146206
2000-04-01;1.706869262424826;2.3502753405527876;3.013863773357439;50.76848704545027;48.44290657439445;6.6292743454371195;-4.3010752688172005;0.152878437824792;0.03983730111257322;-0.9716321295703152
2000-05-01;1.71787833170991;2.369824238035667;3.1325301204819134;64.01256940096222;62.14084507042254;4.0920907464865985;-3.2490974729241784;0.07880508904602024;0.03838817358130653;-0.6484273159273193
2000-06-01;1.7422748191978865;2.6849524210637243;3.7349397590361377;76.7316324433444;77.92062604807153;3.47203197790118;-1.465201465201471;0.05588068119697898;0.037697704840052415;-0.6325013943308392
2000-07-01;1.7908752445257692;2.668644412648824;3.5992801439711952;54.42092374165619;48.33084205281515;3.18971916793116;2.6615969581748944;0.08708285464514498;0.03674291809885033;-0.9649743675561894
2000-08-01;1.8720119082159314;2.476447542551652;3.3512866546977715;48.94294636722276;46.84854186265286;-1.564178995480614;-2.2058823529411686;0.11403218640129258;0.03545680179647803;-1.1236664394439775
2000-09-01;1.8494520840934614;2.54853576697609;3.45649582836709;51.49818826789427;41.87604690117255;-3.6468199935699275;-3.663003663003661;0.18828451585234068;0.035478547854785436;-1.0264153196549703
2000-10-01;1.81866137479747;2.514239537035823;3.4503271861986873;48.44577720139516;46.11307420494699;-3.654459362750173;0.3759398496240518;0.21179322684903015;0.03299283785370433;-0.9051256076885343
2000-11-01;1.9009975531714574;2.5653713928534216;3.444180522565321;46.68264449920032;37.765318382058474;-0.8408696244162184;1.1278195488721776;0.19871447117801205;0.03242800280964642;-0.3254932423260019
2000-12-01;1.8710211038147184;2.4853839158113455;3.4360189573459543;41.58103881311808;9.125766871165663;4.456557439185049;4.816955684007707;0.07147635964895091;0.030437317784256512;-0.4164302483555167
2001-01-01;2.0065760686111433;2.7014770665975574;3.7212049616065945;33.260424083363716;8.830022075055188;0.14444074870194612;2.281368821292773;0.013603361060230136;0.028385295486272888;-0.4524950307060055
2001-02-01;2.0348038848525762;2.539329906228205;3.529411764705892;15.471697020604624;0.8858603066439485;-2.8361083413750654;3.632887189292555;-0.09371058097011381;0.02761982128350926;-0.4467353119209204
2001-03-01;1.9322287280428618;2.1091891196707513;2.9824561403508643;7.640752671987983;-8.865841418534636;-2.2418266515012775;4.356060606060619;-0.0631083368355926;0.023677523677523737;-0.2681911015869301
2001-04-01;2.0268167274628768;2.3735358475994506;3.2182562902282053;19.492470476058376;6.487956487956503;-5.829286930508159;2.2471910112359605;-0.14279623685306;0.019558214450069;-0.312092222871432
2001-05-01;1.9413249760598772;2.556748762137473;3.5630841121495394;6.958207014804385;-0.48644892286310304;-2.043718112451698;3.3582089552238736;-0.13765761170385826;0.018828932261768072;-0.6760552265135749
2001-06-01;2.0927053560332975;2.3917250926056566;3.193960511033689;-5.755296120059262;-13.289349670122519;1.1594329360137046;1.8587360594795488;-0.23215556045336513;0.01673160669264262;-0.8323623219965932
2001-07-01;2.122647357849594;2.1019254864858006;2.7214823393167498;-11.055415523714018;-11.15216661068189;7.122297897353924;4.629629629629628;-0.4706080505778721;0.014290613924774265;-0.45674973122208995
2001-08-01;2.041928253897507;2.095666739122093;2.7214823393167498;-13.657524827604261;-12.011531069827031;9.166139386713601;6.390977443609014;-0.8543349529265751;0.011984933226800498;-0.6813275770909999
2001-09-01;1.2179906859535627;1.3138964924565455;2.5921658986175045;-24.5453507861361;-23.612750885478164;6.451126680665231;5.323193916349811;-0.9261420305718567;0.008878770631758792;0.6919077002124588
2001-10-01;1.7874104136085034;1.5320653003102258;2.127659574468077;-32.920794404359924;-32.85973397823457;5.0006089532399045;1.4981273408239737;-1.012609525921778;0.005796771993634708;0.5653710437370214
2001-11-01;1.8138160325083197;1.321703359488069;1.894374282433997;-40.73322985467341;-42.819767441860456;1.6502033494374624;1.6728624535315983;-1.0996373765496017;0.0022678308198209596;-0.08151469648302001
2001-12-01;1.7382425666449208;1.0623328220275674;1.603665521191311;-40.903959120168096;-32.0801124385102;-4.443648299258129;-0.18382352941176405;-1.063295644243337;-0.0004526935264826948;-0.34376029852588214
2002-01-01;1.4192567898813735;0.6661199772913795;1.1958997722095743;-40.39228885140952;-33.5023664638269;1.0491108119276005;-0.5576208178438624;-0.9376276338353499;-0.00045248868778291484;-0.35865234965452075
2002-02-01;1.4326612508564152;0.6776842847785458;1.1363636363636465;-33.343409628752184;-29.956095913542725;3.301574226263071;-4.612546125461259;-0.8808075863807016;-0.0019198193111237272;-0.6007171945567725
2002-03-01;1.4482834480145756;0.9433843441022827;1.3628620102214661;-17.617083947720435;-10.352422907488979;5.6119256576604215;-5.626134301270424;-0.6903269061071965;-0.0022565722667267085;-0.7653488142816616
2002-04-01;1.570450635135634;1.1881710966379133;1.643990929705219;-13.2223004774904;-4.159066034294057;5.143118743657404;-6.593406593406592;-0.6748172031249676;-0.0023696682464455776;-0.6918152754702318
2002-05-01;1.6603635476393874;0.9881745106153694;1.2408347433727984;-12.59801223319953;-5.656424581005592;1.3828463684151249;-8.844765342960281;-0.7513044826951485;-0.002141086319585317;-0.7538892644660142
2002-06-01;1.5933490761253166;0.9350941979094918;1.0692177827799743;-13.60589059492262;-7.536231884057976;0.770521459135165;-6.386861313868608;-0.8188994936973879;-0.0010144274120830188;-0.5334875950332529
2002-07-01;1.5370419833426574;1.192116005910493;1.465614430665152;-1.939421833296029;1.8525519848771266;1.4778379118622897;-7.964601769911505;-0.8331228688120741;0.00011271415689817488;-0.4523801456672821
2002-08-01;1.6879838846685757;1.4039174431419665;1.747463359639223;-2.053707712351338;3.3127047688387368;1.119155659239346;-5.65371024734983;-0.8091414003960447;0.002030227836679499;-0.3573450471045658
2002-09-01;2.4347380368322735;1.9327192530504966;1.516002245929271;10.10924357344809;14.644513137557968;5.570712743223871;-0.9025270758122761;-0.5025364769139757;0.002820715333408552;-0.12948263867174475
2002-10-01;1.804498521498843;1.759394918416679;2.0270270270270174;26.62459438923994;29.896443043674026;11.940851423351262;1.845018450184499;-0.2364220161037369;0.005989377330771761;-0.2034656560990337
2002-11-01;1.6980515946446006;1.9297520143353175;2.2535211267605604;29.788982949034647;33.55363497712251;11.979029951863929;2.925045703839113;-0.11158682576873095;0.0074669080212692585;-0.13365559450847592
2002-12-01;1.7690019588401773;2.132436873596677;2.4802705749718212;46.11702467659191;52.19865494050702;14.152681850830028;2.3941068139963217;0.13336793886437373;0.008378623188405987;-0.1880576014299922
2003-01-01;1.7800604229607275;2.344817214542627;2.757456387169399;62.33582186919185;67.46314184036602;11.470011707195859;4.672897196261672;0.15916783227367828;0.01052512449071985;-0.06842740422339524
2003-02-01;1.727236542149635;2.6061606986462538;3.146067415730336;78.97628423952105;72.95081967213115;11.409208184661024;9.284332688587993;0.1299951038858251;0.010070151618013057;0.051718246302368764
2003-03-01;1.7685468520348024;2.5890896386504103;3.025210084033625;36.63018889571992;37.38738738738736;5.9697741624479495;6.730769230769229;0.3155478505155858;0.009385954992649603;0.5211943742570805
2003-04-01;1.5978279151349195;1.9893388337330231;2.175125488008911;12.25409285757053;7.537114579368098;8.151351156994458;9.019607843137267;0.5288276230239409;0.009840515778758219;0.04718440021263419
2003-05-01;1.6308456636785706;1.8067576461238577;1.8941504178273005;14.114572989578878;4.145077720207269;10.134847289285776;11.485148514851474;0.6793077315104046;0.008808582721626212;-0.36693131630013903
2003-06-01;1.5276230185830908;1.7883718622879075;1.948775055679297;24.94066951561289;20.376175548589348;10.493402128370422;9.161793372319703;0.5995146954998611;0.008349317386889377;-0.6024379217901367
2003-07-01;1.5747560742299438;1.8623932681598676;2.055555555555544;19.042097693886717;14.179658500371195;2.4583280152339793;9.03846153846155;0.6444929937884148;0.009016116307900335;-0.7547675024744499
2003-08-01;1.4893134599090807;2.005705887438425;2.216066481994461;20.164315075184504;11.310782241014806;3.422871111519332;7.86516853932584;0.7173820042979271;0.009342638451148133;-0.9097592799405179
2003-09-01;1.4654371291729307;2.1414041792516825;2.378318584070782;5.176812435387257;-4.651162790697683;12.48165805840551;6.921675774134806;0.8528017966548712;0.010013501350135012;-0.7278907396222772
2003-10-01;1.5653830129158885;1.968939971942607;2.041942604856528;8.83293722691394;5.129982668977462;13.335654717586575;9.239130434782595;1.8320997639463514;0.011008762075938039;-0.7999824365381224
2003-11-01;1.6054800385315149;1.9964840244397042;1.9283746556473913;16.962516574368426;18.347925390178908;12.061526662103251;9.769094138543522;1.8725012179867326;0.01291409320606407;-0.8481889881589931
2003-12-01;1.6384482861046656;2.123530784441363;2.0352035203520247;14.25940822851468;9.27940176750508;9.447864070003597;12.230215827338121;2.02103202816307;0.015158320233550349;-0.8815586710754844
2004-01-01;1.8284791565249536;2.2127253134796243;2.026286966046009;7.149370417293843;4.0376442015786385;11.238498510243545;14.821428571428562;2.2503349692958854;0.014559301153544535;-0.8601730335516131
2004-02-01;1.85323515811191;1.999780511895044;1.688453159041381;-8.113601888116284;-3.1502648452745863;11.76303618475898;15.04424778761062;2.3262072632644197;0.01702699675142827;-0.8785470602693218
2004-03-01;1.86092762270047;1.8961553898733996;1.7400761283306032;7.752402709201145;9.567809239940384;19.03246033243007;20.180180180180194;2.213284546367838;0.01926954963029348;-0.7759150803541659
2004-04-01;2.01258159114559;2.2587719298245545;2.2925764192139875;25.470099592837258;29.876106194690255;18.571283627446466;21.0431654676259;1.965192152296823;0.022513440860215006;-0.8103779002195944
2004-05-01;2.004959263195194;2.7077793769668013;2.8977583378895444;33.74624840288358;43.141435678749104;19.395592865251608;17.939609236234478;1.5485588238713477;0.024627784618829196;-0.5934384733628096
2004-06-01;2.1088531709504643;2.89129322318884;3.1676679410158393;25.14096220068842;23.76302083333335;15.126911257626109;18.035714285714267;1.1466517739689441;0.026518966096005236;-0.7947176251469487
2004-07-01;1.9764800056504495;2.684808358136448;2.939575394665228;32.27468118864258;32.282184655396605;16.205866482695775;15.696649029982357;1.637375850086696;0.027030045794705693;-0.8387608818628504
2004-08-01;1.900170497971665;2.392454566367608;2.5474254742547275;36.639055636885544;42.260208926875585;9.169273477604944;11.979166666666675;1.822215295094872;0.02765696442511434;-0.9068518717938622
2004-09-01;1.948006199802732;2.2727272727272707;2.5391680172879516;44.04147965354468;62.42488511841642;0.4758077290205387;11.073253833049401;1.8068403209232904;0.029074300991422497;-0.7588313796228535
2004-10-01;1.9831223628692163;2.69966932972896;3.1909140075716547;54.5164999127997;75.17309594460933;-4.913167318294431;7.296849087893875;1.9704472812985163;0.029111111111111088;-0.6222195470021177
2004-11-01;2.062338331168001;2.965034290742108;3.621621621621607;43.09664407385636;55.8700546799614;0.7595285151751119;5.825242718446622;2.255596595277977;0.029157427937915648;-0.6851351132419613
2004-12-01;2.0656036659497;2.7937462417318093;3.3423180592991875;25.648472582366978;34.774494556765156;7.035409644528312;5.128205128205132;2.3306192698385018;0.028647273531688944;-0.9677039403002154
2005-01-01;2.171099425160028;2.53261611817277;2.8448738593666034;27.180694535457086;36.67931135103588;4.226216396579496;1.7107309486780853;1.9565218391420682;0.02914228943592012;-1.0721221504925798
2005-02-01;2.1745710227934145;2.598955157862015;3.0530262453133394;32.639248034495225;38.082901554404124;6.718600146841047;1.3846153846153841;1.9641277612796662;0.028967948011895617;-1.121769978479807
2005-03-01;2.2557701694442267;2.747738069660288;3.2068412613575736;43.324807755327164;47.742110990206754;3.001550902853567;0.599700149925031;2.019255753722335;0.02978676632226862;-1.1224815459554198
2005-04-01;2.108496580503072;2.84390116043558;3.3617929562433257;41.61514555876313;44.56255110384302;-2.015518456880272;-2.526002971768204;1.9576508287071794;0.02891883010187324;-0.9172300725367861
2005-05-01;2.177385748020555;2.5698881314870636;2.869287991498415;22.39709176166349;23.709036742800382;-2.0311790166964383;-0.1506024096385672;1.568480644804465;0.028952256090899242;-0.9024549945436816
2005-06-01;2.0861022825772846;2.339929186353573;2.541026998411855;37.14147691697966;47.974750131509715;-2.3821687582144313;1.6641452344932084;1.0356713757692615;0.02964900806627435;-0.8872615457970612
2005-07-01;2.1147896753936246;2.679680567879328;3.067160232681121;38.18261265228999;44.26148930941265;0.4479170119647824;2.743902439024404;0.6304758513943532;0.03023382272974451;-1.0171538404227283
2005-08-01;2.158987318401584;3.0401210845581783;3.6469344608879517;43.86145288948138;44.57053849577215;4.144541898157561;4.651162790697683;0.6111914213638538;0.030819316332067137;-1.0088959154791382
2005-09-01;2.1941190698317348;3.830766507346417;4.741833508956805;54.85205335023586;42.69858541893361;3.2386286586200796;4.907975460122693;1.0332366045210166;0.029660099588655564;-0.5526187182286528
2005-10-01;2.2640555325702083;3.5511580629619566;4.350104821802936;35.702775591413015;17.391304347826075;3.8652185060404243;7.264296754250399;1.2559085232691132;0.029259339235586213;-0.9752776447745192
2005-11-01;2.3062191080172934;2.9393517272056746;3.3385498174230532;32.467162306218334;20.305406520841917;0.12347100107248377;5.198776758409762;1.1185105303206735;0.02994721533986855;-0.9309305899741315
2005-12-01;2.2803541363631163;2.8839516572484847;3.3385498174230532;47.80048549099361;37.15670436187399;-3.3126118918426983;5.945121951219523;0.908604361290834;0.030967741935483906;-1.0208565988535632
2006-01-01;2.1432239657631857;3.2470643220190665;4.018789144050117;40.0604919549195;39.859094790777114;-0.8542847019838429;6.116207951070329;0.6418960764722441;0.03174943687654186;-0.912080519641584
2006-02-01;2.138543921613323;3.022499796091971;3.63825363825363;31.46230977998603;28.476130915155306;-2.049823125887773;6.828528072837625;0.7876279318048428;0.0324341682723186;-1.0700164421253988
2006-03-01;2.167365633559526;2.9135687732341875;3.4179181771103018;17.557695120009377;15.816608359418138;-3.2079442347251574;3.427719821162456;0.901992941224115;0.03319457786316571;-1.0598417699505929
2006-04-01;2.3612482829865167;3.1023736981731;3.613835828600931;27.266005117312876;31.391402714932127;4.005603714499628;6.250000000000022;0.7974703930373506;0.03332268710742037;-0.8518277610590405
2006-05-01;2.408546601864736;3.3217552390876426;3.9772727272727293;33.632270431151845;42.36403772827615;10.401909505395214;7.088989441930615;0.7775394020804717;0.03312805266510921;-0.9935369090618588
2006-06-01;2.5959470168685606;3.512953727595658;4.1817243159525175;21.93077042458762;26.12868823320298;12.559825848810014;5.803571428571419;0.9747145895185821;0.032077069659115054;-0.8480063921151461
2006-07-01;2.545783404928792;3.4278142643161535;4.104669061056954;21.40117818655154;26.76320272572401;12.139908952710087;8.160237388724045;1.181562815503229;0.031035574791512754;-0.9280884590062248
2006-08-01;2.6702209370623065;3.3360110167546475;3.926568077511483;10.792759463479594;12.436509158072951;12.032645578727607;8.000000000000007;1.528442353405515;0.03063480366354354;-1.0705590857605929
2006-09-01;2.605716346587328;2.081131153317206;2.012072434607637;-9.251015162001108;-2.59264907732194;11.194942174072885;6.725146198830401;1.7098478843942833;0.0320647603027755;-1.0468653949269475
2006-10-01;2.497134251871169;1.6772392505759237;1.4063284781516971;-11.777131138599495;-5.5956389289722575;11.860670329964051;7.925072046109505;1.71605348450256;0.03146963180530782;-1.038038313771837
2006-11-01;2.284497253671125;1.9240828765721307;1.9687026754164672;0.13233207233718236;1.8353344768439195;15.786808791511241;12.645348837209314;1.7913405490396694;0.03043614684656415;-1.0749825389852947
2006-12-01;2.3157376094600224;2.2868384543655695;2.5239777889954462;-3.544256140397961;4.374894834258791;14.134220096934612;13.093525179856114;1.8478516557950058;0.03024614100959533;-1.086173039137102
2007-01-01;2.500474844418621;2.133221673984864;2.075765178123423;-11.397885734712743;-16.699740497633954;14.124631688796052;12.53602305475503;1.9009587346407641;0.02910905499532168;-0.966331362593322
2007-02-01;2.556694591006936;2.3886809097797945;2.420260782347028;-0.6302600784942713;-3.845529774460499;14.324709707234916;13.06818181818179;1.86996683874759;0.02871954380508024;-1.1162833220743775
2007-03-01;2.3783567312612552;2.5658102677563743;2.798197295943927;1.1250420047852483;-3.7201907790142985;12.67860278091879;16.42651296829969;2.146601024589796;0.028099173553719048;-0.9837863897292405
2007-04-01;2.2114030320842026;2.331486870638999;2.5929247633283525;-2.1525738932559713;-8.207777299469077;12.770000377265522;19.94261119081777;2.359667454824691;0.02689058314444681;-1.0383364790927843
2007-05-01;2.076442281099622;2.353231210569362;2.709885742672613;-1.178015795359011;-10.544121793064553;4.014811755320347;21.408450704225345;2.553116159934684;0.02702980472764649;-1.0974043060612046
2007-06-01;1.9873542036789704;2.3172626566359877;2.692765113974227;1.9693955830835996;-4.904171364148802;7.045177036473516;28.129395218002816;2.359536958332703;0.025643655759565176;-1.0856020669066735
2007-07-01;2.0405238557192007;2.1244360274048857;2.3178905864958077;1.2834201535161238;-0.3090982394839292;10.16813534660792;30.7270233196159;2.6001906811043587;0.02487969693867087;-1.1965313823362385
2007-08-01;1.9857859531772437;1.873466078825503;1.897448478900876;-2.382769633474191;-0.9034907597535891;11.819080254721893;35.66529492455419;2.770749967389172;0.024208375893769007;-0.795720242037689
2007-09-01;2.1023725834797835;2.534182514586014;2.8338264299802685;20.026212147275444;25.144825426647888;17.20074948766166;43.83561643835616;3.0914073211502626;0.022308240806763857;-0.47035519137006004
2007-10-01;2.1841147318100163;3.0893201933057224;3.610698365527476;34.67374008263846;46.39945652173913;20.266507315904626;43.65821094793056;3.4515559205608164;0.022475338147055934;-0.7612513369564559
2007-11-01;2.3353936524636243;3.599241325449065;4.373267326732666;44.0737945759941;59.373420919656404;18.878212736260203;42.58064516129032;3.4609295782506257;0.022025984571660606;-0.6917773525185602
2007-12-01;2.4045091386669437;3.4719674482206697;4.108813392417532;39.94723828396718;47.88005803643398;24.67224136592552;45.547073791348616;3.3331133691183368;0.019842073294189078;-0.5393587824308737
2008-01-01;2.1931306613182766;3.3884031956032734;4.294695655165981;57.74695366389877;70.33168407549937;25.576034409930728;53.64916773367479;2.739491509671681;0.019092837660369844;0.037854614985375526
2008-02-01;2.072026017250561;3.2729843475571396;4.142959270611968;52.39537226097819;60.901113736078294;28.777657422811153;60.80402010050252;2.659760566230938;0.01814150372908685;-0.43395439757574417
2008-03-01;2.168810848400571;3.1905878209572913;3.9749035501344343;59.74557639746434;74.30647291941877;35.32342358631484;63.49009900990099;2.952292491850326;0.014971864951768499;-0.2122313013705794
2008-04-01;2.083265518700572;3.1403034894700976;3.9037609759888126;61.70235237780617;75.97311239643582;30.144106430174155;55.98086124401915;3.001879302525791;0.014146684057389391;-0.5801332443926841
2008-05-01;2.149080977978146;3.282278106832792;4.088413823123993;78.53816710976373;97.589032461393;33.59965408058532;50.81206496519721;3.4931369663622065;0.010507355148603903;-0.7878340227325539
2008-06-01;2.2147926945382146;3.8117816719835718;4.935966105947864;86.824190549628;98.47362181387078;36.46742965737806;45.44456641053789;3.371321553953257;0.009100910091009107;-0.6346141007611817
2008-07-01;2.2449574884132906;4.135395758792204;5.497512078341837;83.29603507587208;79.88676193043945;33.20592990726738;36.51626442812172;3.1073670606832406;0.0073926073926073865;-0.5483749515183391
2008-08-01;2.2178833022297617;3.9810757189264523;5.308017162091239;64.04910224990688;61.0857853294654;23.72434625093629;22.44691607684528;2.7637868750549255;0.004388151989628053;-0.6005490332276724
2008-09-01;2.0440217742109024;3.6671444705064893;4.953319875136075;37.722268620830505;29.98874014762918;10.701610409006745;7.428571428571429;2.027415032961806;0.002291749701076151;0.5190178391306649
2008-10-01;1.6341903085969278;2.671949938830953;3.7310578899565128;0.4430644384866289;-11.078886310904867;-5.51565840424435;-9.293680297397767;0.16752249798907048;-0.002586035408792542;1.0520131716560852
2008-11-01;1.3900341618565237;0.9261652451107105;1.0999174706166848;-27.178170019374036;-39.29401817797506;-12.382630139921636;-19.004524886877828;-1.2662792620966112;-0.00734928989969208;0.16402314601518103
2008-12-01;1.1371530560988496;0.12893243940175214;-0.02222800255385904;-40.00025548920701;-55.28180529815763;-17.012266389179388;-24.825174825174834;-1.4287000409164248;-0.011614055985705751;0.21089640211502195
2009-01-01;0.9055710217273027;-0.11146001907681446;-0.11358601902212717;-40.550580450865326;-55.094136632598165;-18.240504135051474;-27.999999999999993;-1.0642495680309314;-0.01754559873116568;0.21734371981443054
2009-02-01;0.8876433229615177;-0.13156205878578353;0.008463140671510772;-46.40550214401667;-58.930256948086004;-25.37311688503695;-34.21875;0.2248311814831506;-0.023163729954464363;0.25473514044224105
2009-03-01;0.7625388182243675;-0.5258105802047885;-0.4464787676623838;-49.61552215483363;-54.54717696097007;-27.54886314505689;-36.411809235427704;0.3694307245092345;-0.028413028413028507;0.014767536998814177
2009-04-01;0.9289669759680264;-0.5674196776460083;-0.5763244243767063;-52.6133945142802;-55.76974327085369;-22.579772271593324;-33.12883435582822;0.06297248242546472;-0.03363672338741586;-0.40044937872035913
2009-05-01;0.8222375470797294;-0.8893647243393366;-1.015761495855172;-52.349461213997536;-52.81920408326023;-18.681110241760745;-28.230769230769237;0.85393548260867;-0.035848682907506535;-0.40651676937849474
2009-06-01;0.719797609848527;-1.0187221772029353;-1.2291746182109153;-49.387875333124434;-47.972821623236015;-21.72821375350812;-29.58490566037736;1.6005841554808866;-0.03766105054509428;-0.3243987858570036
2009-07-01;0.6255217083505071;-1.466536773409588;-1.9587610037622771;-53.79993182696092;-51.97092326139088;-24.414576487848127;-30.284396617986165;1.3656181306658042;-0.038575961919873114;-0.4383396579370974
2009-08-01;0.6511392298194307;-1.1007904723963624;-1.4838355663267633;-42.578121742055906;-39.06183003172969;-19.58914010980497;-22.791081750619323;0.9450301273978431;-0.03842716711349414;-0.48180500746877375
2009-09-01;0.7242709848820361;-1.0223642172523917;-1.377942862886472;-38.27096649719064;-33.147256977863336;-15.201809424114842;-17.553191489361698;0.6978728529968713;-0.03897007654836471;-0.45644346450720874
2009-10-01;1.2394556530368916;0.012653556176522862;-0.22396829420033848;-14.563952523288947;-1.0828440965427455;-0.5678933257329266;-2.868852459016391;0.9836091969994669;-0.0370961308336657;-0.6563239167951788
2009-11-01;1.374145779862035;1.4597293951940093;1.9145871744709275;10.729892467649616;35.93314763231199;8.902347426985813;10.391061452513961;1.6510692943545424;-0.03311655827913962;-0.46801100542164886
2009-12-01;1.5100759793302387;2.0903081809597435;2.8141231232083674;36.829172500427966;81.13115553388587;11.19685522386311;17.093023255813968;1.4706269314283344;-0.029627397810585432;-0.47658430822389214
2010-01-01;1.6902391069956169;2.3014280656201924;2.6211113889767157;41.06756007450165;87.39817920459988;10.846615732513843;17.476851851851837;1.2496344264246435;-0.024114620119059627;-0.271845486184158
2010-02-01;1.698406159890986;2.1163341151774206;2.151336357866529;45.74960190496504;95.14811031664966;15.647749635639796;17.5771971496437;0.9425025607067177;-0.019254154843940108;-0.29627092750372
2010-03-01;1.777402501451264;2.3727577814232292;2.2861714393279886;47.79375969244401;69.3205502292622;16.990870985425154;14.642857142857135;1.2795228566042685;-0.012736906460158903;-0.3621566509395839
2010-04-01;1.6017776467243117;2.2815601546021913;2.2067707525304403;54.32362689135009;69.67262502510545;11.892538024304322;11.009174311926607;1.1846676296212906;-0.006142506142506221;-0.41226605273405215
2010-05-01;1.6363253709354764;2.207533850991461;2.003548929218568;27.86266954005958;24.81406355645708;0.959880936846158;3.2154340836012762;1.6195010234860858;0.0020542317173377622;0.22553119665497562
2010-06-01;1.5564733949196663;1.5618853199791616;1.1215605940686268;11.36721342919893;8.137198622273223;-1.400925011936538;2.6795284030010746;1.2196834581679903;0.006591143151390311;0.026256388911363008
2010-07-01;1.4700786492077178;1.6382637168706138;1.3407784804821077;19.023162292106164;19.160555468871898;8.713220898782058;10.253583241455333;0.3274337234599814;0.009489427539969064;0.13418124453343605
2010-08-01;1.4175771174534058;1.4829969470827598;1.1501775395112546;11.121438806788442;8.105826062482402;13.129468049514603;15.187165775401068;0.7762318754940314;0.011668731928955012;-0.1564924907983059
2010-09-01;1.2978721177295816;1.4192128184232988;1.1183122472331775;15.292514555385917;8.422113446587986;20.892268290349982;22.688172043010745;0.9833160718067232;0.014896038067652828;0.019300174334810107
2010-10-01;1.079328001001123;1.3579765306230174;1.1666951489314625;11.962519112894498;8.018992350303368;21.430342845941873;26.68776371308017;0.9620399274655006;0.01874482187241089;-0.13914647317591902
2010-11-01;1.1210902498489217;1.3072651550208203;1.084544776600338;12.472913137331233;7.761270491803285;19.24631540200574;25.607287449392715;0.6844037587435586;0.01841887417218535;-0.06629162590463815
2010-12-01;1.0555902560899444;1.4767710742064288;1.437793022217937;18.23347875313075;19.838492597577396;24.78965810763234;28.401191658391276;0.43221707900271117;0.0225626164355206;-0.03366369291463906
2011-01-01;1.1247284331763696;1.5595502789780502;1.7007834915029774;16.585486628368074;14.318588596266935;27.676342896777385;31.72413793103448;-0.26009625159815897;0.023469809760132243;-0.31204223794383373
2011-02-01;1.213065378823286;1.8459279458807432;2.124898173333145;25.22797812900479;17.220622873593292;31.643146620075903;38.989898989898975;-0.580140494600518;0.025315147757801304;-0.5574293427854029
2011-03-01;1.2143649731926942;2.111436950146617;2.619241510354109;32.54188555443156;26.71097981290005;26.825957834552618;39.460020768432;-0.15154730561787805;0.0265249251728763;-0.08420425731207379
2011-04-01;1.395136715106049;2.487124733073731;3.0772344447868694;35.05004855215515;30.255681818181813;27.9455605730909;40.90909090909092;-0.3537746898030994;0.027091058920477806;-0.24758996646840567
2011-05-01;1.524046176942595;2.76679014671104;3.4589718808964998;39.165971005765066;37.22914409534126;29.553903881517662;40.394600207684306;-0.3437124450051375;0.02449774497744972;-0.6222768212779781
2011-06-01;1.5853961420647433;2.788886329850726;3.5023181506360412;37.84318289457862;27.79031187790313;32.689440841956575;40.91858037578289;-0.23294395974322712;0.024861878453038777;-0.2132936356061163
2011-07-01;1.7343971521115886;2.875402702815766;3.5798809769996165;41.23578330719759;27.26201387979572;24.318423469646966;33.19999999999999;-0.3246247064154785;0.02554408909778272;0.33969834685727146
2011-08-01;1.8392159295329114;2.9759231211155868;3.75499603070808;33.263166822835146;12.379588648789387;21.225210980324704;23.4911792014856;-0.298553753415141;0.026538736347861525;1.1937763372315908
2011-09-01;1.8505698432543571;3.018887613482213;3.812621692818685;34.16992539701411;13.67680254946222;9.99759471091497;14.285714285714302;0.22553822001563206;0.02762205687493613;0.8547848316488467
2011-10-01;1.7445939253879272;2.6941280490976105;3.5222681306640524;25.320603111196995;5.506715506715487;4.167348946101512;4.662781015820161;0.4477443052692128;0.02815899156246826;0.48182662971348983
2011-11-01;1.8278484142848272;2.700177520321412;3.451432214581729;24.578780516408894;15.53363441882576;2.9955825574287775;1.6116035455278066;0.2217407164103673;0.03048160942897793;0.950331482880971
2011-12-01;1.975812266930399;2.526283080428815;3.062066838419386;15.929531538599772;10.703054806828384;-5.604468427224784;-5.568445475638062;0.2578882818167462;0.028846153846153966;0.7170562838716894
2012-01-01;2.0609972965471846;2.569318944596488;3.0087663379855023;12.718103401854108;12.100201297248937;-6.312494000563018;-8.451757666417336;-0.83319598768575;0.03030609152439645;0.4206817842995099
2012-02-01;2.024565688075275;2.5127439369754256;2.8981784423473878;12.205726490323364;14.143782094217471;-6.8533802598306215;-8.866279069767435;-1.561003417404597;0.03053512042729012;0.14212991236027384
2012-03-01;2.04405737704918;2.2965044719783334;2.5828752813320977;7.450999806170788;3.157178939187877;-4.1401283595267735;-6.329113924050644;-1.1889449062221764;0.031872109390709946;0.036310142532219244
2012-04-01;1.9647530258423362;1.9998365812803787;2.2731633741348567;-2.4264451133715115;-6.0977826245001925;-8.006141307063974;-8.797653958944284;-0.8690692320169363;0.03139103399859611;-0.07640433984674287
2012-05-01;1.8254688599487867;1.576278435126155;1.7379429374660749;-5.152444807429202;-6.542978387446952;-10.217562293041393;-11.982248520710048;-0.720862324157627;0.031415707853927;0.4010250555532743
2012-06-01;1.8194042622549977;1.5460452610351672;1.653870448297634;-13.776132327907408;-14.414788659258504;-8.67721413881859;-14.148148148148143;-1.0153428427006985;0.031147050014974642;0.8133389621517935
2012-07-01;1.7739983114465563;1.4102264292904065;1.4175114798464783;-11.419863191632762;-9.527729190245903;-2.681954932172248;-8.333333333333325;-0.7909650953421792;0.03138387964531231;0.39111147404158636
2012-08-01;1.6354499771585207;1.512415807839007;1.6859349154821235;-1.016929675486622;9.06984825668944;-1.3309981273321947;-7.218045112781946;-1.4080848251096614;0.032116933479168885;-0.1344703003048799
2012-09-01;1.6921641033964985;1.6774206618518583;1.9497168982819613;-0.7498461858722827;10.641280224272865;1.4142065094479017;-3.9877300613496924;-1.5499612423346485;0.03273160087284288;0.2899471997416453
2012-10-01;1.8890883095549427;1.977209420106374;2.1556780595369363;-1.5349716270459335;3.6569841453535368;2.757112818891927;-1.352426412092289;-0.998925381617301;0.03154043899545189;0.3871232206862212
2012-11-01;1.7839073946654738;1.6992155911369933;1.7960197033926262;-6.217629858806961;-10.852792922538834;2.09485279156576;-1.9825535289452856;-0.8571526747622624;0.031058962729244577;0.6083796137513744
2012-12-01;1.6890253757879448;1.625515234785424;1.7595049796895523;-5.186921758005125;-10.469716952419594;4.857294667843415;0.6552006552006606;-1.18839526168053;0.030595179537629136;0.5309743978676318
2013-01-01;1.5943517847071043;1.4739788367246431;1.684061762098299;-3.5456853767311114;-5.536711891460488;3.607671446776206;0.8169934640522847;-1.383497726743758;0.029610746151583545;0.5199625011175436
2013-02-01;1.5750407338120942;1.618363554171487;2.0181404902574807;-4.761093538304917;-6.777506112469444;0.6155169442304986;-1.674641148325362;-1.4533557288325267;0.030901623313123405;-0.08841512786882008
2013-03-01;1.4960590391083883;1.2914222690128874;1.5187472411246183;-10.726779774505724;-12.374046520387981;-1.2182977757017932;-2.30524642289347;-1.1440967517323894;0.030010718113612;0.1426665585839971
2013-04-01;1.4206083451967944;1.079446458254063;1.138808047576867;-10.339251073819344;-10.897125713732702;1.562729895521997;-1.205787781350487;-1.1416599385760196;0.02975495915986004;0.04053230056712667
2013-05-01;1.4271835908940878;1.2590973795536975;1.3903888279197085;-3.502198093888531;0.10559662090812161;8.62014340205306;2.6050420168067134;-1.1880898107878315;0.030167814530992265;-0.36585215627032697
2013-06-01;1.4887443721860905;1.5285244323196778;1.7157935271568725;7.248649798319562;16.24802815192332;6.717199202749624;4.3140638481449445;-1.0046952199689025;0.030690289476231758;-0.16453242314278183
2013-07-01;1.5131980050573146;1.6182073390816232;1.885471805415806;5.629503777246159;18.969634936881597;-0.7669348308502522;-3.439803439803435;-0.6758916737431415;0.031298299845440525;-0.3443789825914542
2013-08-01;1.5671820688001992;1.4339245565825554;1.538809488600279;1.687436907966311;13.179694137638066;-4.4756193879762485;-5.834683954619124;-0.7361337921500724;0.03140655105973034;-0.18996173083185924
2013-09-01;1.5552673583399956;1.1665786668526135;1.0947341081747997;1.7395072181197513;12.214949324324342;-5.507830152868309;-7.028753993610226;0.07306032718247374;0.030445639646561773;0.013450575972152627
2013-10-01;1.5256463844270707;1.0379729233091828;0.8767991434911471;1.6675783134265654;12.247404264820826;-5.438664010020355;-4.193548387096779;0.2864219430810388;0.03086360586600212;0.37204366542477935
2013-11-01;1.5935819307890453;1.2643004105000522;1.2328701961954458;1.5558846412248695;8.308331410108472;-3.79514855483003;-3.9644012944983764;-0.06483451770118102;0.03222721621880087;-0.516391398647701
2013-12-01;1.65799094015735;1.4822104917837198;1.5128383667573297;5.175573858731353;10.628895184135967;-2.854150714642978;-3.82424735557364;0.5541659208262287;0.03283696067201225;-0.19425417710238224
2014-01-01;1.5415729000406442;1.479357456814867;1.557758795574915;0.7658600361460932;-0.0739254409124479;-3.550027822218327;-5.834683954619124;-0.17411390248105585;0.033139700980858944;-0.3019056103181481
2014-02-01;1.4822956273764287;1.1684922298232259;1.1204746347724948;1.9198843313348313;5.770037767519942;-0.23376920614697205;-3.8929440389294356;-0.6483581205156707;0.030544488711819362;-0.48854095909764306
2014-03-01;1.581837067814229;1.5046078615760905;1.6126949139408042;1.5777376150343692;8.32885545405695;5.344676454857411;-0.6509357200976451;-0.15918524487487573;0.030649891211806057;-0.2673223426917433
2014-04-01;1.6962723525399737;1.7811856078617794;2.015125303606169;4.4675118495072885;10.861301183881821;5.28654944724134;-1.1391375101708734;-0.8102303128735026;0.03371104815864023;-0.4429828030924839
2014-05-01;1.7665297416857628;1.8899118899118772;2.166947687079812;4.9777451590863775;7.784810126582298;-0.9471500860741222;-0.6552006552006495;-0.909016472876313;0.03267419962335216;-0.40584004924781847
2014-06-01;1.7173051519154603;1.785079227091324;2.0589816945944195;6.913611043560541;10.42797494780794;-1.6762746423388153;-1.3234077750206907;-1.0643803986533402;0.03409731354499357;-0.6573780928816779
2014-07-01;1.7741983124440086;1.8114726601811348;1.9742378703305974;-0.21311364311561443;-0.9750501864066452;-2.2997490373052654;-1.2722646310432517;-1.3161282537753252;0.033533158486324544;-0.5622728724494517
2014-08-01;1.6944485420661737;1.6422027386464366;1.7150983482969062;-6.103016667269856;-9.411654311719985;-4.262430445032884;-2.753872633390708;-1.008877456190519;0.03371940967681675;-0.4756239229070204
2014-09-01;1.7063035982671781;1.6277695716395923;1.6840509711232077;-9.997796276292625;-12.305955405024005;-3.0955619625040787;-6.099656357388328;-0.6705204344203403;0.03513840991704731;-0.12660732690826168
2014-10-01;1.5821202764299436;1.430369045044344;1.6095417021513292;-15.857409681591616;-16.053312114581264;-3.0702976162567674;-7.912457912457905;-0.7034899183325725;0.03635518363551826;-0.18671320876980066
2014-11-01;1.5128089711724746;1.1945308742552507;1.231524989320798;-20.839453433732924;-19.252077562326864;-4.177681126771526;-8.845829823083406;-0.3431456855608432;0.03483416712988707;-0.2682289339903824
2014-12-01;1.4697116277251787;0.8385251361623602;0.6531213919623191;-36.374714976638046;-39.27071596845232;-6.858304091111666;-11.082910321489003;-1.0426300675570903;0.03650646950092429;-0.29175513184765184
2015-01-01;1.357077304590626;0.18283501828348925;-0.22993097820542818;-46.65930471837899;-50.09511731135067;-11.229840290131287;-13.339070567986234;-1.4483565994213043;0.0360401880357637;0.05742381378645559
2015-02-01;1.3962474021602223;0.28923762434287514;-0.08703146293520536;-43.16758112918077;-49.8313826621702;-16.12618195951896;-16.87763713080169;-1.9994600101719866;0.03847569955817365;-0.28181743447135155
2015-03-01;1.3595107319543498;0.2808577864895634;-0.022031284423873476;-43.67047599536812;-52.5595238095238;-22.752004785421732;-21.7035217035217;-1.8797236314903054;0.037999082147774255;-0.406011924786883
2015-04-01;1.3384655760650732;0.16351638083742515;-0.10403098939391064;-43.08380526366673;-46.654256882531584;-22.77647097062744;-22.057613168724277;-1.829678616631592;0.03608294509911403;-0.440376683819298
2015-05-01;1.2846760656310297;0.23027817992791189;0.03503321824429584;-40.1450666150973;-41.99451947543551;-19.631801804720784;-21.681780708985986;-1.8151269026904064;0.03656423816905274;-0.37205218057345535
2015-06-01;1.2899786780383726;0.3115446207599293;0.1795718097550525;-42.5475016381908;-43.454012666603646;-18.128368704970665;-20.78792958927075;-1.5243276474918839;0.036243073848669205;-0.2069301927076429
2015-07-01;1.1937815012237563;0.24324062409148972;0.22568611104094582;-45.41558548903559;-50.86398300994305;-16.38944645779653;-19.415807560137466;-0.9059714681035125;0.037067246692042755;-0.04347595140236919
2015-08-01;1.2291118675537671;0.2568401872510284;0.2413037985344868;-49.8074577897354;-55.59353635798634;-14.987731698525241;-20.707964601769913;-0.7387598716268282;0.03632420710219564;-0.013826287977865448
2015-09-01;1.2343532684283565;0.0833309109231406;0.008842961634170088;-47.83588750592983;-51.20695204377213;-14.046711196030692;-18.57273559011894;-1.068499354285883;0.035566360525841834;0.6059522817202316
2015-10-01;1.1579770141562529;0.09401320061641627;0.12761656067050708;-43.25857272100379;-45.236966824644554;-13.061788807894692;-17.367458866544794;-1.2787835918864658;0.03454153956576356;-0.10266909710606037
2015-11-01;1.1567379988432602;0.2318182699955429;0.4363182169185187;-43.04042293016761;-44.003166644676085;-16.505567357212993;-18.94639556377079;-1.8514742595254154;0.03446732318710821;-0.4375306160978772
2015-12-01;1.1286920847096926;0.3040606178356331;0.6387247515364791;-39.11057978821746;-37.274413897790524;-15.415418142359517;-17.126546146527122;-2.0592959002388502;0.03352652697280423;-0.26745960772650823
2016-01-01;1.3369808122062121;0.8207680671448836;1.2375025026943876;-36.805618866300016;-32.90978398983482;-11.687447934939332;-15.690168818272088;-2.6041692451093583;0.03407473309608533;0.26101086132357887
2016-02-01;1.39434180138569;0.5923962819338602;0.8472775790126619;-42.0380054769075;-40.055357848952156;-7.782710107661628;-12.690355329949243;-3.025774452753988;0.03235241978372638;0.3348170006754226
2016-03-01;1.3845119139123785;0.6321051044918313;0.8916160965521946;-32.4112745817104;-21.47636971978253;-1.890660584941528;-8.577405857740573;-2.615796426857118;0.03218675391281289;0.48945916294695646
2016-04-01;1.4675414364640815;0.8871829754154126;1.1726257503534843;-29.77599062657338;-25.160697887970617;-0.8074487118311935;-5.807814149947199;-1.7652356620763061;0.031211426556162936;0.17377196731596445
2016-05-01;1.4973415720649363;0.7958819651789462;1.0784764621246223;-26.767705517827878;-21.191159102412694;0.6698793120879065;-4.631578947368431;-1.7290264496073535;0.03193173821252637;0.0004292640480218065
2016-06-01;1.4984068662628802;0.7924068268895912;1.0792865347959424;-21.2462994357824;-18.488799732530925;3.266618254221809;-0.7407407407407418;-1.7675577571216536;0.030329593267882204;1.5922962321071785
2016-07-01;1.5812165999063321;0.7511528310824467;0.8683633430518256;-17.516410899795275;-12.278978388998041;3.7213199283951726;-0.8528784648187626;-1.4820389320227736;0.03023682600716593;1.4814338131820102
2016-08-01;1.6975706684244196;0.9009879932715847;1.0553158595656864;-5.193292884077582;4.315372055050148;5.189261994220606;6.36160714285714;-1.575319792152976;0.029906705030953162;0.16310099977446518
2016-09-01;1.6839353521476141;1.2256871496480803;1.5486446201652182;-4.402221672565032;-0.659630606860151;5.62532183744775;7.977528089887631;-1.1926828046729925;0.029388748804451748;0.24011094740909159
2016-10-01;1.8201070314512124;1.4640664639696377;1.685924966243646;4.825382055494187;7.7022933794894;3.944566927124993;6.084070796460184;-1.1049104000915908;0.02931228861330326;0.024804323298673377
2016-11-01;1.7619592147894103;1.4409166126363226;1.6843334719788938;6.25335109866616;7.587181903864271;9.080407763192655;9.236031927023935;-0.7135773528516763;0.030203375162267454;1.6993134739722529
2016-12-01;1.8284147073108103;1.708424936805697;2.0507989115119862;36.04147685056098;39.74186609303576;10.799522710387466;9.184845005740527;-0.7542548543077561;0.029333103269778338;1.2889919834554746
2017-01-01;1.9010684004410416;2.0366677637310593;2.5103933482571117;65.52319473687402;65.71969696969697;15.400066549842029;15.076560659599526;-1.029373573065192;0.028650090338122602;1.9106081260040053
2017-02-01;1.8867029202137342;2.1890315956684114;2.8103616813294208;61.25552943859094;76.35224274406332;14.305210233074671;14.06976744186046;-1.3591870470495762;0.029363784665579207;0.9944035670015952
2017-03-01;1.6925540887595902;1.9008320367990272;2.44119623655914;32.9941637928328;31.371504660452732;6.543263488083073;10.068649885583515;-0.5990431249372455;0.030069390902081716;1.473502921400296
2017-04-01;1.7024937137239293;1.83870625969198;2.176223471915395;29.435915168048467;25.300613496932513;2.733709088177627;6.614349775784745;-0.4718999101601534;0.0301812585499317;0.6900163544283863
2017-05-01;1.6526975497413776;1.6599824961289533;1.8563431667619756;13.35784312722117;3.789338471419379;3.723521473101221;7.505518763796926;-0.8898973074643304;0.02957974597221047;0.4718353067068735
2017-06-01;1.6959378564627592;1.577153827693789;1.640565809959127;1.7187041920128765;-7.342083675143563;0.9066966871080551;4.47761194029852;-1.1170377565159688;0.030457716522034994;0.5368291229635889
2017-07-01;1.5876601070988317;1.5601911378072764;1.7251073506566073;9.847225935594661;4.434490481522957;2.86967059370713;7.741935483870965;-1.0183020687694482;0.029858342522690595;0.22248394003321698
2017-08-01;1.5048470729691177;1.6287581198382695;1.92812155729698;13.994269034115758;7.423971377459759;-0.0427898926226189;4.197271773347322;-0.593164360068576;0.02963088384693524;0.12040776140595737
2017-09-01;1.5838016870115101;1.879393620582448;2.1805652303711787;20.01694462673653;10.27003098716246;-0.843036206556047;3.9542143600416413;-0.27013570127632547;0.02998564067911147;0.3533023777297634
2017-10-01;1.6948199780769668;1.8189452789494798;2.020757753132485;13.93015234772208;3.615910004017664;1.0022838646312149;3.1282586027111536;-0.11110895244139787;0.029741342994355158;0.24322498298141854
2017-11-01;1.6968039779378108;1.9594375441207346;2.172493864295566;31.070325412634347;24.047306176084106;1.081886139257482;3.2359081419624403;-0.15141195866595278;0.02906586021505375;0.3355667081584862
2017-12-01;1.720767986233862;1.8835045754497015;2.129930719552253;17.764834334325318;11.37194535308832;-0.04399919534868735;1.3669821240799296;0.04704074673428099;0.029586790713267863;0.24294928748265668
2018-01-01;1.73127868363121;1.844227302912449;2.10370333883374;21.667149748721883;21.333333333333336;-0.6748669139401198;-0.92118730808598;-0.4486756926536793;0.02960856473737028;0.27151082848104985
2018-02-01;1.7846996469722542;1.9639438114917196;2.226584592182146;17.64588032653951;16.38301851505517;-1.0553300936486099;-0.20387359836899765;-0.6351711251512268;0.029443656685294917;-0.11501687902736263
2018-03-01;2.082809136403041;2.1773765268189083;2.3325898348449225;27.20983861972368;27.163997567403197;3.3548360414852985;2.9106029106028997;-0.5853112927966492;0.029524284763805753;0.5137171131675379
2018-04-01;2.0123249091432927;2.1526122649718094;2.437825818102879;27.907076485537985;29.749314531923222;3.807395806773295;3.680336487907465;-0.6271531088284026;0.02979500373474986;0.34638091807253274
2018-05-01;2.107726162731316;2.3651173571232587;2.776593826330709;42.32089175176168;44.34818481848186;2.9881361910923054;1.3347022587268942;-0.3770603316185336;0.031048186785891607;0.6193917054617429
2018-06-01;2.067188253179575;2.384282447220687;2.8485069400359553;51.44427909519278;50.22133687472334;-0.41840561176784696;-1.0204081632653073;-0.29372924427420793;0.029557463672390982;0.6488308247807489
2018-07-01;2.125176017194108;2.440383961301551;2.8987524719234603;47.51428002546136;52.21960111516191;-5.178421186683124;-5.0898203592814495;0.07752072141027747;0.029898690387941684;1.2884010155210266
2018-08-01;2.025763941586911;2.2785979599147854;2.67799969818463;38.57930911852636;41.67360532889259;-4.62330101155427;-3.3232628398791486;0.14369140682504644;0.030587074494326627;0.6810414705631463
2018-09-01;2.039402588046224;2.0653398422831426;2.3551849372045464;37.91598710385764;40.96748293857888;-2.2038255900166392;-5.705705705705711;-0.1669069005087181;0.030178776447433275;0.9002726841103975
2018-10-01;1.9300573028946166;2.113560529374281;2.5285249730360837;32.85359895357283;37.165568049631645;-1.2107728202598755;-5.662285136501522;-0.046829580714845956;0.02961872034036994;1.2685404449704891
2018-11-01;2.0598337031887404;2.0050523952095833;2.1728053574028294;5.491557734220609;0.5649717514124353;-6.291268393816507;-6.774519716885741;-0.5238153314241641;0.029142857142857137;1.6277338315680197
2018-12-01;2.0566521711149255;1.8645731108930308;1.9152155929057058;-7.981220580628435;-14.443676572218378;-3.5116733917781917;-4.356846473029052;-0.309710516656504;0.028166720937805145;1.9738100175547588
2019-01-01;1.833852924995405;1.4680403152188104;1.4983336214486442;-14.62222712908302;-19.34065934065934;-5.056913468129077;-3.615702479338845;-0.7290311446768826;0.028594638505280434;1.8653268101310767
2019-02-01;1.6682986648119957;1.3590644579545286;1.4817249908795294;-8.223140745778068;-11.698537682789645;-6.724822255803198;-3.9836567926455624;-1.7049280726697675;0.028358450818343872;1.0500805130665172
2019-03-01;1.5628708623176557;1.4747920997920883;1.879950797536667;-6.565597603005613;-7.301131834847762;-8.271154517457957;-5.858585858585852;-1.5655243504957468;0.02754665158736569;1.6905805517006625
2019-04-01;1.6901742109483253;1.6211762091697057;2.0056287128317196;-5.875671180090835;-3.6075471698113204;-4.825472447189183;-5.070993914807298;-1.3310490147659018;0.028610573823339758;0.8433947004015494
2019-05-01;1.6140912438960209;1.5008826002975928;1.8127514664306066;-14.77532136843398;-13.075164332666489;-9.475819400959507;-4.457953394123615;-0.7856161499435427;0.026981450252951067;1.545363026443185
2019-06-01;1.7174359253810056;1.457435319961986;1.6896439124236329;-24.642939871985448;-19.463680565787545;-3.715661440360829;-1.6494845360824684;-0.5507390966343068;0.027265437048917374;2.62817857595441
2019-07-01;1.7344291442152437;1.5189943464266165;1.8211624085340272;-23.224253066375233;-19.20259227951536;-1.0442753022915086;0.0;0.31249729546524563;0.026231605886116283;1.8396704112632205
2019-08-01;1.8522045951363753;1.5134895982155117;1.759689214257043;-27.904694809818263;-19.46811636791067;0.9234520979199079;-1.9791666666666763;0.4214623674711598;0.02553055688527195;2.6508847073296384
2019-09-01;1.7126046616881663;1.3750919793966254;1.7273300322313334;-28.919448337882002;-18.909298020788835;-2.6094606180123048;-0.849256900212314;0.6609958994454428;0.02603088680146448;2.0255494100462754
2019-10-01;1.7163619273144581;1.4061883301054623;1.7570848921546256;-30.652627185223658;-23.731448763250885;-4.022229591664839;2.036441586280824;0.2671692925660848;0.02574698029243483;1.8064299665057122
2019-11-01;1.5680542774138884;1.417132164772572;2.03081648242478;-13.548064144954497;0.1228932584269593;4.613644138871709;6.941431670281983;-0.20140839653037265;0.02617593400491791;1.7284948399148965
2019-12-01;1.6377493108480579;1.6506101477199886;2.261721394886562;-0.7351447295115832;20.92084006462036;5.3999004887978375;9.54446854663773;-0.25220177071689703;0.026524148851939877;1.9104740814242425
2020-01-01;1.7828200972447306;1.9021389883411288;2.460490355289746;-4.416864524605158;11.950175165434018;4.913099541165344;9.86066452304395;-1.5108597226950429;0.027167903964618434;1.3728926606746878
2020-02-01;1.9073594008785166;1.8663560658864986;2.319710826238963;-18.91709605669013;-8.02547770700638;2.3683489202747765;5.7446808510638325;-2.288163914941042;0.02804916482823816;1.3984563277682767
2020-03-01;1.7042083880130177;1.3436016573221243;1.5306383296693093;-46.7044199166916;-49.76784178847807;-0.88017493480812;2.145922746781115;-1.7868281908000962;0.018632075471697984;3.2402209412068164
2020-04-01;0.9148171709659758;0.41363350613616845;0.3648648119045417;-63.29419730673615;-74.0839336047604;-8.502155685260126;-1.175213675213671;-1.5838179724527937;-0.09496199952989104;3.2651590573005116
2020-05-01;1.0022909507445554;0.5080717856264849;0.2424361108391171;-52.00130407779721;-53.04948216340621;-1.6082314623133587;-3.3934252386002117;-2.14759134886787;-0.08116349988271165;4.308704530147883
2020-06-01;1.132173183210261;0.9079330422125276;0.7268141963729713;-33.28454023632926;-29.912184412733257;-0.406308822742385;-2.2012578616352307;-0.5728504927754593;-0.06775956284152995;2.8499837591025314
2020-07-01;1.3018279090503793;1.0420262732343755;1.0328253223915507;-31.514778002102272;-29.014821272885793;-2.629105942207255;-1.1566771819137678;0.07800159448627418;-0.06678615960099743;3.17076310352376
2020-08-01;1.497920544309772;1.298430079994195;1.3275873510318892;-20.981709339831223;-22.751322751322746;0.36968069238396684;1.9128586609989506;-0.06441964280834439;-0.05725844095223265;2.4476215480284456
2020-09-01;1.5698559185525873;1.3800299414780115;1.4006453724921597;-26.844035215279995;-30.412642669007905;4.108765772482026;4.925053533190571;-0.19900249043789472;-0.05399953448677153;2.2862563465640373
2020-10-01;1.419051004087435;1.173073615800302;1.1841977419793537;-22.546771278686617;-26.982950333580437;9.302498399336923;6.512605042016806;0.07181887488667803;-0.04779981406879463;2.5297807851452734
2020-11-01;1.3839539511085963;1.1052022284928853;1.1377566062035438;-22.399594940240732;-28.213221111695606;8.114600962176443;7.099391480730222;-0.5286371675217336;-0.046301306330679526;3.3948573297657494
2020-12-01;1.4801815216620495;1.291644477339804;1.278154439466772;-10.234947335567623;-21.476285905143623;5.273022964393026;7.524752475247509;-0.43357359165880177;-0.04635557269571933;2.357429069315136
2021-01-01;1.5092002830856321;1.412587160591694;1.3599709295582851;8.944677922720823;-9.596662030598058;10.451675656697201;10.73170731707318;0.09820227138690184;-0.044441027218206974;2.089114347966319
2021-02-01;1.487435410502136;1.6268873063175926;1.6752442984166338;30.027114659771392;16.818361693707963;18.164111058285258;17.303822937625736;-0.09278239636257483;-0.04245861434702636;1.167179425420453
2021-03-01;1.973486522315504;2.451219292070528;2.6583773943021027;93.61048349379686;113.38582677165351;25.783322065577607;25.210084033613445;0.44906118750742585;-0.030639808597669238;1.1634173072164176
2021-04-01;3.0827147778527575;3.582154555270267;4.151991065780525;171.6282291471493;272.93051359516613;39.61969921215165;31.999999999999986;0.8191398274462484;0.09064150290018169;0.9318430225658991
2021-05-01;3.4572582931670093;3.9697422657063886;4.944440971462516;132.03572186611257;128.18627450980395;40.11637996375732;40.614709110867175;1.1444810956924656;0.07718492043230363;0.8041910517597592
2021-06-01;3.586279962918826;4.030004147207844;5.341015562734963;108.28403626515967;86.32210910989295;27.944577307355843;34.29796355841373;1.1105056007726504;0.0643108357059119;0.6401464750578363
2021-07-01;3.6035560249978005;4.159286465685419;5.276104941924564;110.64329502317878;78.06435765168263;32.15175874758509;32.55319148936169;1.2605039303184218;0.06847599164926943;1.0334687014186752
2021-08-01;3.599161190127309;4.237067845074094;5.205331689652515;97.99065169796128;59.96693434104865;33.36521355302371;33.47236704900938;1.5438129653188293;0.060901138801782384;1.1718575045697899
2021-09-01;3.7027626148899095;4.436349967781195;5.389907375379521;136.07976717475378;80.79737572546051;27.058688545959654;31.83673469387753;1.802985142694895;0.06060854588698428;1.024045309262113
2021-10-01;4.186197289222604;5.058376202191894;6.236940757128817;175.75020686337024;106.80203045685279;21.51461641536898;31.360946745562114;2.0070804124570194;0.056626800097632435;0.8855113776782565
2021-11-01;4.68659645679641;5.649879237856692;6.828372091239299;136.91532784825733;93.33170493404985;19.693606807977204;28.12500000000002;0.9756039147582223;0.05884260009726039;1.3526915941606288
2021-12-01;4.889339179345642;5.782391730529324;7.096542337630551;103.11290786383948;52.50957039557633;21.93166801128048;23.112338858195216;1.0023703973543368;0.062439340019411205;1.896405987318351
