date;CPI;target;v_cpi;vol_cpi1;inf_seasAdj;IT_reg;inf_seasAdj_l1;inf_seasAdj_l3;inf_seasAdj_l6;inf_seasAdj_l12;inf_seasAdj_l24
1991-01-01;22.52;15.0;60.62767475035664;2.6759777312566957;9.880211438175738;0.0;8.754877975056981;4.987363367678513;2.492145633177688;-0.7452128048947271;-0.7458566659402626
1991-02-01;22.44;15.0;57.47368421052632;2.7204728867005143;7.5491963268664835;0.0;9.880211438175738;5.352472626686741;-0.9476484176294906;-2.350165324279419;-0.5591196945495999
1991-03-01;22.47;15.0;53.06539509536785;2.648029999601169;4.624008913901712;0.0;7.5491963268664835;8.754877975056981;3.7250065379097084;-2.6890485373053883;0.049399953902221294
1991-04-01;22.77;15.0;49.40944881889764;2.520100406850079;3.4253976405731463;0.0;4.624008913901712;9.880211438175738;4.987363367678513;-2.915224911403984;1.433346954478972
1991-05-01;23.02;15.0;42.538699690402495;2.3922201872407745;-0.4056299534335212;0.0;3.4253976405731463;7.5491963268664835;5.352472626686741;0.2791010175848681;2.3542510624697663
1991-06-01;23.22;15.0;38.626865671641774;2.2243623533021166;-0.6561570095606158;0.0;-0.4056299534335212;4.624008913901712;8.754877975056981;0.9850400514954955;1.1602375351976268
1991-07-01;23.27;15.0;34.27582227351416;2.0045168691701547;-0.6303173826844715;0.0;-0.6561570095606158;3.4253976405731463;9.880211438175738;2.492145633177688;-3.378311885736996
1991-08-01;23.62;15.0;34.97142857142859;1.6704426921863018;4.366159579083636;0.0;-0.6303173826844715;-0.4056299534335212;7.5491963268664835;-0.9476484176294906;-4.169394575054021
1991-09-01;23.46;15.0;26.332794830371565;1.3439051531287047;-0.37568082589046087;0.0;4.366159579083636;-0.6561570095606158;4.624008913901712;3.7250065379097084;-4.745905458647968
1991-10-01;23.48;15.0;21.469218830832926;0.9903519423400909;-1.8299163061000199;0.0;-0.37568082589046087;-0.6303173826844715;3.4253976405731463;4.987363367678513;-4.920400470767663
1991-11-01;23.61;15.0;17.696909272183458;0.5876165261614053;-2.511859447496905;0.0;-1.8299163061000199;4.366159579083636;-0.4056299534335212;5.352472626686741;-3.2950859510703503
1991-12-01;23.91;7.0;10.032213529682465;0.5008258331509345;-7.577651014760427;0.0;-2.511859447496905;-0.37568082589046087;-0.6561570095606158;8.754877975056981;0.3175563288222598
1992-01-01;24.02;7.0;6.660746003552398;0.5164645254617365;-8.919903228946819;0.0;-7.577651014760427;-1.8299163061000199;-0.6303173826844715;9.880211438175738;-0.7452128048947271
1992-02-01;24.27;7.0;8.155080213903743;0.5179388053239634;-5.364662099283046;0.0;-8.919903228946819;-2.511859447496905;4.366159579083636;7.5491963268664835;-2.350165324279419
1992-03-01;24.73;7.0;10.057854917668019;0.5484440801856787;-1.7166458418681456;0.0;-5.364662099283046;-7.577651014760427;-0.37568082589046087;4.624008913901712;-2.6890485373053883
1992-04-01;24.92;7.0;9.442248572683365;0.5963900238986771;-1.2554583703695834;0.0;-1.7166458418681456;-8.919903228946819;-1.8299163061000199;3.4253976405731463;-2.915224911403984
1992-05-01;25.1;7.0;9.035621198957443;0.6507216273979517;-1.0045894129401982;0.0;-1.2554583703695834;-5.364662099283046;-2.511859447496905;-0.4056299534335212;0.2791010175848681
1992-06-01;25.3;7.0;8.957795004306647;0.7080120483479505;-1.0803791364331696;0.0;-1.0045894129401982;-1.7166458418681456;-7.577651014760427;-0.6561570095606158;0.9850400514954955
1992-07-01;25.7;7.0;10.442629995702625;0.7801320789493649;-0.03029836884533224;0.0;-1.0803791364331696;-1.2554583703695834;-8.919903228946819;-0.6303173826844715;2.492145633177688
1992-08-01;25.9;7.0;9.652836579170177;0.8613660749944302;-1.3532399910255566;0.0;-0.03029836884533224;-1.0045894129401982;-5.364662099283046;4.366159579083636;-0.9476484176294906
1992-09-01;26.08;7.0;11.16794543904518;0.8959285009350196;-0.08431801628388941;0.0;-1.3532399910255566;-1.0803791364331696;-1.7166458418681456;-0.37568082589046087;3.7250065379097084
1992-10-01;26.2;7.0;11.584327086882439;0.8890018236336932;0.06619381731727982;0.0;-0.08431801628388941;-0.03029836884533224;-1.2554583703695834;-1.8299163061000199;4.987363367678513
1992-11-01;26.72;7.0;13.172384582803897;0.9069742403878177;1.4003295628720145;0.0;0.06619381731727982;-1.3532399910255566;-1.0045894129401982;-2.511859447496905;5.352472626686741
1992-12-01;27.31;7.0;14.219991635299035;0.9824964337971035;2.0420122268135827;0.0;1.4003295628720145;-0.08431801628388941;-1.0803791364331696;-7.577651014760427;8.754877975056981
1993-01-01;27.44;7.0;14.23813488759369;1.0033712114061126;1.4334496238964436;0.0;2.0420122268135827;0.06619381731727982;-0.03029836884533224;-8.919903228946819;9.880211438175738
1993-02-01;27.5;7.0;13.308611454470531;0.9870203092686957;0.10728933279614691;0.0;1.4334496238964436;1.4003295628720145;-1.3532399910255566;-5.364662099283046;7.5491963268664835
1993-03-01;27.7;7.0;12.009704811969257;0.9914555415694999;-1.4345580842909564;0.0;0.10728933279614691;2.0420122268135827;-0.08431801628388941;-1.7166458418681456;4.624008913901712
1993-04-01;28.09;7.0;12.720706260032099;1.0060031929582542;-0.8630470210582097;0.0;-1.4345580842909564;1.4334496238964436;0.06619381731727982;-1.2554583703695834;3.4253976405731463
1993-05-01;28.25;7.0;12.549800796812738;0.9937116678331073;-1.0400449528400677;0.0;-0.8630470210582097;0.10728933279614691;1.4003295628720145;-1.0045894129401982;-0.4056299534335212
1993-06-01;28.94;7.0;14.387351778656132;1.0326323379859463;0.909941132294623;0.0;-1.0400449528400677;-1.4345580842909564;2.0420122268135827;-1.0803791364331696;-0.6561570095606158
1993-07-01;29.62;7.0;15.252918287937757;1.1452626402495145;1.9682033733536377;0.0;0.909941132294623;-0.8630470210582097;1.4334496238964436;-0.03029836884533224;-0.6303173826844715
1993-08-01;29.7;7.0;14.671814671814666;1.1932724929470266;1.3718676172550333;0.0;1.9682033733536377;-1.0400449528400677;0.10728933279614691;-1.3532399910255566;4.366159579083636
1993-09-01;29.57;7.0;13.381901840490794;1.1619523799765201;0.0001345726852691187;0.0;1.3718676172550333;0.909941132294623;-1.4345580842909564;-0.08431801628388941;-0.37568082589046087
1993-10-01;29.74;7.0;13.51145038167938;1.0863268663739403;-0.057455459400064676;0.0;0.0001345726852691187;1.9682033733536377;-0.8630470210582097;0.06619381731727982;-1.8299163061000199
1993-11-01;30.13;7.0;12.761976047904188;1.0577717431496376;-0.8948387108408178;0.0;-0.057455459400064676;1.3718676172550333;-1.0400449528400677;1.4003295628720145;-2.511859447496905
1993-12-01;30.49;7.0;11.644086415232513;1.0852017686990927;-2.0045444985927094;0.0;-0.8948387108408178;0.0001345726852691187;0.909941132294623;2.0420122268135827;-7.577651014760427
1994-01-01;31.15;7.0;13.520408163265296;1.1484930838433995;0.010652885780560506;0.0;-2.0045444985927094;-0.057455459400064676;1.9682033733536377;1.4334496238964436;-8.919903228946819
1994-02-01;31.44;7.0;14.327272727272721;1.1688442880455574;1.2260376172505376;0.0;0.010652885780560506;-0.8948387108408178;1.3718676172550333;0.10728933279614691;-5.364662099283046
1994-03-01;31.62;7.0;14.151624548736464;1.1467860226816233;1.3327814753265068;0.0;1.2260376172505376;-2.0045444985927094;0.0001345726852691187;-1.4345580842909564;-1.7166458418681456
1994-04-01;32.0;7.0;13.91954432182272;1.1427753961563745;1.2427184214065838;0.0;1.3327814753265068;0.010652885780560506;-0.057455459400064676;-0.8630470210582097;-1.2554583703695834
1994-05-01;32.25;7.0;14.15929203539823;1.098150994199048;1.6043155813659848;0.0;1.2427184214065838;1.2260376172505376;-0.8948387108408178;-1.0400449528400677;-1.0045894129401982
1994-06-01;32.35;7.0;11.782999308914999;1.083586916707819;-0.7680209116725348;0.0;1.6043155813659848;1.3327814753265068;-2.0045444985927094;0.909941132294623;-1.0803791364331696
1994-07-01;32.5;7.0;9.72316002700877;1.1078794924073292;-2.5955516597992263;0.0;-0.7680209116725348;1.2427184214065838;0.010652885780560506;1.9682033733536377;-0.03029836884533224
1994-08-01;32.88;7.0;10.70707070707071;1.1283482161856992;-1.171915753941787;0.0;-2.5955516597992263;1.6043155813659848;1.2260376172505376;1.3718676172550333;-1.3532399910255566
1994-09-01;33.11;7.0;11.97159283057152;1.0844758544050814;0.6723067272478112;0.0;-1.171915753941787;-0.7680209116725348;1.3327814753265068;0.0001345726852691187;-0.08431801628388941
1994-10-01;33.4;7.0;12.306657700067248;1.0144620906337931;1.494974249061916;0.0;0.6723067272478112;-2.5955516597992263;1.2427184214065838;-0.057455459400064676;0.06619381731727982
1994-11-01;33.87;7.0;12.412877530700284;0.9806630410083534;2.1544574391062716;0.0;1.494974249061916;-1.171915753941787;1.6043155813659848;-0.8948387108408178;1.4003295628720145
1994-12-01;34.03;7.0;11.610364053788146;0.9327281587802346;1.679855989828848;0.0;2.1544574391062716;0.6723067272478112;-0.7680209116725348;-2.0045444985927094;2.0420122268135827
1995-01-01;34.05;9.0;9.30979133226324;0.9124874428358337;-0.6764320039931258;0.0;1.679855989828848;1.494974249061916;-2.5955516597992263;0.010652885780560506;1.4334496238964436
1995-02-01;33.93;9.0;7.919847328244267;0.8587036565059641;-1.9174010599923061;0.0;-0.6764320039931258;2.1544574391062716;-1.171915753941787;1.2260376172505376;0.10728933279614691
1995-03-01;34.1;9.0;7.843137254901955;0.7924812396210119;-1.6739411477880228;0.0;-1.9174010599923061;1.679855989828848;0.6723067272478112;1.3327814753265068;-1.4345580842909564
1995-04-01;34.36;9.0;7.374999999999998;0.758121182445436;-1.7977245462486828;0.0;-1.6739411477880228;-0.6764320039931258;1.494974249061916;1.2427184214065838;-0.8630470210582097
1995-05-01;34.87;9.0;8.12403100775192;0.7731571442447562;-0.6813717898802624;0.0;-1.7977245462486828;-1.9174010599923061;2.1544574391062716;1.6043155813659848;-1.0400449528400677
1995-06-01;35.31;9.0;9.149922720247305;0.8024748650834147;0.6167551853135435;0.0;-0.6813717898802624;-1.6739411477880228;1.679855989828848;-0.7680209116725348;0.909941132294623
1995-07-01;35.39;9.0;8.89230769230769;0.7882988973193374;0.5212569882571492;0.0;0.6167551853135435;-1.7977245462486828;-0.6764320039931258;-2.5955516597992263;1.9682033733536377
1995-08-01;35.6;9.0;8.272506082725052;0.7940288522349472;-0.24151230379830185;0.0;0.5212569882571492;-0.6813717898802624;-1.9174010599923061;-1.171915753941787;1.3718676172550333
1995-09-01;35.8;9.0;8.124433705829048;0.7964632997687426;-0.6138171731912863;0.0;-0.24151230379830185;0.6167551853135435;-1.6739411477880228;0.6723067272478112;0.0001345726852691187
1995-10-01;36.3;9.0;8.682634730538918;0.8508761082054626;-0.4456374612151075;0.0;-0.6138171731912863;0.5212569882571492;-1.7977245462486828;1.494974249061916;-0.057455459400064676
1995-11-01;36.78;9.0;8.591674047829944;0.9680752537739085;-0.817734179773359;0.0;-0.4456374612151075;-0.24151230379830185;-0.6813717898802624;2.1544574391062716;-0.8948387108408178
1995-12-01;36.96;9.0;8.610049955921252;1.0548685829393378;-1.0024350113511016;0.0;-0.817734179773359;-0.6138171731912863;0.6167551853135435;1.679855989828848;-2.0045444985927094
1996-01-01;37.37;9.0;9.750367107195302;1.1332612499356793;-0.22382926063362324;0.0;-1.0024350113511016;-0.4456374612151075;0.5212569882571492;-0.6764320039931258;0.010652885780560506
1996-02-01;37.61;9.0;10.84585912172118;1.1486550105810938;0.6161265080941948;0.0;-0.22382926063362324;-0.817734179773359;-0.24151230379830185;-1.9174010599923061;1.2260376172505376
1996-03-01;38.02;9.0;11.495601173020532;1.156641886905872;1.0165788613168418;0.0;0.6161265080941948;-1.0024350113511016;-0.6138171731912863;-1.6739411477880228;1.3327814753265068
1996-04-01;38.46;9.0;11.932479627473814;1.1699919062137933;1.2526008714193746;0.0;1.0165788613168418;-0.22382926063362324;-0.4456374612151075;-1.7977245462486828;1.2427184214065838
1996-05-01;38.71;9.0;11.012331517063378;1.1967870497394149;0.23008569842515011;0.0;1.2526008714193746;0.6161265080941948;-0.817734179773359;-0.6813717898802624;1.6043155813659848
1996-06-01;38.96;9.0;10.337015009912198;1.2306194547560096;-0.6275712729666446;0.0;0.23008569842515011;1.0165788613168418;-1.0024350113511016;0.6167551853135435;-0.7680209116725348
1996-07-01;39.49;9.0;11.585193557502116;1.2622670802242772;0.5385699734149858;0.0;-0.6275712729666446;1.2526008714193746;-0.22382926063362324;0.5212569882571492;-2.5955516597992263
1996-08-01;39.88;9.0;12.022471910112365;1.2796152357309976;0.8524308876395605;0.0;0.5385699734149858;0.23008569842515011;0.6161265080941948;-0.24151230379830185;-1.171915753941787
1996-09-01;40.01;9.0;11.75977653631286;1.239480279647929;0.563135868241952;0.0;0.8524308876395605;-0.6275712729666446;1.0165788613168418;-0.6138171731912863;0.6723067272478112
1996-10-01;40.17;9.0;10.6611570247934;1.1994506318234044;-0.5097688252828823;0.0;0.563135868241952;0.5385699734149858;1.2526008714193746;-0.4456374612151075;1.494974249061916
1996-11-01;40.62;9.0;10.440456769983687;1.2009049617985914;-0.5693440864534467;0.0;-0.5097688252828823;0.8524308876395605;0.23008569842515011;-0.817734179773359;2.1544574391062716
1996-12-01;40.97;9.0;10.849567099567103;1.18344995157317;-0.07760575218616242;0.0;-0.5693440864534467;0.563135868241952;-0.6275712729666446;-1.0024350113511016;1.679855989828848
1997-01-01;41.41;9.0;10.81081081081081;1.1934934080887356;-0.10859101585942615;0.0;-0.07760575218616242;-0.5097688252828823;0.5385699734149858;-0.22382926063362324;-0.6764320039931258
1997-02-01;42.38;9.0;12.682797128423307;1.288002917369083;2.092220170750587;0.0;-0.10859101585942615;-0.5693440864534467;0.8524308876395605;0.6161265080941948;-1.9174010599923061
1997-03-01;42.39;9.0;11.49395055234086;1.3183607245362543;1.2695212566007994;0.0;2.092220170750587;-0.07760575218616242;0.563135868241952;1.0165788613168418;-1.6739411477880228
1997-04-01;42.37;9.0;10.166406656266247;1.3087768983660777;0.20873999045028802;0.0;1.2695212566007994;-0.10859101585942615;-0.5097688252828823;1.2526008714193746;-1.7977245462486828
1997-05-01;42.43;9.0;9.60991991733402;1.256483790246129;-0.08309031118505442;0.0;0.20873999045028802;2.092220170750587;-0.5693440864534467;0.23008569842515011;-0.6813717898802624
1997-06-01;42.45;9.0;8.95790554414786;1.1610062902759706;-0.4759938742943267;0.0;-0.08309031118505442;1.2695212566007994;-0.07760575218616242;-0.6275712729666446;0.6167551853135435
1997-07-01;42.64;9.0;7.976702962775373;1.0896482612903582;-1.1000567517058553;0.0;-0.4759938742943267;0.20873999045028802;-0.10859101585942615;0.5385699734149858;0.5212569882571492
1997-08-01;43.09;9.0;8.049147442326987;1.0555262223461688;-0.5814056694572094;0.0;-1.1000567517058553;-0.08309031118505442;2.092220170750587;0.8524308876395605;-0.24151230379830185
1997-09-01;43.35;9.0;8.34791302174458;0.9953174459345034;0.2938858989445255;0.0;-0.5814056694572094;-0.4759938742943267;1.2695212566007994;0.563135868241952;-0.6138171731912863
1997-10-01;43.57;9.0;8.4640278815036;0.8993377192874193;0.7218585679775495;0.0;0.2938858989445255;-1.1000567517058553;0.20873999045028802;-0.5097688252828823;-0.4456374612151075
1997-11-01;43.73;9.0;7.656326932545543;0.8133600343355357;0.17373478875132561;0.0;0.7218585679775495;-0.5814056694572094;-0.08309031118505442;-0.5693440864534467;-0.817734179773359
1997-12-01;43.89;9.0;7.127166219184766;0.7247674653208668;-0.23060904358190817;0.0;0.17373478875132561;0.2938858989445255;-0.4759938742943267;-0.07760575218616242;-1.0024350113511016
1998-01-01;44.43;7.0;7.292924414392665;0.7193810470875943;-0.17335750630674412;0.0;-0.23060904358190817;0.7218585679775495;-1.1000567517058553;-0.10859101585942615;-0.22382926063362324
1998-02-01;44.68;7.0;5.427088249174128;0.820962111110214;-1.9254502662700252;0.0;-0.17335750630674412;0.17373478875132561;-0.5814056694572094;2.092220170750587;0.6161265080941948
1998-03-01;44.98;7.0;6.109931587638595;0.9095166048760206;-0.9927381432055943;0.0;-1.9254502662700252;-0.23060904358190817;0.2938858989445255;1.2695212566007994;1.0165788613168418
1998-04-01;45.3;7.0;6.915270238376214;0.9787546199432995;0.10987401259420926;0.0;-0.9927381432055943;-0.17335750630674412;0.7218585679775495;0.20873999045028802;1.2526008714193746
1998-05-01;45.54;7.0;7.329719538062696;1.0194335176800122;0.738781356221519;0.0;0.10987401259420926;-1.9254502662700252;0.17373478875132561;-0.08309031118505442;0.23008569842515011
1998-06-01;45.61;7.0;7.444051825677267;0.9987943489602347;0.8389064454891403;0.0;0.738781356221519;-0.9927381432055943;-0.23060904358190817;-0.4759938742943267;-0.6275712729666446
1998-07-01;45.75;7.0;7.2936210131332;0.9498261403906733;0.7717417527452106;0.0;0.8389064454891403;0.10987401259420926;-0.17335750630674412;-1.1000567517058553;0.5385699734149858
1998-08-01;45.81;7.0;6.312369459271294;0.9081249413437856;-0.15927077929229988;0.0;0.7717417527452106;0.738781356221519;-1.9254502662700252;-0.5814056694572094;0.8524308876395605
1998-09-01;45.73;7.0;5.490196078431353;0.838980261262219;-0.8330258817088296;0.0;-0.15927077929229988;0.8389064454891403;-0.9927381432055943;0.2938858989445255;0.563135868241952
1998-10-01;45.74;7.0;4.980491163644718;0.7512106390634824;-1.1600226057413305;0.0;-0.8330258817088296;0.7717417527452106;0.10987401259420926;0.7218585679775495;-0.5097688252828823
1998-11-01;46.95;7.0;7.363366110221836;0.7916854862195274;1.5455449682088758;0.0;-1.1600226057413305;-0.15927077929229988;0.738781356221519;0.17373478875132561;-0.5693440864534467
1998-12-01;47.17;7.0;7.473228525860098;0.8013563312888414;1.907686382897805;0.0;1.5455449682088758;-0.8330258817088296;0.8389064454891403;-0.23060904358190817;-0.07760575218616242
1999-01-01;47.22;6.0;6.2795408507765105;0.8225717247899929;0.7358648924292155;0.0;1.907686382897805;-1.1600226057413305;0.7717417527452106;-0.17335750630674412;-0.10859101585942615
1999-02-01;46.99;6.0;5.170098478066265;0.787463803881793;-0.26153993539430676;0.0;0.7358648924292155;1.5455449682088758;-0.15927077929229988;-1.9254502662700252;2.092220170750587
1999-03-01;46.78;6.0;4.0017785682525675;0.7312561836048599;-1.4140578112021194;0.0;-0.26153993539430676;1.907686382897805;-0.8330258817088296;-0.9927381432055943;1.2695212566007994
1999-04-01;46.88;6.0;3.487858719646808;0.6925857347648283;-2.05719784724838;0.0;-1.4140578112021194;0.7358648924292155;-1.1600226057413305;0.10987401259420926;0.20873999045028802
1999-05-01;47.23;6.0;3.711023276240666;0.6852449241405163;-1.7916692291587997;0.0;-2.05719784724838;-0.26153993539430676;1.5455449682088758;0.738781356221519;-0.08309031118505442
1999-06-01;47.53;6.0;4.2096031572023795;0.6856693257264463;-1.1057050693287522;0.0;-1.7916692291587997;-1.4140578112021194;1.907686382897805;0.8389064454891403;-0.4759938742943267
1999-07-01;48.13;6.0;5.202185792349723;0.7439371104079707;0.09072195506291789;0.0;-1.1057050693287522;-2.05719784724838;0.7358648924292155;0.7717417527452106;-1.1000567517058553
1999-08-01;48.57;6.0;6.024885396201696;0.8173275001026099;0.8923125480095826;0.0;0.09072195506291789;-1.7916692291587997;-0.26153993539430676;-0.15927077929229988;-0.5814056694572094
1999-09-01;48.84;6.0;6.800787229389904;0.8441290113948987;1.4806707979572398;0.0;0.8923125480095826;-1.1057050693287522;-1.4140578112021194;-0.8330258817088296;0.2938858989445255
1999-10-01;49.2;6.0;7.564494971578495;0.8403944780801574;1.7869610479164635;0.0;1.4806707979572398;0.09072195506291789;-2.05719784724838;-1.1600226057413305;0.7218585679775495
1999-11-01;49.36;6.0;5.1331203407880555;0.9459723232544265;-1.000101106437992;0.0;1.7869610479164635;0.8923125480095826;-1.7916692291587997;1.5455449682088758;0.17373478875132561
1999-12-01;49.49;6.0;4.9183803264786885;1.0330082577626378;-1.5266559077346322;0.0;-1.000101106437992;1.4806707979572398;-1.1057050693287522;1.907686382897805;-0.23060904358190817
2000-01-01;49.71;6.0;5.273189326556538;1.105601097990829;-1.5375490362572284;0.0;-1.5266559077346322;1.7869610479164635;0.09072195506291789;0.7358648924292155;-0.17335750630674412
2000-02-01;50.1;6.0;6.618429453075114;1.1530631142544998;-0.16430065810544195;0.0;-1.5375490362572284;-1.000101106437992;0.8923125480095826;-0.26153993539430676;-1.9254502662700252
2000-03-01;50.64;6.0;8.251389482684912;1.172428197710896;1.6867387338414783;0.0;-0.16430065810544195;-1.5266559077346322;1.4806707979572398;-1.4140578112021194;-0.9927381432055943
2000-04-01;51.13;6.0;9.065699658703075;1.1794101633160021;2.7942926585002783;0.0;1.6867387338414783;-1.5375490362572284;1.7869610479164635;-2.05719784724838;0.10987401259420926
2000-05-01;50.71;6.0;7.368198179123442;1.085595423830707;1.348164858910113;0.0;2.7942926585002783;-0.16430065810544195;-1.000101106437992;-1.7916692291587997;0.738781356221519
2000-06-01;50.97;6.0;7.237534188933292;0.9814564779864521;1.2374180576242961;0.0;1.348164858910113;1.6867387338414783;-1.5266559077346322;-1.1057050693287522;0.8389064454891403
2000-07-01;51.09;6.0;6.150010388531069;0.9100894894391636;0.165543332716493;0.0;1.2374180576242961;2.7942926585002783;-1.5375490362572284;0.09072195506291789;0.7717417527452106
2000-08-01;50.86;6.0;4.714844554251596;0.8224740946457819;-1.2786292381308635;0.0;0.165543332716493;1.348164858910113;-0.16430065810544195;0.8923125480095826;-0.15927077929229988
2000-09-01;50.93;6.0;4.279279279279269;0.7301862568528232;-1.5205194654409162;0.0;-1.2786292381308635;1.2374180576242961;1.6867387338414783;1.4806707979572398;-0.8330258817088296
2000-10-01;51.09;6.0;3.8414634146341387;0.660266245654954;-1.7139148267651532;0.0;-1.5205194654409162;0.165543332716493;2.7942926585002783;1.7869610479164635;-1.1600226057413305
2000-11-01;51.43;6.0;4.193679092382507;0.6012178297320004;-1.1030141069819623;0.0;-1.7139148267651532;-1.2786292381308635;1.348164858910113;-1.000101106437992;1.5455449682088758
2000-12-01;52.01;6.0;5.09193776520509;0.5880547026706928;-0.14411258284964037;0.0;-1.1030141069819623;-1.5205194654409162;1.2374180576242961;-1.5266559077346322;1.907686382897805
2001-01-01;52.72;5.0;6.055119694226518;0.6749006660914618;0.6240914858747344;0.0;-0.14411258284964037;-1.7139148267651532;0.165543332716493;-1.5375490362572284;0.7358648924292155
2001-02-01;53.1;5.0;5.988023952095811;0.7988855874391398;0.3660752908445356;0.0;0.6240914858747344;-1.1030141069819623;-1.2786292381308635;-0.16430065810544195;-0.26153993539430676
2001-03-01;53.39;5.0;5.430489731437604;0.9452124180052431;-0.49917090802901687;0.0;0.3660752908445356;-0.14411258284964037;-1.5205194654409162;1.6867387338414783;-1.4140578112021194
2001-04-01;53.62;5.0;4.869939370232723;1.0902487900668498;-1.4569123878240178;0.0;-0.49917090802901687;0.6240914858747344;-1.7139148267651532;2.7942926585002783;-2.05719784724838
2001-05-01;53.78;5.0;6.054032735160719;1.16221672990563;-0.6701895299085917;0.0;-1.4569123878240178;0.3660752908445356;-1.1030141069819623;1.348164858910113;-1.7916692291587997
2001-06-01;54.18;5.0;6.297822248381402;1.2490505485075787;-0.8177755974925615;0.0;-0.6701895299085917;-0.49917090802901687;-0.14411258284964037;1.2374180576242961;-1.1057050693287522
2001-07-01;54.65;5.0;6.968095517713824;1.3419005066310927;-0.3675910568442964;0.0;-0.8177755974925615;-1.4569123878240178;0.6240914858747344;0.165543332716493;0.09072195506291789
2001-08-01;55.33;5.0;8.788832088084941;1.4190487103775045;1.2072985486662131;0.0;-0.3675910568442964;-0.6701895299085917;0.3660752908445356;-1.2786292381308635;0.8923125480095826
2001-09-01;55.51;5.0;8.992735126644401;1.421979787181004;1.1809155705613836;0.0;1.2072985486662131;-0.8177755974925615;-0.49917090802901687;-1.5205194654409162;1.4806707979572398
2001-10-01;55.92;5.0;9.453904873752194;1.3916787333898288;1.257836278128825;0.0;1.1809155705613836;-0.3675910568442964;-1.4569123878240178;-1.7139148267651532;1.7869610479164635
2001-11-01;56.31;5.0;9.48862531596346;1.3474082866410282;1.0032432570278131;0.0;1.257836278128825;1.2072985486662131;-0.6701895299085917;-1.1030141069819623;-1.000101106437992
2001-12-01;56.64;5.0;8.9021342049606;1.3228444444613439;0.12931308981449516;0.0;1.0032432570278131;1.1809155705613836;-0.8177755974925615;-0.14411258284964037;-1.5266559077346322
2002-01-01;57.39;5.0;8.858118361153267;1.405194907218404;-0.321603852516313;0.0;0.12931308981449516;1.257836278128825;-0.3675910568442964;0.6240914858747344;-1.5375490362572284
2002-02-01;57.89;5.0;9.020715630885112;1.4983048502365035;-0.19078709927124296;0.0;-0.321603852516313;1.0032432570278131;1.2072985486662131;0.3660752908445356;-0.16430065810544195
2002-03-01;58.26;5.0;9.121558344259228;1.5670296162426607;0.09133466238833321;0.0;-0.19078709927124296;0.12931308981449516;1.1809155705613836;-0.49917090802901687;1.6867387338414783
2002-04-01;58.58;5.0;9.250279746363299;1.5964866729695841;0.45028669416882705;0.0;0.09133466238833321;-0.321603852516313;1.257836278128825;-1.4569123878240178;2.7942926585002783
2002-05-01;58.79;5.0;9.315730754927486;1.5598103517200814;0.8215196873535652;0.0;0.45028669416882705;-0.19078709927124296;1.0032432570278131;-0.6701895299085917;1.348164858910113
2002-06-01;59.13;5.0;9.136212624584727;1.5093486453875142;0.8680267169570984;0.0;0.8215196873535652;0.09133466238833321;0.12931308981449516;-0.8177755974925615;1.2374180576242961
2002-07-01;59.62;5.0;9.094236047575489;1.477455583088639;1.1004230595183886;0.0;0.8680267169570984;0.45028669416882705;-0.321603852516313;-0.3675910568442964;0.165543332716493
2002-08-01;59.61;5.0;7.735405747334179;1.4358301895882823;-0.023643751424978585;0.0;1.1004230595183886;0.8215196873535652;-0.19078709927124296;1.2072985486662131;-1.2786292381308635
2002-09-01;59.45;5.0;7.097820212574324;1.3083516694332908;-0.34620310360718326;0.0;-0.023643751424978585;0.8680267169570984;0.09133466238833321;1.1809155705613836;-1.5205194654409162
2002-10-01;59.62;5.0;6.616595135908443;1.1679932933596497;-0.587036841114907;0.0;-0.34620310360718326;1.1004230595183886;0.45028669416882705;1.257836278128825;-1.7139148267651532
2002-11-01;59.89;5.0;6.357662937311304;1.0223809851457843;-0.5111818712749501;0.0;-0.587036841114907;-0.023643751424978585;0.8215196873535652;1.0032432570278131;-1.1030141069819623
2002-12-01;60.22;5.0;6.320621468926557;0.8642508579424902;-0.2628634071055398;0.0;-0.5111818712749501;-0.34620310360718326;0.8680267169570984;0.12931308981449516;-0.14411258284964037
2003-01-01;60.94;5.0;6.185746645757106;0.8565929693566829;-0.2502142431827073;0.0;-0.2628634071055398;-0.587036841114907;1.1004230595183886;-0.321603852516313;0.6240914858747344
2003-02-01;61.36;5.0;5.994126792192089;0.9091467028332167;-0.1281706852535817;0.0;-0.2502142431827073;-0.5111818712749501;-0.023643751424978585;-0.19078709927124296;0.3660752908445356
2003-03-01;61.63;5.0;5.784414692756612;0.9685634473357604;-0.10519436348168665;0.0;-0.1281706852535817;-0.2628634071055398;-0.34620310360718326;0.09133466238833321;-0.49917090802901687
2003-04-01;61.9;5.0;5.667463298053943;1.02851172265373;-0.09775790858970934;0.0;-0.10519436348168665;-0.2502142431827073;-0.587036841114907;0.45028669416882705;-1.4569123878240178
2003-05-01;62.06;5.0;5.562170437149172;1.0594777873169225;-0.09136593678171093;0.0;-0.09775790858970934;-0.1281706852535817;-0.5111818712749501;0.8215196873535652;-0.6701895299085917
2003-06-01;62.23;5.0;5.2426856079824;1.0853190426055395;-0.381633138113335;0.0;-0.09136593678171093;-0.10519436348168665;-0.2628634071055398;0.8680267169570984;-0.8177755974925615
2003-07-01;62.39;5.0;4.646091915464612;1.1260294952807424;-0.9050450897499775;0.0;-0.381633138113335;-0.09775790858970934;-0.2502142431827073;1.1004230595183886;-0.3675910568442964
2003-08-01;62.57;5.0;4.965609797013926;1.1319880607571557;-0.601295595600067;0.0;-0.9050450897499775;-0.09136593678171093;-0.1281706852535817;-0.023643751424978585;1.2072985486662131
2003-09-01;62.83;5.0;5.685449957947841;1.0794190356600295;0.12394108835412526;0.0;-0.601295595600067;-0.381633138113335;-0.10519436348168665;-0.34620310360718326;1.1809155705613836
2003-10-01;63.1;5.0;5.8369674605837085;1.001898198421261;0.15353936150344794;0.0;0.12394108835412526;-0.9050450897499775;-0.09775790858970934;-0.587036841114907;1.257836278128825
2003-11-01;63.38;5.0;5.827350141926879;0.9122545331940527;0.06080085918233233;0.0;0.15353936150344794;-0.601295595600067;-0.09136593678171093;-0.5111818712749501;1.0032432570278131
2003-12-01;63.75;5.0;5.8618399202922555;0.833999127969754;-0.0985713154222845;0.0;0.06080085918233233;0.12394108835412526;-0.381633138113335;-0.2628634071055398;0.12931308981449516
2004-01-01;64.73;5.0;6.219232031506405;0.9614521056791748;-0.15575033290934998;0.0;-0.0985713154222845;0.15353936150344794;-0.9050450897499775;-0.2502142431827073;-0.321603852516313
2004-02-01;65.21;5.0;6.274445893089942;1.1175934643308;-0.3240038179748125;0.0;-0.15575033290934998;0.06080085918233233;-0.601295595600067;-0.1281706852535817;-0.19078709927124296
2004-03-01;65.68;5.0;6.571474931040089;1.2730168772238422;-0.1779576899532388;0.0;-0.3240038179748125;-0.0985713154222845;0.12394108835412526;-0.10519436348168665;0.09133466238833321
2004-04-01;66.02;5.0;6.655896607431333;1.4042864574385183;-0.27515758811067625;0.0;-0.1779576899532388;-0.15575033290934998;0.15353936150344794;-0.09775790858970934;0.45028669416882705
2004-05-01;66.57;5.0;7.26716081211729;1.533942237464811;0.13476028744371824;0.0;-0.27515758811067625;-0.3240038179748125;0.06080085918233233;-0.09136593678171093;0.8215196873535652
2004-06-01;66.83;5.0;7.391933151213248;1.6136566793427993;-0.03431119212387759;0.0;0.13476028744371824;-0.1779576899532388;-0.0985713154222845;-0.381633138113335;0.8680267169570984
2004-07-01;67.16;5.0;7.645456002564499;1.6546763393118675;0.017172809445284515;0.0;-0.03431119212387759;-0.27515758811067625;-0.15575033290934998;-0.9050450897499775;1.1004230595183886
2004-08-01;67.35;5.0;7.639443822918324;1.6392854596382944;-0.22387505519542522;0.0;0.017172809445284515;0.13476028744371824;-0.3240038179748125;-0.601295595600067;-0.023643751424978585
2004-09-01;67.88;5.0;8.037561674359385;1.6187359452998378;0.018238301031084758;0.0;-0.22387505519542522;-0.03431119212387759;-0.1779576899532388;0.12394108835412526;-0.34620310360718326
2004-10-01;68.55;5.0;8.637083993660855;1.6063177824395456;0.3863496964114228;0.0;0.018238301031084758;0.017172809445284515;-0.27515758811067625;0.15353936150344794;-0.587036841114907
2004-11-01;69.23;5.0;9.230041022404546;1.5959380256820281;0.863811907911257;0.0;0.3863496964114228;-0.22387505519542522;0.13476028744371824;0.06080085918233233;-0.5111818712749501
2004-12-01;69.63;5.0;9.223529411764698;1.5500615823542483;0.7127122847732643;0.0;0.863811907911257;0.018238301031084758;-0.03431119212387759;-0.0985713154222845;-0.2628634071055398
2005-01-01;70.58;5.0;9.03754055306658;1.6630264033326236;0.1988751658350731;1.0;0.7127122847732643;0.3863496964114228;0.017172809445284515;-0.15575033290934998;-0.2502142431827073
2005-02-01;71.1;5.0;9.032357000460056;1.772767909402033;0.06535081919479166;1.0;0.1988751658350731;0.863811907911257;-0.22387505519542522;-0.3240038179748125;-0.1281706852535817
2005-03-01;71.43;5.0;8.754567600487206;1.8498458166707075;-0.28525480702254413;1.0;0.06535081919479166;0.7127122847732643;0.018238301031084758;-0.1779576899532388;-0.10519436348168665
2005-04-01;71.88;5.0;8.87609815207513;1.9005093017557526;-0.2578760350448488;1.0;-0.28525480702254413;0.1988751658350731;0.3863496964114228;-0.27515758811067625;-0.09775790858970934
2005-05-01;72.24;5.0;8.517350157728721;1.941540313225118;-0.628765301313741;1.0;-0.2578760350448488;0.06535081919479166;0.863811907911257;0.13476028744371824;-0.09136593678171093
2005-06-01;72.72;5.0;8.813407152476426;1.9528834547607434;-0.3182390802265759;1.0;-0.628765301313741;-0.28525480702254413;0.7127122847732643;-0.03431119212387759;-0.381633138113335
2005-07-01;73.4;5.0;9.291244788564645;1.9647088997114783;0.2821945069210594;1.0;-0.3182390802265759;-0.2578760350448488;0.1988751658350731;0.017172809445284515;-0.9050450897499775
2005-08-01;73.67;5.0;9.383815887156665;1.8894273222487221;0.48609621314172496;1.0;0.2821945069210594;-0.628765301313741;0.06535081919479166;-0.22387505519542522;-0.601295595600067
2005-09-01;74.29;5.0;9.443134944018873;1.8241760281884782;0.7306895251480405;1.0;0.48609621314172496;-0.3182390802265759;-0.28525480702254413;0.018238301031084758;0.12394108835412526
2005-10-01;75.6;5.0;10.284463894967178;1.9003211451080262;1.6434995874665157;1.0;0.7306895251480405;0.2821945069210594;-0.2578760350448488;0.3863496964114228;0.15353936150344794
2005-11-01;75.63;5.0;9.244547161635118;1.9051626431800648;0.7277459209081285;1.0;1.6434995874665157;0.48609621314172496;-0.628765301313741;0.863811907911257;0.06080085918233233
2005-12-01;75.6;5.0;8.57389056441189;1.8133336118535575;0.11356641284077892;1.0;0.7277459209081285;0.7306895251480405;-0.3182390802265759;0.7127122847732643;-0.0985713154222845
2006-01-01;76.28;6.0;8.07594219325589;1.8173773978069645;-0.43811300824012084;1.0;0.11356641284077892;1.6434995874665157;0.2821945069210594;0.1988751658350731;-0.15575033290934998
2006-02-01;76.26;6.0;7.257383966244735;1.768097762276916;-1.0503874089622576;1.0;-0.43811300824012084;0.7277459209081285;0.48609621314172496;0.06535081919479166;-0.3240038179748125
2006-03-01;76.63;6.0;7.279854402911923;1.6943721461638375;-0.7141123976913236;1.0;-1.0503874089622576;0.11356641284077892;0.7306895251480405;-0.28525480702254413;-0.1779576899532388
2006-04-01;77.26;6.0;7.484696716750161;1.644320804797445;-0.05242258746341432;1.0;-0.7141123976913236;-0.43811300824012084;1.6434995874665157;-0.2578760350448488;-0.27515758811067625
2006-05-01;77.75;6.0;7.627353266888148;1.582354162938383;0.6172041937194758;1.0;-0.05242258746341432;-1.0503874089622576;0.7277459209081285;-0.628765301313741;0.13476028744371824
2006-06-01;78.21;6.0;7.549504950495045;1.521929596587293;0.8449350848140992;1.0;0.6172041937194758;-0.7141123976913236;0.11356641284077892;-0.3182390802265759;-0.03431119212387759
2006-07-01;78.57;6.0;7.043596730245216;1.4869133678984003;0.5873680885506127;1.0;0.8449350848140992;-0.05242258746341432;-0.43811300824012084;0.2821945069210594;0.017172809445284515
2006-08-01;78.82;6.0;6.990633907967947;1.3952701487085994;0.6352197992774724;1.0;0.5873680885506127;0.6172041937194758;-1.0503874089622576;0.48609621314172496;-0.22387505519542522
2006-09-01;78.53;6.0;5.707363036747881;1.2469562943417343;-0.5614571912074888;1.0;0.6352197992774724;0.8449350848140992;-0.7141123976913236;0.7306895251480405;0.018238301031084758
2006-10-01;78.51;6.0;3.8492063492063577;1.2122640351456102;-2.4123952632046137;1.0;-0.5614571912074888;0.5873680885506127;-0.05242258746341432;1.6434995874665157;0.3863496964114228
2006-11-01;78.96;6.0;4.403014676715578;1.1661241162688623;-1.694529031334358;1.0;-2.4123952632046137;0.6352197992774724;0.6172041937194758;0.7277459209081285;0.863811907911257
2006-12-01;79.98;6.0;5.7936507936508175;1.1635603668357979;-0.1536452270255362;1.0;-1.694529031334358;-0.5614571912074888;0.8449350848140992;0.11356641284077892;0.7127122847732643
2007-01-01;81.03;5.0;6.227058206607228;1.3288714168129747;0.23386239764466604;1.0;-0.1536452270255362;-2.4123952632046137;0.5873680885506127;-0.43811300824012084;0.1988751658350731
2007-02-01;81.31;5.0;6.622082349855751;1.39584665303396;0.7347257844666287;1.0;0.23386239764466604;-1.694529031334358;0.6352197992774724;-1.0503874089622576;0.06535081919479166
2007-03-01;82.02;5.0;7.033798773326372;1.4986870516508932;1.169842793239214;1.0;0.7347257844666287;-0.1536452270255362;-0.5614571912074888;-0.7141123976913236;-0.28525480702254413
2007-04-01;82.21;5.0;6.406937613253927;1.5813563414948553;0.34752644040026714;1.0;1.169842793239214;0.23386239764466604;-2.4123952632046137;-0.05242258746341432;-0.2578760350448488
2007-05-01;82.0;5.0;5.466237942122176;1.590998114391741;-0.8943086921728834;1.0;0.34752644040026714;0.7347257844666287;-1.694529031334358;0.6172041937194758;-0.628765301313741
2007-06-01;82.36;5.0;5.3062268252141775;1.6144395781549676;-1.3860738257724627;1.0;-0.8943086921728834;1.169842793239214;-0.1536452270255362;0.8449350848140992;-0.3182390802265759
2007-07-01;82.96;5.0;5.587374315896665;1.668834423581719;-1.262420664262593;1.0;-1.3860738257724627;0.34752644040026714;0.23386239764466604;0.5873680885506127;0.2821945069210594
2007-08-01;83.72;5.0;6.216696269982247;1.7576695573187873;-0.8154470003927945;1.0;-1.262420664262593;-0.8943086921728834;0.7347257844666287;0.6352197992774724;0.48609621314172496
2007-09-01;84.28;5.0;7.322042531516626;1.7674317954345664;0.16442114873382968;1.0;-0.8154470003927945;-1.3860738257724627;1.169842793239214;-0.5614571912074888;0.7306895251480405
2007-10-01;84.57;5.0;7.718761941153973;1.6633227059835038;0.26243735481420494;1.0;0.16442114873382968;-1.262420664262593;0.34752644040026714;-2.4123952632046137;1.6434995874665157
2007-11-01;86.17;5.0;9.131205673758869;1.720624226050108;1.2572261208416076;1.0;0.26243735481420494;-0.8154470003927945;-0.8943086921728834;-1.694529031334358;0.7277459209081285
2007-12-01;86.97;5.0;8.739684921230296;1.8849692546317156;0.2065345166799268;1.0;1.2572261208416076;0.16442114873382968;-1.3860738257724627;-0.1536452270255362;0.11356641284077892
2008-01-01;87.83;5.5;8.391953597433055;2.1447370397544496;-1.0420843703668206;1.0;0.2065345166799268;0.26243735481420494;-1.262420664262593;0.23386239764466604;-0.43811300824012084
2008-02-01;88.44;5.5;8.768909113270196;2.3498799131143424;-1.3198741351701146;1.0;-1.0420843703668206;1.2572261208416076;-0.8154470003927945;0.7347257844666287;-1.0503874089622576
2008-03-01;89.48;5.5;9.095342599366019;2.6170424841094935;-1.4722134901468396;1.0;-1.3198741351701146;0.2065345166799268;0.16442114873382968;1.169842793239214;-0.7141123976913236
2008-04-01;90.73;5.5;10.363702712565392;2.9066041573063073;-0.6140697064717249;1.0;-1.4722134901468396;-1.0420843703668206;0.26243735481420494;0.34752644040026714;-0.05242258746341432
2008-05-01;92.03;5.5;12.23170731707317;3.148906977272063;1.0229856988616715;1.0;-0.6140697064717249;-1.3198741351701146;1.2572261208416076;-0.8943086921728834;0.6172041937194758
2008-06-01;93.53;5.5;13.56240893637688;3.412393077467628;2.2427889043865186;1.0;1.0229856988616715;-1.4722134901468396;0.2065345166799268;-1.3860738257724627;0.8449350848140992
2008-07-01;94.7;5.5;14.151398264223737;3.6486887432955895;2.8808742786226906;1.0;2.2427889043865186;-0.6140697064717249;-1.0420843703668206;-1.262420664262593;0.5873680885506127
2008-08-01;95.17;5.5;13.67654085045389;3.769479909467103;2.5191746158124393;1.0;2.8808742786226906;1.0229856988616715;-1.3198741351701146;-0.8154470003927945;0.6352197992774724
2008-09-01;95.03;5.5;12.755102040816336;3.6949624798189737;1.9129039262944882;1.0;2.5191746158124393;2.2427889043865186;-1.4722134901468396;0.16442114873382968;-0.5614571912074888
2008-10-01;95.5;5.5;12.924204800756778;3.4709072257399973;2.485623524647493;1.0;1.9129039262944882;2.8808742786226906;-0.6140697064717249;0.26243735481420494;-2.4123952632046137
2008-11-01;95.51;5.5;10.839039108738536;3.2569906169322884;1.1244182981302955;1.0;2.485623524647493;2.5191746158124393;1.0229856988616715;1.2572261208416076;-1.694529031334358
2008-12-01;95.15;5.5;9.405542140968159;2.930702160150734;0.611038612986059;1.0;1.1244182981302955;1.9129039262944882;2.2427889043865186;0.2065345166799268;-0.1536452270255362
2009-01-01;94.75;5.5;7.878856882614138;2.525630434348235;0.025970856994951663;1.0;0.611038612986059;2.485623524647493;2.8808742786226906;-1.0420843703668206;0.23386239764466604
2009-02-01;94.19;5.5;6.501582994120314;2.0041251019433224;-0.13592096912857957;1.0;0.025970856994951663;1.1244182981302955;2.5191746158124393;-1.3198741351701146;0.7347257844666287
2009-03-01;93.95;5.5;4.995529727313364;1.4693865964047153;-0.4533305607175909;1.0;-0.13592096912857957;0.611038612986059;1.9129039262944882;-1.4722134901468396;1.169842793239214
2009-04-01;94.02;5.5;3.6261435027003186;0.9966895963698955;-0.6939558276905582;1.0;-0.4533305607175909;0.025970856994951663;2.485623524647493;-0.6140697064717249;0.34752644040026714
2009-05-01;94.14;5.5;2.2927306313158757;0.6571471861305048;-0.9277761849741294;1.0;-0.6939558276905582;-0.13592096912857957;1.1244182981302955;1.0229856988616715;-0.8943086921728834
2009-06-01;94.11;5.5;0.6201218860258706;0.5858094632809704;-1.7317291507279589;1.0;-0.9277761849741294;-0.4533305607175909;0.611038612986059;2.2427889043865186;-1.3860738257724627
2009-07-01;94.41;5.5;-0.30623020063358375;0.5910923375513889;-1.93041994898694;1.0;-1.7317291507279589;-0.6939558276905582;0.025970856994951663;2.8808742786226906;-1.262420664262593
2009-08-01;94.48;5.5;-0.7250183881475247;0.5702524693367812;-1.916037023927177;1.0;-1.93041994898694;-0.9277761849741294;-0.13592096912857957;2.5191746158124393;-0.8154470003927945
2009-09-01;95.06;5.5;0.031568978217411114;0.5723549174349508;-0.8976976836221411;1.0;-1.916037023927177;-1.7317291507279589;-0.4533305607175909;1.9129039262944882;0.16442114873382968
2009-10-01;94.88;5.5;-0.6492146596858706;0.5087499534627362;-1.587274493186635;1.0;-0.8976976836221411;-1.93041994898694;-0.6939558276905582;2.485623524647493;0.26243735481420494
2009-11-01;94.93;5.5;-0.6072662548424201;0.4313500652424935;-1.5725415402149308;1.0;-1.587274493186635;-1.916037023927177;-0.9277761849741294;1.1244182981302955;1.2572261208416076
2009-12-01;94.88;5.5;-0.28376248029428064;0.4006434219002941;-1.4770103506600587;1.0;-1.5725415402149308;-0.8976976836221411;-1.7317291507279589;0.611038612986059;0.2065345166799268
2010-01-01;96.11;5.0;1.4353562005277043;0.616918048678019;-0.28610982289302217;1.0;-1.4770103506600587;-1.587274493186635;-1.93041994898694;0.025970856994951663;-1.0420843703668206
2010-02-01;96.53;5.0;2.484340163499321;0.8147819935212693;0.3904700555891535;1.0;-0.28610982289302217;-1.5725415402149308;-1.916037023927177;-0.13592096912857957;-1.3198741351701146
2010-03-01;97.64;5.0;3.927621075039922;1.1107938057014202;1.5361375784066724;1.0;0.3904700555891535;-1.4770103506600587;-0.8976976836221411;-0.4533305607175909;-1.4722134901468396
2010-04-01;97.55;5.0;3.754520314826637;1.2568382649486576;1.0263585001102151;1.0;1.5361375784066724;-0.28610982289302217;-1.587274493186635;-0.6939558276905582;-0.6140697064717249
2010-05-01;97.45;5.0;3.5160399405141263;1.3184733481165494;0.38609013503534767;1.0;1.0263585001102151;0.3904700555891535;-1.5725415402149308;-0.9277761849741294;1.0229856988616715
2010-06-01;97.94;5.0;4.069705663585155;1.369318565319987;0.4467685724935654;1.0;0.38609013503534767;1.5361375784066724;-1.4770103506600587;-1.7317291507279589;2.2427889043865186
2010-07-01;98.3;5.0;4.120326236627481;1.421171891591991;0.17179475380619633;1.0;0.4467685724935654;1.0263585001102151;-0.28610982289302217;-1.93041994898694;2.8808742786226906
2010-08-01;98.35;5.0;4.096104995766292;1.406552846176595;-0.11397271098793253;1.0;0.17179475380619633;0.38609013503534767;0.3904700555891535;-1.916037023927177;2.5191746158124393
2010-09-01;98.63;5.0;3.755522827687763;1.4206152636337734;-0.5637477443585288;1.0;-0.11397271098793253;0.4467685724935654;1.5361375784066724;-0.8976976836221411;1.9129039262944882
2010-10-01;99.15;5.0;4.500421585160219;1.3942989984096603;0.005004081511000194;1.0;-0.5637477443585288;0.17179475380619633;1.0263585001102151;-1.587274493186635;2.485623524647493
2010-11-01;99.92;5.0;5.256504793005368;1.3709217757217067;0.5867083451887605;1.0;0.005004081511000194;-0.11397271098793253;0.38609013503534767;-1.5725415402149308;1.1244182981302955
2010-12-01;100.0;5.0;5.396290050590213;1.1978803881184512;0.4753259036678905;1.0;0.5867083451887605;-0.5637477443585288;0.4467685724935654;-1.4770103506600587;0.611038612986059
2011-01-01;100.82;5.0;4.9006346894183705;1.2462039329181172;-0.44003934880252765;1.0;0.4753259036678905;0.005004081511000194;0.17179475380619633;-0.28610982289302217;0.025970856994951663
2011-02-01;101.58;5.0;5.231534238060709;1.3594080150975443;-0.36493511562947034;1.0;-0.44003934880252765;0.5867083451887605;-0.11397271098793253;0.3904700555891535;-0.13592096912857957
2011-03-01;102.52;5.0;4.997951659156086;1.635656433880054;-0.8327326123561535;1.0;-0.36493511562947034;0.4753259036678905;-0.5637477443585288;1.5361375784066724;-0.4533305607175909
2011-04-01;103.17;5.0;5.761148129164528;1.8620636564312871;-0.27147597402104795;1.0;-0.8327326123561535;-0.44003934880252765;0.005004081511000194;1.0263585001102151;-0.6939558276905582
2011-05-01;103.68;5.0;6.393022062596199;2.0045123339520363;0.29481807641828844;1.0;-0.27147597402104795;-0.36493511562947034;0.5867083451887605;0.38609013503534767;-0.9277761849741294
2011-06-01;104.23;5.0;6.422299366959372;2.138283615000104;0.24534870130314154;1.0;0.29481807641828844;-0.8327326123561535;0.4753259036678905;0.4467685724935654;-1.7317291507279589
2011-07-01;105.22;5.0;7.039674465920642;2.310562538089001;0.8624138369307834;1.0;0.24534870130314154;-0.27147597402104795;-0.44003934880252765;0.17179475380619633;-1.93041994898694
2011-08-01;105.85;5.0;7.625826131164204;2.411161388712963;1.4262222694163786;1.0;0.8624138369307834;0.29481807641828844;-0.36493511562947034;-0.11397271098793253;-1.916037023927177
2011-09-01;105.78;5.0;7.2493156240494905;2.368436384851161;1.1210695547590221;1.0;1.4262222694163786;0.24534870130314154;-0.8327326123561535;-0.5637477443585288;-0.8976976836221411
2011-10-01;105.74;5.0;6.646495209278869;2.2411784981571508;0.551106593411399;1.0;1.1210695547590221;0.8624138369307834;-0.27147597402104795;0.005004081511000194;-1.587274493186635
2011-11-01;105.97;5.0;6.054843875100069;2.1106885276141303;0.1545211812823459;1.0;0.551106593411399;1.4262222694163786;0.29481807641828844;0.5867083451887605;-1.5725415402149308
2011-12-01;106.2;5.0;6.2000000000000055;1.8634376834216395;0.4933097718459232;1.0;0.1545211812823459;1.1210695547590221;0.24534870130314154;0.4753259036678905;-1.4770103506600587
2012-01-01;106.3;4.5;5.435429478278131;1.6054075287381404;-0.17429753586650404;1.0;0.4933097718459232;0.551106593411399;0.8624138369307834;-0.44003934880252765;-0.28610982289302217
2012-02-01;106.83;4.5;5.168340224453627;1.38157655881769;-0.04957739466502434;1.0;-0.17429753586650404;0.1545211812823459;1.4262222694163786;-0.36493511562947034;0.3904700555891535
2012-03-01;107.18;4.5;4.545454545454564;1.2296128363303818;-0.24389139215639866;1.0;-0.04957739466502434;0.4933097718459232;1.1210695547590221;-0.8327326123561535;1.5361375784066724
2012-04-01;107.58;4.5;4.274498400697868;1.1199837661141916;-0.17897696549531927;1.0;-0.24389139215639866;-0.17429753586650404;0.551106593411399;-0.27147597402104795;1.0263585001102151
2012-05-01;107.72;4.5;3.8966049382715973;0.9992482022463877;-0.2397907864582484;1.0;-0.17897696549531927;-0.04957739466502434;0.1545211812823459;0.29481807641828844;0.38609013503534767
2012-06-01;107.85;4.5;3.4730883622757336;0.8848403382746912;-0.43803419485302364;1.0;-0.2397907864582484;-0.24389139215639866;0.4933097718459232;0.24534870130314154;0.4467685724935654
2012-07-01;108.23;4.5;2.8606728758791222;0.9096198839784437;-0.8144847251529326;1.0;-0.43803419485302364;-0.17897696549531927;-0.17429753586650404;0.8624138369307834;0.17179475380619633
2012-08-01;108.72;4.5;2.711384034010389;1.0169458136372789;-0.8596941291519316;1.0;-0.8144847251529326;-0.2397907864582484;-0.04957739466502434;1.4262222694163786;-0.11397271098793253
2012-09-01;109.25;4.5;3.2803932690489646;1.1236638530009881;-0.19118586256322873;1.0;-0.8596941291519316;-0.43803419485302364;-0.24389139215639866;1.1210695547590221;-0.5637477443585288
2012-10-01;109.28;4.5;3.3478343105731057;1.142128196910208;-0.15692282871813568;1.0;-0.19118586256322873;-0.8144847251529326;-0.17897696549531927;0.551106593411399;0.005004081511000194
2012-11-01;109.27;4.5;3.1140888930829558;1.1128597477568023;-0.3709962901020405;1.0;-0.15692282871813568;-0.8596941291519316;-0.2397907864582484;0.1545211812823459;0.5867083451887605
2012-12-01;109.86;4.5;3.446327683615813;1.1158455823418616;-0.1426233781385631;1.0;-0.3709962901020405;-0.19118586256322873;-0.43803419485302364;0.4933097718459232;0.4753259036678905
2013-01-01;110.4;4.0;3.8570084666039506;1.1180702395652586;-0.06531488362078425;1.0;-0.1426233781385631;-0.15692282871813568;-0.8144847251529326;-0.17429753586650404;-0.44003934880252765
2013-02-01;111.3;4.0;4.184217916315647;1.243538450866436;0.12552464565467822;1.0;-0.06531488362078425;-0.3709962901020405;-0.8596941291519316;-0.04957739466502434;-0.36493511562947034
2013-03-01;111.83;4.0;4.338495988057467;1.38034553205861;0.22849421130368597;1.0;0.12552464565467822;-0.1426233781385631;-0.19118586256322873;-0.24389139215639866;-0.8327326123561535
2013-04-01;112.02;4.0;4.127161182375905;1.4766513611613215;-0.022151172245345567;1.0;0.22849421130368597;-0.06531488362078425;-0.15692282871813568;-0.17897696549531927;-0.27147597402104795
2013-05-01;112.32;4.0;4.270330486446339;1.5279167338077864;0.08131904469291715;1.0;-0.022151172245345567;0.12552464565467822;-0.3709962901020405;-0.2397907864582484;0.29481807641828844
2013-06-01;113.02;4.0;4.793694946685223;1.585902859188781;0.49028400227687097;1.0;0.08131904469291715;0.22849421130368597;-0.1426233781385631;-0.43803419485302364;0.24534870130314154
2013-07-01;113.36;4.0;4.739905756259821;1.6216459558287828;0.44097426462940525;1.0;0.49028400227687097;-0.022151172245345567;-0.06531488362078425;-0.8144847251529326;0.8624138369307834
2013-08-01;113.52;4.0;4.415011037527594;1.6308138421886158;0.12995678305022945;1.0;0.44097426462940525;0.08131904469291715;0.12552464565467822;-0.8596941291519316;1.4262222694163786
2013-09-01;113.85;4.0;4.210526315789465;1.6492998973838344;0.04920407293470147;1.0;0.12995678305022945;0.49028400227687097;0.22849421130368597;-0.19118586256322873;1.1210695547590221
2013-10-01;113.82;4.0;4.154465592972167;1.57024679588756;0.02655239673733513;1.0;0.04920407293470147;0.44097426462940525;-0.022151172245345567;-0.15692282871813568;0.551106593411399
2013-11-01;114.33;4.0;4.630731216253325;1.42968819444257;0.6113929688170603;1.0;0.02655239673733513;0.12995678305022945;0.08131904469291715;-0.3709962901020405;0.1545211812823459
2013-12-01;114.68;4.0;4.387402148188602;1.3013311948858304;0.4476661096697381;1.0;0.6113929688170603;0.04920407293470147;0.49028400227687097;-0.1426233781385631;0.4933097718459232
2014-01-01;114.97;4.0;4.139492753623175;1.1750886491360677;0.12419061677921678;1.0;0.4476661096697381;0.02655239673733513;0.44097426462940525;-0.06531488362078425;-0.17429753586650404
2014-02-01;115.2;4.0;3.5040431266846417;1.1244662033246406;-0.4132920354694892;1.0;0.12419061677921678;0.6113929688170603;0.12995678305022945;0.12552464565467822;-0.04957739466502434
2014-03-01;115.46;4.0;3.2459983904140177;1.0998632835126965;-0.5514953440148808;1.0;-0.4132920354694892;0.4476661096697381;0.04920407293470147;0.22849421130368597;-0.24389139215639866
2014-04-01;115.68;4.0;3.2672737011248065;1.0434597899911726;-0.44400878858979276;1.0;-0.5514953440148808;0.12419061677921678;0.02655239673733513;-0.022151172245345567;-0.17897696549531927
2014-05-01;115.94;4.0;3.222934472934469;0.9766683472915176;-0.3574239121797173;1.0;-0.44400878858979276;-0.4132920354694892;0.6113929688170603;0.08131904469291715;-0.2397907864582484
2014-06-01;116.56;4.0;3.1321889930985725;1.026994364267646;-0.3478886146345791;1.0;-0.3574239121797173;-0.5514953440148808;0.4476661096697381;0.49028400227687097;-0.43803419485302364
2014-07-01;117.23;4.0;3.4139026111503323;1.1415088366883153;0.12500349737151192;1.0;-0.3478886146345791;-0.44400878858979276;0.12419061677921678;0.44097426462940525;-0.8144847251529326
2014-08-01;117.72;4.0;3.6997885835095223;1.2505804712798807;0.5282777196766806;1.0;0.12500349737151192;-0.3574239121797173;-0.4132920354694892;0.12995678305022945;-0.8596941291519316
2014-09-01;117.78;4.0;3.4519104084321572;1.3058989125089557;0.4088420036859049;1.0;0.5282777196766806;-0.3478886146345791;-0.5514953440148808;0.04920407293470147;-0.19118586256322873
2014-10-01;117.96;4.0;3.6373220875066004;1.287516695976931;0.6093182631520273;1.0;0.4088420036859049;0.12500349737151192;-0.44400878858979276;0.02655239673733513;-0.15692282871813568
2014-11-01;118.19;4.0;3.37619172570629;1.2802281401782316;0.43400485341984707;1.0;0.6093182631520273;0.5282777196766806;-0.3574239121797173;0.6113929688170603;-0.3709962901020405
2014-12-01;118.06;4.0;2.94733170561563;1.2267062946477751;0.030919503573827424;1.0;0.43400485341984707;0.4088420036859049;-0.3478886146345791;0.4476661096697381;-0.1426233781385631
2015-01-01;117.64;4.0;2.3223449595546786;1.1157454363711423;-0.7174116925444773;1.0;0.030919503573827424;0.6093182631520273;0.12500349737151192;0.12419061677921678;-0.06531488362078425
2015-02-01;118.01;4.0;2.4392361111111205;1.003969017387467;-0.46963869076060394;1.0;-0.7174116925444773;0.43400485341984707;0.5282777196766806;-0.4132920354694892;0.12552464565467822
2015-03-01;118.26;4.0;2.425082279577362;0.8846926362309344;-0.2873178630976577;1.0;-0.46963869076060394;0.030919503573827424;0.4088420036859049;-0.5514953440148808;0.22849421130368597
2015-04-01;118.66;4.0;2.5760719225449424;0.7618413697893204;0.021029859860296714;1.0;-0.2873178630976577;-0.7174116925444773;0.6093182631520273;-0.44400878858979276;-0.022151172245345567
2015-05-01;118.9;4.0;2.5530446782818794;0.6171114284687355;0.14973332514710255;1.0;0.021029859860296714;-0.46963869076060394;0.43400485341984707;-0.3574239121797173;0.08131904469291715
2015-06-01;119.34;4.0;2.3850377487989016;0.5834296457246329;0.0007477163358554362;1.0;0.14973332514710255;-0.2873178630976577;0.030919503573827424;-0.3478886146345791;0.49028400227687097
2015-07-01;119.95;4.0;2.320225198328063;0.7099311746377281;-0.09920057949664465;1.0;0.0007477163358554362;0.021029859860296714;-0.7174116925444773;0.12500349737151192;0.44097426462940525
2015-08-01;120.03;4.0;1.9622833843017329;0.8213569703378143;-0.6217941815409098;1.0;-0.09920057949664465;0.14973332514710255;-0.46963869076060394;0.5282777196766806;0.12995678305022945
2015-09-01;119.99;4.0;1.8763796909492259;0.8753332698627319;-0.810673136004219;1.0;-0.6217941815409098;0.0007477163358554362;-0.2873178630976577;0.4088420036859049;0.04920407293470147
2015-10-01;120.59;4.0;2.2295693455408605;0.9824721447179958;-0.6449217345899889;1.0;-0.810673136004219;-0.09920057949664465;0.021029859860296714;0.6093182631520273;0.02655239673733513
2015-11-01;121.16;4.0;2.5129029528724978;1.1313825679878549;-0.4705997349761799;1.0;-0.6449217345899889;-0.6217941815409098;0.14973332514710255;0.43400485341984707;0.6113929688170603
2015-12-01;121.68;4.0;3.066237506352709;1.269374398525375;-0.11100193020239682;1.0;-0.4705997349761799;-0.810673136004219;0.0007477163358554362;0.030919503573827424;0.4476661096697381
2016-01-01;122.79;4.0;4.377762665759954;1.436487719993554;0.8193925272369056;1.0;-0.11100193020239682;-0.6449217345899889;-0.09920057949664465;-0.7174116925444773;0.12419061677921678
2016-02-01;123.05;4.0;4.270824506397752;1.5510016313986839;0.5138467741314329;1.0;0.8193925272369056;-0.4705997349761799;-0.6217941815409098;-0.46963869076060394;-0.4132920354694892
2016-03-01;123.3;4.0;4.26179604261796;1.6099482393321405;0.3357276523057612;1.0;0.5138467741314329;-0.11100193020239682;-0.810673136004219;-0.2873178630976577;-0.5514953440148808
2016-04-01;123.51;4.0;4.087308275745838;1.6360954536116363;-0.022901117556967325;1.0;0.3357276523057612;0.8193925272369056;-0.6449217345899889;0.021029859860296714;-0.44400878858979276
2016-05-01;124.08;4.0;4.356602186711522;1.6599075823109921;0.10812315680729653;1.0;-0.022901117556967325;0.5138467741314329;-0.4705997349761799;0.14973332514710255;-0.3574239121797173
2016-06-01;124.63;4.0;4.43271325624266;1.7005738781796187;0.03370704084797613;1.0;0.10812315680729653;0.3357276523057612;-0.11100193020239682;0.0007477163358554362;-0.3478886146345791
2016-07-01;125.49;4.0;4.6185910796165075;1.8223286800621858;0.2493756825893678;1.0;0.03370704084797613;-0.022901117556967325;0.8193925272369056;-0.09920057949664465;0.12500349737151192
2016-08-01;125.72;4.0;4.740481546280084;1.8541033526801143;0.404538496841853;1.0;0.2493756825893678;0.10812315680729653;0.5138467741314329;-0.6217941815409098;0.5282777196766806
2016-09-01;125.46;4.0;4.558713226102173;1.7141629285018294;0.29666174936850714;1.0;0.404538496841853;0.03370704084797613;0.3357276523057612;-0.810673136004219;0.4088420036859049
2016-10-01;126.33;4.0;4.759930342482788;1.6413316840191556;0.460854726763114;1.0;0.29666174936850714;0.2493756825893678;-0.022901117556967325;-0.6449217345899889;0.6093182631520273
2016-11-01;126.82;4.0;4.6715087487619655;1.5841688385669013;0.4191306954878766;1.0;0.460854726763114;0.404538496841853;0.10812315680729653;-0.4705997349761799;0.43400485341984707
2016-12-01;126.83;4.0;4.23241288625904;1.472483729393594;-0.0327568403462646;1.0;0.4191306954878766;0.29666174936850714;0.03370704084797613;-0.11100193020239682;0.030919503573827424
2017-01-01;127.49;4.0;3.8276732632950505;1.5040639392422432;-0.6597569088041746;1.0;-0.0327568403462646;0.460854726763114;0.2493756825893678;0.8193925272369056;-0.7174116925444773
2017-02-01;127.92;4.0;3.95774075579034;1.5205312070163983;-0.5408275846146936;1.0;-0.6597569088041746;0.4191306954878766;0.404538496841853;0.5138467741314329;-0.46963869076060394
2017-03-01;128.23;4.0;3.998377939983766;1.4991338408303958;-0.43249188962881047;1.0;-0.5408275846146936;-0.0327568403462646;0.29666174936850714;0.3357276523057612;-0.2873178630976577
2017-04-01;128.56;4.0;4.0887377540280045;1.4308442093780922;-0.277602011696112;1.0;-0.43249188962881047;-0.6597569088041746;0.460854726763114;-0.022901117556967325;0.021029859860296714
2017-05-01;128.96;4.0;3.932946486137978;1.3846233488488957;-0.3539362601579534;1.0;-0.277602011696112;-0.5408275846146936;0.4191306954878766;0.10812315680729653;0.14973332514710255
2017-06-01;130.07;4.0;4.364920163684505;1.4723286029780418;0.005015376778996522;1.0;-0.3539362601579534;-0.43249188962881047;-0.0327568403462646;0.03370704084797613;0.0007477163358554362
2017-07-01;132.04;4.0;5.219539405530327;1.8866972505273145;0.8179748777510296;1.0;0.005015376778996522;-0.277602011696112;-0.6597569088041746;0.2493756825893678;-0.09920057949664465
2017-08-01;131.65;4.0;4.716831053133963;2.0427536376759425;0.26758527910707336;1.0;0.8179748777510296;-0.3539362601579534;-0.5408275846146936;0.404538496841853;-0.6217941815409098
2017-09-01;130.93;4.0;4.359955364259527;1.9439016919265004;-0.05341599118997914;1.0;0.26758527910707336;0.005015376778996522;-0.43249188962881047;0.29666174936850714;-0.810673136004219
2017-10-01;131.64;4.0;4.2032771313227135;1.9300910639520337;-0.2569607819632518;1.0;-0.05341599118997914;0.8179748777510296;-0.277602011696112;0.460854726763114;-0.6449217345899889
2017-11-01;132.77;4.0;4.69168900804291;2.0084871058937632;0.2611724522407006;1.0;-0.2569607819632518;0.26758527910707336;-0.3539362601579534;0.4191306954878766;-0.4705997349761799
2017-12-01;134.03;4.0;5.676890325632744;2.1264187777053607;1.2306492888212297;1.0;0.2611724522407006;-0.05341599118997914;0.005015376778996522;-0.0327568403462646;-0.11100193020239682
2018-01-01;133.5;4.0;4.714095223154757;2.097205210981013;0.20068027806529914;1.0;1.2306492888212297;-0.2569607819632518;0.8179748777510296;-0.6597569088041746;0.8193925272369056
2018-02-01;133.23;4.0;4.151031894934332;1.9776545260076925;-0.18421229128416963;1.0;0.20068027806529914;0.2611724522407006;0.26758527910707336;-0.5408275846146936;0.5138467741314329
2018-03-01;133.54;4.0;4.140996646650552;1.815500598798792;-0.0874930104815902;1.0;-0.18421229128416963;1.2306492888212297;-0.05341599118997914;-0.43249188962881047;0.3357276523057612
2018-04-01;133.6;4.0;3.9203484754200213;1.5797947699457475;-0.28868681161565;1.0;-0.0874930104815902;0.20068027806529914;-0.2569607819632518;-0.277602011696112;-0.022901117556967325
2018-05-01;134.23;4.0;4.086538461538458;1.3193877712430122;-0.00668129549109012;1.0;-0.28868681161565;-0.18421229128416963;0.2611724522407006;-0.3539362601579534;0.10812315680729653
2018-06-01;135.0;4.0;3.7902667794264655;1.2231727249853594;-0.11047416658124534;1.0;-0.00668129549109012;-0.0874930104815902;1.2306492888212297;0.005015376778996522;0.03370704084797613
2018-07-01;135.48;4.0;2.605271129960607;1.3687618824710643;-1.074458681290157;1.0;-0.11047416658124534;-0.28868681161565;0.20068027806529914;0.8179748777510296;0.2493756825893678
2018-08-01;136.08;4.0;3.3649829092290195;1.4764543420773721;-0.3048649815870284;1.0;-1.074458681290157;-0.00668129549109012;-0.18421229128416963;0.26758527910707336;0.404538496841853
2018-09-01;136.89;4.0;4.552050714122036;1.473699478018473;0.9180125830760621;1.0;-0.3048649815870284;-0.11047416658124534;-0.0874930104815902;-0.05341599118997914;0.29666174936850714
2018-10-01;137.35;4.0;4.3375873594652115;1.5054980047881408;0.6196637390095283;1.0;0.9180125830760621;-1.074458681290157;-0.28868681161565;-0.2569607819632518;0.460854726763114
2018-11-01;136.95;4.0;3.1483015741507803;1.5166050603528252;-0.5939795691910184;1.0;0.6196637390095283;-0.3048649815870284;-0.00668129549109012;0.2611724522407006;0.4191306954878766
2018-12-01;137.13;4.0;2.3129150190255965;1.5999479158179666;-1.523475810264861;1.0;-0.5939795691910184;0.9180125830760621;-0.11047416658124534;1.2306492888212297;-0.0327568403462646
2019-01-01;138.98;4.0;4.104868913857662;1.8221939822883497;-0.04715550733861279;1.0;-1.523475810264861;0.6196637390095283;-1.074458681290157;0.20068027806529914;-0.6597569088041746
2019-02-01;139.17;4.0;4.45845530285971;1.8941200883491813;0.2604997819759546;1.0;-0.04715550733861279;-0.5939795691910184;-0.3048649815870284;-0.18421229128416963;-0.5408275846146936
2019-03-01;139.11;4.0;4.171034895911352;1.8652733571695959;0.1606663536883043;1.0;0.2604997819759546;-1.523475810264861;0.9180125830760621;-0.0874930104815902;-0.43249188962881047
2019-04-01;139.95;4.0;4.752994011976042;1.8170672341249237;0.9804979887541836;1.0;0.1606663536883043;-0.04715550733861279;0.6196637390095283;-0.28868681161565;-0.277602011696112
2019-05-01;140.32;4.0;4.536988750651871;1.7638566130817532;0.9214081789324352;1.0;0.9804979887541836;0.2604997819759546;-0.5939795691910184;-0.00668129549109012;-0.3539362601579534
2019-06-01;141.48;4.0;4.799999999999982;1.8515716092659;1.1363795828865395;1.0;0.9214081789324352;0.1606663536883043;-1.523475810264861;-0.11047416658124534;0.005015376778996522
2019-07-01;141.4;4.0;4.3696486566283;1.8377132941545204;0.8126487618188367;1.0;1.1363795828865395;0.9804979887541836;-0.04715550733861279;-1.074458681290157;0.8179748777510296
2019-08-01;140.18;4.0;3.012933568489129;1.6731595497097702;-0.3158013492319052;1.0;0.8126487618188367;0.9214081789324352;0.2604997819759546;-0.3048649815870284;0.26758527910707336
2019-09-01;139.36;4.0;1.804368471035156;1.5251994405094886;-1.2401121626200742;1.0;-0.3158013492319052;1.1363795828865395;0.1606663536883043;0.9180125830760621;-0.05341599118997914
2019-10-01;140.33;4.0;2.169639606843843;1.4211455046727908;-0.7029312922394846;1.0;-1.2401121626200742;0.8126487618188367;0.9804979887541836;0.6196637390095283;-0.2569607819632518
2019-11-01;140.95;4.0;2.9207740051113484;1.2151642861857799;0.31096284717911393;1.0;-0.7029312922394846;-0.3158013492319052;0.9214081789324352;-0.5939795691910184;0.2611724522407006
2019-12-01;141.8;4.0;3.405527601545999;0.9865009330488643;0.9768201053295575;1.0;0.31096284717911393;-1.2401121626200742;1.1363795828865395;-1.523475810264861;1.2306492888212297
2020-01-01;141.46;4.0;1.7844294143042339;0.9549531957419717;-0.6817295951619451;1.0;0.9768201053295575;-0.7029312922394846;0.8126487618188367;-0.04715550733861279;0.20068027806529914
2020-02-01;140.89;4.0;1.2358985413523094;0.8690865110180707;-1.20414665539022;1.0;-0.6817295951619451;0.31096284717911393;-0.3158013492319052;0.2604997819759546;-0.18421229128416963
2020-03-01;141.57;4.0;1.768384731507422;0.7694522845368821;-0.7938843042498674;1.0;-1.20414665539022;0.9768201053295575;-1.2401121626200742;0.1606663536883043;-0.0874930104815902
2020-04-01;142.58;4.0;1.8792425866380968;0.870875560813063;-0.9139757530399453;1.0;-0.7938843042498674;-0.6817295951619451;-0.7029312922394846;0.9804979887541836;-0.28868681161565
2020-05-01;142.85;4.0;1.8030216647662467;0.9832425484528936;-1.171303591235929;1.0;-0.9139757530399453;-1.20414665539022;0.31096284717911393;0.9214081789324352;-0.00668129549109012
2020-06-01;144.86;4.0;2.38903025162569;1.4379939204143974;-0.7623031348738919;1.0;-1.171303591235929;-0.7938843042498674;0.9768201053295575;1.1363795828865395;-0.11047416658124534
2020-07-01;145.47;4.0;2.878359264497865;1.833044329837329;-0.42051173032471834;1.0;-0.7623031348738919;-0.9139757530399453;-0.6817295951619451;0.8126487618188367;-1.074458681290157
2020-08-01;146.05;4.0;4.1874732486802735;2.107183061469207;0.5435970241322696;1.0;-0.42051173032471834;-1.171303591235929;-1.20414665539022;-0.3158013492319052;-0.3048649815870284
2020-09-01;146.28;4.0;4.965556831228457;2.161466077933654;1.003428910028239;1.0;0.5435970241322696;-0.7623031348738919;-0.7938843042498674;-1.2401121626200742;0.9180125830760621
2020-10-01;147.83;4.0;5.344545001068912;2.4128687502758797;1.0262225089367538;1.0;1.003428910028239;-0.42051173032471834;-0.9139757530399453;-0.7029312922394846;0.6196637390095283
2020-11-01;148.65;4.0;5.462930117062803;2.6690701763081943;0.8947503298780757;1.0;1.0262225089367538;0.5435970241322696;-1.171303591235929;0.31096284717911393;-0.5939795691910184
2020-12-01;148.64;4.0;4.823695345557111;2.8371479223562788;0.018562372351610158;1.0;0.8947503298780757;1.003428910028239;-0.7623031348738919;0.9768201053295575;-1.523475810264861
2021-01-01;148.87;4.0;5.238229888307644;2.8597133783052096;0.1307574842619223;1.0;0.018562372351610158;1.0262225089367538;-0.42051173032471834;-0.6817295951619451;-0.04715550733861279
2021-02-01;149.34;4.0;5.997586769820451;2.6893227434019455;0.8878391324336309;1.0;0.1307574842619223;0.8947503298780757;0.5435970241322696;-1.20414665539022;0.2604997819759546
2021-03-01;149.84;4.0;5.8416331143603895;2.4792551422964104;0.8680998049939167;1.0;0.8878391324336309;0.018562372351610158;1.003428910028239;-0.7938843042498674;0.1606663536883043
2021-04-01;150.0;4.0;5.20409594613549;2.2538411656541224;0.4170739798572023;1.0;0.8680998049939167;0.1307574842619223;1.0262225089367538;-0.9139757530399453;0.9804979887541836
2021-05-01;150.24;4.0;5.173258662933167;1.8790154981855163;0.6502324736434103;1.0;0.4170739798572023;0.8878391324336309;0.8947503298780757;-1.171303591235929;0.9214081789324352
2021-06-01;150.52;4.0;3.90722076487644;1.721332068749732;-0.44726519240967566;1.0;0.6502324736434103;0.8680998049939167;0.018562372351610158;-0.7623031348738919;1.1363795828865395
2021-07-01;151.02;4.0;3.815219632914002;1.5795626552357238;-1.6007235501354593;1.0;-0.44726519240967566;0.4170739798572023;0.1307574842619223;-0.42051173032471834;0.8126487618188367
2021-08-01;151.33;4.0;3.6152002738788047;1.4296216918525504;-1.9523882008270133;1.0;-1.6007235501354593;0.6502324736434103;0.8878391324336309;0.5435970241322696;-0.3158013492319052
2021-09-01;151.65;4.0;3.671041837571787;1.1917071406549868;-1.995628066181812;1.0;-1.9523882008270133;-0.44726519240967566;0.8680998049939167;1.003428910028239;-1.2401121626200742
2021-10-01;152.2;4.0;2.9560982209294373;1.1935114984644595;-2.907464105692088;1.0;-1.995628066181812;-1.6007235501354593;0.4170739798572023;1.0262225089367538;-0.7029312922394846
2021-11-01;152.94;4.0;2.8859737638748717;1.3250074327968469;-3.097435850763794;1.0;-2.907464105692088;-1.9523882008270133;0.6502324736434103;0.8947503298780757;0.31096284717911393
2021-12-01;153.2;4.0;3.06781485468246;1.3804245613919497;-3.0978155575351884;1.0;-3.097435850763794;-1.995628066181812;-0.44726519240967566;0.018562372351610158;0.9768201053295575
