date;CPI;target;v_cpi;IT_reg;pce;core_pce;cpiUS;l1;l3;l6;l12;l18;l24
1991-01-01;22.52;15.0;60.62767475035664;0.0;4.480214404494753;4.150315511882696;5.647058823529405;59.77941176470589;54.63999999999998;44.537114261884895;21.807124239791477;9.89917506874427;12.183235867446385
1991-02-01;22.44;15.0;57.47368421052632;0.0;4.074776570436556;3.931829542614329;5.312500000000009;60.62767475035664;56.10894941634241;44.15156507413509;23.056994818652843;9.96376811594204;12.209302325581394
1991-03-01;22.47;15.0;53.06539509536785;0.0;3.7056016398168135;3.651881908493082;4.821150855365497;57.47368421052632;59.77941176470589;51.34474327628362;25.792630676949436;10.34172661870505;12.536162005785933
1991-04-01;22.77;15.0;49.40944881889764;0.0;3.6770698499448695;3.5495621173370573;4.809930178432875;53.06539509536785;60.62767475035664;54.63999999999998;29.043183742591026;11.408199643493756;13.666987487969195
1991-05-01;23.02;15.0;42.538699690402495;0.0;3.8728913549539223;3.6469279268141808;5.034856700232382;49.40944881889764;57.47368421052632;56.10894941634241;35.7142857142857;14.527629233511586;14.533205004812322
1991-06-01;23.22;15.0;38.626865671641774;0.0;3.5907611715215504;3.4681280113295188;4.695919938414161;42.538699690402495;53.06539509536785;59.77941176470589;39.81636060100166;20.141342756183732;13.770180436847124
1991-07-01;23.27;15.0;34.27582227351416;0.0;3.4979651945337364;3.5207591205011823;4.367816091954024;38.626865671641774;49.40944881889764;60.62767475035664;44.537114261884895;21.807124239791477;9.89917506874427
1991-08-01;23.62;15.0;34.97142857142859;0.0;3.0517059665570834;3.3762500382274574;3.7993920972644313;34.27582227351416;42.538699690402495;57.47368421052632;44.15156507413509;23.056994818652843;9.96376811594204
1991-09-01;23.46;15.0;26.332794830371565;0.0;2.776692046715956;3.4284669419598623;3.396226415094339;34.97142857142859;38.626865671641774;53.06539509536785;51.34474327628362;25.792630676949436;10.34172661870505
1991-10-01;23.48;15.0;21.469218830832926;0.0;2.3831361636637904;3.304479878511768;2.8485757121439192;26.332794830371565;34.27582227351416;49.40944881889764;54.63999999999998;29.043183742591026;11.408199643493756
1991-11-01;23.61;15.0;17.696909272183458;0.0;2.47791457715536;3.3733258505361796;3.0665669409125185;21.469218830832926;34.97142857142859;42.538699690402495;56.10894941634241;35.7142857142857;14.527629233511586
1991-12-01;23.91;7.0;10.032213529682465;0.0;2.6384774077463646;3.483740022114179;2.980625931445613;17.696909272183458;26.332794830371565;38.626865671641774;59.77941176470589;39.81636060100166;20.141342756183732
1992-01-01;24.02;7.0;6.660746003552398;0.0;2.3889730197484527;3.2509419743783186;2.672605790645899;10.032213529682465;21.469218830832926;34.27582227351416;60.62767475035664;44.537114261884895;21.807124239791477
1992-02-01;24.27;7.0;8.155080213903743;0.0;2.596259286144531;3.246509251048346;2.8189910979228294;6.660746003552398;17.696909272183458;34.97142857142859;57.47368421052632;44.15156507413509;23.056994818652843
1992-03-01;24.73;7.0;10.057854917668019;0.0;2.824274243360092;3.2892368610511147;3.189910979228472;8.155080213903743;10.032213529682465;26.332794830371565;53.06539509536785;51.34474327628362;25.792630676949436
1992-04-01;24.92;7.0;9.442248572683365;0.0;2.914701439625156;3.421899558416275;3.1828275351591495;10.057854917668019;6.660746003552398;21.469218830832926;49.40944881889764;54.63999999999998;29.043183742591026
1992-05-01;25.1;7.0;9.035621198957443;0.0;2.624833069826682;3.1548187022900853;3.0235988200590036;9.442248572683365;8.155080213903743;17.696909272183458;42.538699690402495;56.10894941634241;35.7142857142857
1992-06-01;25.3;7.0;8.957795004306647;0.0;2.6342001624346745;3.01416329445372;3.0147058823529305;9.035621198957443;10.057854917668019;10.032213529682465;38.626865671641774;59.77941176470589;39.81636060100166
1992-07-01;25.7;7.0;10.442629995702625;0.0;2.8105875152998783;3.0880586167514545;3.1571218795888534;8.957795004306647;9.442248572683365;6.660746003552398;34.27582227351416;60.62767475035664;44.537114261884895
1992-08-01;25.9;7.0;9.652836579170177;0.0;2.7109951000595434;2.9006301215868335;3.0746705710102518;10.442629995702625;9.035621198957443;8.155080213903743;34.97142857142859;57.47368421052632;44.15156507413509
1992-09-01;26.08;7.0;11.16794543904518;0.0;2.525214110774776;2.6562753215374935;2.9927007299270114;9.652836579170177;8.957795004306647;10.057854917668019;26.332794830371565;53.06539509536785;51.34474327628362
1992-10-01;26.2;7.0;11.584327086882439;0.0;2.695110841178261;2.825390291947194;3.279883381924198;11.16794543904518;10.442629995702625;9.442248572683365;21.469218830832926;49.40944881889764;54.63999999999998
1992-11-01;26.72;7.0;13.172384582803897;0.0;2.6710097719869763;2.858274764133628;3.1204644412191396;11.584327086882439;9.652836579170177;9.035621198957443;17.696909272183458;42.538699690402495;56.10894941634241
1992-12-01;27.31;7.0;14.219991635299035;0.0;2.59332023575638;2.795626527714745;2.966714905933454;13.172384582803897;11.16794543904518;8.957795004306647;10.032213529682465;38.626865671641774;59.77941176470589
1993-01-01;27.44;7.0;14.23813488759369;0.0;2.7044974343495287;2.814310946326648;3.2537960954446943;14.219991635299035;11.584327086882439;10.442629995702625;6.660746003552398;34.27582227351416;60.62767475035664
1993-02-01;27.5;7.0;13.308611454470531;0.0;2.5983019208767333;2.732447265369098;3.2467532467532534;14.23813488759369;13.172384582803897;9.652836579170177;8.155080213903743;34.97142857142859;57.47368421052632
1993-03-01;27.7;7.0;12.009704811969257;0.0;2.560482962651478;2.6980323821970575;3.0194104960460155;13.308611454470531;14.219991635299035;11.16794543904518;10.057854917668019;26.332794830371565;53.06539509536785
1993-04-01;28.09;7.0;12.720706260032099;0.0;2.555077955338536;2.660259657553099;3.1563845050215145;12.009704811969257;14.23813488759369;11.584327086882439;9.442248572683365;21.469218830832926;49.40944881889764
1993-05-01;28.25;7.0;12.549800796812738;0.0;2.7371853358661102;2.863213273978138;3.2211882605583497;12.720706260032099;13.308611454470531;13.172384582803897;9.035621198957443;17.696909272183458;42.538699690402495
1993-06-01;28.94;7.0;14.387351778656132;0.0;2.590480172001919;2.8811992721180735;2.9978586723768963;12.549800796812738;12.009704811969257;14.219991635299035;8.957795004306647;10.032213529682465;38.626865671641774
1993-07-01;29.62;7.0;15.252918287937757;0.0;2.4152863967141336;2.7077967857502605;2.8469750889679624;14.387351778656132;12.720706260032099;14.23813488759369;10.442629995702625;6.660746003552398;34.27582227351416
1993-08-01;29.7;7.0;14.671814671814666;0.0;2.4536686135508967;2.8044906349274923;2.840909090909083;15.252918287937757;12.549800796812738;13.308611454470531;9.652836579170177;8.155080213903743;34.97142857142859
1993-09-01;29.57;7.0;13.381901840490794;0.0;2.3932816000712176;2.7913318025258205;2.7639971651311157;14.671814671814666;14.387351778656132;12.009704811969257;11.16794543904518;10.057854917668019;26.332794830371565
1993-10-01;29.74;7.0;13.51145038167938;0.0;2.3538108967250615;2.56762166180593;2.752293577981657;13.381901840490794;15.252918287937757;12.720706260032099;11.584327086882439;9.442248572683365;21.469218830832926
1993-11-01;30.13;7.0;12.761976047904188;0.0;2.3462401133278243;2.606239568622404;2.7445460942997935;13.51145038167938;14.671814671814666;12.549800796812738;13.172384582803897;9.035621198957443;17.696909272183458
1993-12-01;30.49;7.0;11.644086415232513;0.0;2.191909966708905;2.461875809827574;2.8109627547435068;12.761976047904188;13.381901840490794;14.387351778656132;14.219991635299035;8.957795004306647;10.032213529682465
1994-01-01;31.15;7.0;13.520408163265296;0.0;1.9764297889848903;2.2474621991907417;2.450980392156854;11.644086415232513;13.51145038167938;15.252918287937757;14.23813488759369;10.442629995702625;6.660746003552398
1994-02-01;31.44;7.0;14.327272727272721;0.0;2.060040496522597;2.2715034717302185;2.515723270440251;13.520408163265296;12.761976047904188;14.671814671814666;13.308611454470531;9.652836579170177;8.155080213903743
1994-03-01;31.62;7.0;14.151624548736464;0.0;2.131958883650098;2.399502283556987;2.6517794836008246;14.327272727272721;11.644086415232513;13.381901840490794;12.009704811969257;11.16794543904518;10.057854917668019
1994-04-01;32.0;7.0;13.91954432182272;0.0;1.9817451624680515;2.254367043099448;2.364394993045882;14.151624548736464;13.520408163265296;13.51145038167938;12.720706260032099;11.584327086882439;9.442248572683365
1994-05-01;32.25;7.0;14.15929203539823;0.0;1.8140259437739337;2.1371664629262765;2.288488210818307;13.91954432182272;14.327272727272721;12.761976047904188;12.549800796812738;13.172384582803897;9.035621198957443
1994-06-01;32.35;7.0;11.782999308914999;0.0;2.0273318682598074;2.2656765444923455;2.494802494802495;14.15929203539823;14.151624548736464;11.644086415232513;14.387351778656132;14.219991635299035;8.957795004306647
1994-07-01;32.5;7.0;9.72316002700877;0.0;2.186864283638501;2.267983469916657;2.69896193771626;11.782999308914999;13.91954432182272;13.520408163265296;15.252918287937757;14.23813488759369;10.442629995702625
1994-08-01;32.88;7.0;10.70707070707071;0.0;2.2454959528852125;2.192455046282049;2.900552486187835;9.72316002700877;14.15929203539823;14.327272727272721;14.671814671814666;13.308611454470531;9.652836579170177
1994-09-01;33.11;7.0;11.97159283057152;0.0;2.253296623677725;2.1947643979057574;2.965517241379323;10.70707070707071;11.782999308914999;14.151624548736464;13.381901840490794;12.009704811969257;11.16794543904518
1994-10-01;33.4;7.0;12.306657700067248;0.0;2.104670143152232;2.2649977698483426;2.609890109890123;11.97159283057152;9.72316002700877;13.91954432182272;13.51145038167938;12.720706260032099;11.584327086882439
1994-11-01;33.87;7.0;12.412877530700284;0.0;2.106462124052011;2.189689689689689;2.602739726027403;12.306657700067248;10.70707070707071;14.15929203539823;12.761976047904188;12.549800796812738;13.172384582803897
1994-12-01;34.03;7.0;11.610364053788146;0.0;2.1492201689393697;2.1789883268482635;2.597402597402576;12.412877530700284;11.97159283057152;11.782999308914999;11.644086415232513;14.387351778656132;14.219991635299035
1995-01-01;34.05;9.0;9.30979133226324;0.0;2.3214259982419883;2.3508011885917446;2.8708133971291794;11.610364053788146;12.306657700067248;9.72316002700877;13.520408163265296;15.252918287937757;14.23813488759369
1995-02-01;33.93;9.0;7.919847328244267;0.0;2.265735070013508;2.2972579773599566;2.862985685071595;9.30979133226324;12.412877530700284;10.70707070707071;14.327272727272721;14.671814671814666;13.308611454470531
1995-03-01;34.1;9.0;7.843137254901955;0.0;2.172043010752689;2.1996685998343146;2.7872195785180187;7.919847328244267;11.610364053788146;11.97159283057152;14.151624548736464;13.381901840490794;12.009704811969257
1995-04-01;34.36;9.0;7.374999999999998;0.0;2.321285370603743;2.283256121773647;3.125000000000022;7.843137254901955;9.30979133226324;12.306657700067248;13.91954432182272;13.51145038167938;12.720706260032099
1995-05-01;34.87;9.0;8.12403100775192;0.0;2.3308023393819655;2.230017884165658;3.1186440677966054;7.374999999999998;7.919847328244267;12.412877530700284;14.15929203539823;12.761976047904188;12.549800796812738
1995-06-01;35.31;9.0;9.149922720247305;0.0;2.1810453041195776;2.0919410852287657;3.0425963488843744;8.12403100775192;7.843137254901955;11.610364053788146;11.782999308914999;11.644086415232513;14.387351778656132
1995-07-01;35.39;9.0;8.89230769230769;0.0;1.9864912904372423;2.039614267711354;2.8301886792452713;9.149922720247305;7.374999999999998;9.30979133226324;9.72316002700877;13.520408163265296;15.252918287937757
1995-08-01;35.6;9.0;8.272506082725052;0.0;1.9734415344891065;2.168677995785795;2.6174496644295386;8.89230769230769;8.12403100775192;7.919847328244267;10.70707070707071;14.327272727272721;14.671814671814666
1995-09-01;35.8;9.0;8.124433705829048;0.0;1.928718203075186;2.148995177397972;2.54521098459477;8.272506082725052;9.149922720247305;7.843137254901955;11.97159283057152;14.151624548736464;13.381901840490794
1995-10-01;36.3;9.0;8.682634730538918;0.0;2.0216739290362717;2.1575869917812573;2.7443105756358666;8.124433705829048;8.89230769230769;7.374999999999998;12.306657700067248;13.91954432182272;13.51145038167938
1995-11-01;36.78;9.0;8.591674047829944;0.0;1.8243691664666217;2.0366515652422423;2.603471295060067;8.682634730538918;8.272506082725052;8.12403100775192;12.412877530700284;14.15929203539823;12.761976047904188
1995-12-01;36.96;9.0;8.610049955921252;0.0;1.9530092429266954;2.144761179414645;2.5316455696202667;8.591674047829944;8.124433705829048;9.149922720247305;11.610364053788146;11.782999308914999;11.644086415232513
1996-01-01;37.37;9.0;9.750367107195302;0.0;1.9744254168544417;2.0064847851745338;2.7906976744185963;8.610049955921252;8.682634730538918;8.89230769230769;9.30979133226324;9.72316002700877;13.520408163265296
1996-02-01;37.61;9.0;10.84585912172118;0.0;1.9540585374082653;1.9734257967520374;2.717031146454607;9.750367107195302;8.591674047829944;8.272506082725052;7.919847328244267;10.70707070707071;14.327272727272721
1996-03-01;38.02;9.0;11.495601173020532;0.0;2.0739493439977386;1.95776417656357;2.8439153439153486;10.84585912172118;8.610049955921252;8.124433705829048;7.843137254901955;11.97159283057152;14.151624548736464
1996-04-01;38.46;9.0;11.932479627473814;0.0;2.1104782164499625;1.861587404292031;2.832674571805005;11.495601173020532;9.750367107195302;8.682634730538918;7.374999999999998;12.306657700067248;13.91954432182272
1996-05-01;38.71;9.0;11.012331517063378;0.0;2.1295921076533997;1.86378867193282;2.827087442472065;11.932479627473814;10.84585912172118;8.591674047829944;8.12403100775192;12.412877530700284;14.15929203539823
1996-06-01;38.96;9.0;10.337015009912198;0.0;2.028394734270522;1.8541176470588283;2.8215223097112663;11.012331517063378;11.495601173020532;8.610049955921252;9.149922720247305;11.610364053788146;11.782999308914999
1996-07-01;39.49;9.0;11.585193557502116;0.0;2.1178996681632034;1.8847408481333927;2.8833551769331667;10.337015009912198;11.932479627473814;9.750367107195302;8.89230769230769;9.30979133226324;9.72316002700877
1996-08-01;39.88;9.0;12.022471910112365;0.0;1.993683654020062;1.72891751817974;2.8122956180510084;11.585193557502116;11.012331517063378;10.84585912172118;8.272506082725052;7.919847328244267;10.70707070707071
1996-09-01;40.01;9.0;11.75977653631286;0.0;2.211995662208377;1.9018322856760639;3.0045721750489918;12.022471910112365;10.337015009912198;11.495601173020532;8.124433705829048;7.843137254901955;11.97159283057152
1996-10-01;40.17;9.0;10.6611570247934;0.0;2.2561812710606866;1.8958800298858103;3.0618892508143203;11.75977653631286;11.585193557502116;11.932479627473814;8.682634730538918;7.374999999999998;12.306657700067248
1996-11-01;40.62;9.0;10.440456769983687;0.0;2.440681726782312;1.963999999999988;3.2530904359141077;10.6611570247934;12.022471910112365;11.012331517063378;8.591674047829944;8.12403100775192;12.412877530700284
1996-12-01;40.97;9.0;10.849567099567103;0.0;2.36266245899599;1.861394048332321;3.378817413905133;10.440456769983687;11.75977653631286;10.337015009912198;8.610049955921252;9.149922720247305;11.610364053788146
1997-01-01;41.41;9.0;10.81081081081081;0.0;2.267642590802388;1.8539699428115508;3.0381383322559907;10.849567099567103;10.6611570247934;11.585193557502116;9.750367107195302;8.89230769230769;9.30979133226324
1997-02-01;42.38;9.0;12.682797128423307;0.0;2.321989961943638;1.9299224311975394;3.0322580645161246;10.81081081081081;10.440456769983687;12.022471910112365;10.84585912172118;8.272506082725052;7.919847328244267
1997-03-01;42.39;9.0;11.49395055234086;0.0;2.121166297788113;1.9387241260501842;2.7652733118971096;12.682797128423307;10.849567099567103;11.75977653631286;11.495601173020532;8.124433705829048;7.843137254901955
1997-04-01;42.37;9.0;10.166406656266247;0.0;1.9160921588245783;1.9982796268113612;2.434336963484962;11.49395055234086;10.81081081081081;10.6611570247934;11.932479627473814;8.682634730538918;7.374999999999998
1997-05-01;42.43;9.0;9.60991991733402;0.0;1.6925034547867535;1.8957408581695256;2.237851662404089;10.166406656266247;12.682797128423307;10.440456769983687;11.012331517063378;8.591674047829944;8.12403100775192
1997-06-01;42.45;9.0;8.95790554414786;0.0;1.8252469693238238;1.968212899648858;2.233567326100827;9.60991991733402;11.49395055234086;10.849567099567103;10.337015009912198;8.610049955921252;9.149922720247305
1997-07-01;42.64;9.0;7.976702962775373;0.0;1.6698297401728457;1.8446051886108705;2.165605095541401;8.95790554414786;10.166406656266247;10.81081081081081;11.585193557502116;9.750367107195302;8.89230769230769
1997-08-01;43.09;9.0;8.049147442326987;0.0;1.6559814486427404;1.7179642452805233;2.2900763358778775;7.976702962775373;9.60991991733402;12.682797128423307;12.022471910112365;10.84585912172118;8.272506082725052
1997-09-01;43.35;9.0;8.34791302174458;0.0;1.6145925432212938;1.6209050818983828;2.21940393151554;8.049147442326987;8.95790554414786;11.49395055234086;11.75977653631286;11.495601173020532;8.124433705829048
1997-10-01;43.57;9.0;8.4640278815036;0.0;1.4388391646324994;1.5345737367918;2.0859671302149163;8.34791302174458;7.976702962775373;10.166406656266247;10.6611570247934;11.932479627473814;8.682634730538918
1997-11-01;43.73;9.0;7.656326932545543;0.0;1.2630125489028199;1.4318779176964336;1.8903591682419618;8.4640278815036;8.049147442326987;9.60991991733402;10.440456769983687;11.012331517063378;8.591674047829944
1997-12-01;43.89;9.0;7.127166219184766;0.0;1.1249932392233042;1.4509234931963544;1.6970458830924073;7.656326932545543;8.34791302174458;8.95790554414786;10.849567099567103;10.337015009912198;8.610049955921252
1998-01-01;44.43;7.0;7.292924414392665;0.0;1.0438610705990392;1.499007625613702;1.6311166875784044;7.127166219184766;8.4640278815036;7.976702962775373;10.81081081081081;11.585193557502116;9.750367107195302
1998-02-01;44.68;7.0;5.427088249174128;0.0;0.7802393272962505;1.377360211620915;1.440200375704448;7.292924414392665;7.656326932545543;8.049147442326987;12.682797128423307;12.022471910112365;10.84585912172118
1998-03-01;44.98;7.0;6.109931587638595;0.0;0.6905742670220594;1.2427689307767276;1.3767209011263937;5.427088249174128;7.127166219184766;8.34791302174458;11.49395055234086;11.75977653631286;11.495601173020532
1998-04-01;45.3;7.0;6.915270238376214;0.0;0.7154480291558629;1.2312682452156887;1.4383989993745905;6.109931587638595;7.292924414392665;8.4640278815036;10.166406656266247;10.6611570247934;11.932479627473814
1998-05-01;45.54;7.0;7.329719538062696;0.0;0.9014584790915547;1.2563042097211152;1.6885553470919357;6.915270238376214;5.427088249174128;7.656326932545543;9.60991991733402;10.440456769983687;11.012331517063378
1998-06-01;45.61;7.0;7.444051825677267;0.0;0.6866433754367129;0.9799987054178061;1.6229712858926382;7.329719538062696;6.109931587638595;7.127166219184766;8.95790554414786;10.849567099567103;10.337015009912198
1998-07-01;45.75;7.0;7.2936210131332;0.0;0.8755908895573761;1.1966829243049482;1.74563591022443;7.444051825677267;6.915270238376214;7.292924414392665;7.976702962775373;10.81081081081081;11.585193557502116
1998-08-01;45.81;7.0;6.312369459271294;0.0;0.9339273254253655;1.4339886368048615;1.6169154228855787;7.2936210131332;7.329719538062696;5.427088249174128;8.049147442326987;12.682797128423307;12.022471910112365
1998-09-01;45.73;7.0;5.490196078431353;0.0;0.6318269436710322;1.2062975447841184;1.4267990074441794;6.312369459271294;7.444051825677267;6.109931587638595;8.34791302174458;11.49395055234086;11.75977653631286
1998-10-01;45.74;7.0;4.980491163644718;0.0;0.7219154824133156;1.2495970081887853;1.4860681114551078;5.490196078431353;7.2936210131332;6.915270238376214;8.4640278815036;10.166406656266247;10.6611570247934
1998-11-01;46.95;7.0;7.363366110221836;0.0;0.7232233570397373;1.2376237623762387;1.4842300556586308;4.980491163644718;6.312369459271294;7.329719538062696;7.656326932545543;9.60991991733402;10.440456769983687
1998-12-01;47.17;7.0;7.473228525860098;0.0;0.8450553564743002;1.3528661435584288;1.606922126081578;7.363366110221836;5.490196078431353;7.444051825677267;7.127166219184766;8.95790554414786;10.849567099567103
1999-01-01;47.22;6.0;6.2795408507765105;0.0;0.9381891079184745;1.343076210569638;1.6666666666666607;7.473228525860098;4.980491163644718;7.2936210131332;7.292924414392665;7.976702962775373;10.81081081081081
1999-02-01;46.99;6.0;5.170098478066265;0.0;0.9319801569791286;1.2223964626340011;1.6666666666666607;6.2795408507765105;7.363366110221836;6.312369459271294;5.427088249174128;8.049147442326987;12.682797128423307
1999-03-01;46.78;6.0;4.0017785682525675;0.0;0.9919918715490805;1.1453371168834492;1.7283950617283939;5.170098478066265;7.473228525860098;5.490196078431353;6.109931587638595;8.34791302174458;11.49395055234086
1999-04-01;46.88;6.0;3.487858719646808;0.0;1.3553030404187316;1.2188557366964003;2.281134401972884;4.0017785682525675;6.2795408507765105;4.980491163644718;6.915270238376214;8.4640278815036;10.166406656266247
1999-05-01;47.23;6.0;3.711023276240666;0.0;1.2814358482011956;1.2176696542893772;2.091020910209096;3.487858719646808;5.170098478066265;7.363366110221836;7.329719538062696;7.656326932545543;9.60991991733402
1999-06-01;47.53;6.0;4.2096031572023795;0.0;1.3986200637920332;1.3974000666649555;1.9656019656019597;3.711023276240666;4.0017785682525675;7.473228525860098;7.444051825677267;7.127166219184766;8.95790554414786
1999-07-01;48.13;6.0;5.202185792349723;0.0;1.4178071249800306;1.2950320881593536;2.1446078431372584;4.2096031572023795;3.487858719646808;6.2795408507765105;7.2936210131332;7.292924414392665;7.976702962775373
1999-08-01;48.57;6.0;6.024885396201696;0.0;1.4610475937250733;1.1457735247208944;2.2643818849449104;5.202185792349723;3.711023276240666;5.170098478066265;6.312369459271294;5.427088249174128;8.049147442326987
1999-09-01;48.84;6.0;6.800787229389904;0.0;1.8849100776843652;1.4318347136968557;2.629969418960254;6.024885396201696;4.2096031572023795;4.0017785682525675;5.490196078431353;6.109931587638595;8.34791302174458
1999-10-01;49.2;6.0;7.564494971578495;0.0;1.8343265950810483;1.4073923121991072;2.56253813300793;6.800787229389904;5.202185792349723;3.487858719646808;4.980491163644718;6.915270238376214;8.4640278815036
1999-11-01;49.36;6.0;5.1331203407880555;0.0;1.9204990377596376;1.4860941320293142;2.6203534430225606;7.564494971578495;6.024885396201696;3.711023276240666;7.363366110221836;7.329719538062696;7.656326932545543
1999-12-01;49.49;6.0;4.9183803264786885;0.0;2.055157783081407;1.4403213709113682;2.676399026763998;5.1331203407880555;6.800787229389904;4.2096031572023795;7.473228525860098;7.444051825677267;7.127166219184766
2000-01-01;49.71;6.0;5.273189326556538;0.0;2.1886212877514133;1.5372702345892053;2.792956891317555;4.9183803264786885;7.564494971578495;5.202185792349723;6.2795408507765105;7.2936210131332;7.292924414392665
2000-02-01;50.1;6.0;6.618429453075114;0.0;2.5674315086640975;1.7231964850347392;3.2179720704310855;5.273189326556538;5.1331203407880555;6.024885396201696;5.170098478066265;6.312369459271294;5.427088249174128
2000-03-01;50.64;6.0;8.251389482684912;0.0;2.9308587389629492;1.9003973442677013;3.762135922330101;6.618429453075114;4.9183803264786885;6.800787229389904;4.0017785682525675;5.490196078431353;6.109931587638595
2000-04-01;51.13;6.0;9.065699658703075;0.0;2.3502753405527876;1.706869262424826;3.013863773357439;8.251389482684912;5.273189326556538;7.564494971578495;3.487858719646808;4.980491163644718;6.915270238376214
2000-05-01;50.71;6.0;7.368198179123442;0.0;2.369824238035667;1.71787833170991;3.1325301204819134;9.065699658703075;6.618429453075114;5.1331203407880555;3.711023276240666;7.363366110221836;7.329719538062696
2000-06-01;50.97;6.0;7.237534188933292;0.0;2.6849524210637243;1.7422748191978865;3.7349397590361377;7.368198179123442;8.251389482684912;4.9183803264786885;4.2096031572023795;7.473228525860098;7.444051825677267
2000-07-01;51.09;6.0;6.150010388531069;0.0;2.668644412648824;1.7908752445257692;3.5992801439711952;7.237534188933292;9.065699658703075;5.273189326556538;5.202185792349723;6.2795408507765105;7.2936210131332
2000-08-01;50.86;6.0;4.714844554251596;0.0;2.476447542551652;1.8720119082159314;3.3512866546977715;6.150010388531069;7.368198179123442;6.618429453075114;6.024885396201696;5.170098478066265;6.312369459271294
2000-09-01;50.93;6.0;4.279279279279269;0.0;2.54853576697609;1.8494520840934614;3.45649582836709;4.714844554251596;7.237534188933292;8.251389482684912;6.800787229389904;4.0017785682525675;5.490196078431353
2000-10-01;51.09;6.0;3.8414634146341387;0.0;2.514239537035823;1.81866137479747;3.4503271861986873;4.279279279279269;6.150010388531069;9.065699658703075;7.564494971578495;3.487858719646808;4.980491163644718
2000-11-01;51.43;6.0;4.193679092382507;0.0;2.5653713928534216;1.9009975531714574;3.444180522565321;3.8414634146341387;4.714844554251596;7.368198179123442;5.1331203407880555;3.711023276240666;7.363366110221836
2000-12-01;52.01;6.0;5.09193776520509;0.0;2.4853839158113455;1.8710211038147184;3.4360189573459543;4.193679092382507;4.279279279279269;7.237534188933292;4.9183803264786885;4.2096031572023795;7.473228525860098
2001-01-01;52.72;5.0;6.055119694226518;0.0;2.7014770665975574;2.0065760686111433;3.7212049616065945;5.09193776520509;3.8414634146341387;6.150010388531069;5.273189326556538;5.202185792349723;6.2795408507765105
2001-02-01;53.1;5.0;5.988023952095811;0.0;2.539329906228205;2.0348038848525762;3.529411764705892;6.055119694226518;4.193679092382507;4.714844554251596;6.618429453075114;6.024885396201696;5.170098478066265
2001-03-01;53.39;5.0;5.430489731437604;0.0;2.1091891196707513;1.9322287280428618;2.9824561403508643;5.988023952095811;5.09193776520509;4.279279279279269;8.251389482684912;6.800787229389904;4.0017785682525675
2001-04-01;53.62;5.0;4.869939370232723;0.0;2.3735358475994506;2.0268167274628768;3.2182562902282053;5.430489731437604;6.055119694226518;3.8414634146341387;9.065699658703075;7.564494971578495;3.487858719646808
2001-05-01;53.78;5.0;6.054032735160719;0.0;2.556748762137473;1.9413249760598772;3.5630841121495394;4.869939370232723;5.988023952095811;4.193679092382507;7.368198179123442;5.1331203407880555;3.711023276240666
2001-06-01;54.18;5.0;6.297822248381402;0.0;2.3917250926056566;2.0927053560332975;3.193960511033689;6.054032735160719;5.430489731437604;5.09193776520509;7.237534188933292;4.9183803264786885;4.2096031572023795
2001-07-01;54.65;5.0;6.968095517713824;0.0;2.1019254864858006;2.122647357849594;2.7214823393167498;6.297822248381402;4.869939370232723;6.055119694226518;6.150010388531069;5.273189326556538;5.202185792349723
2001-08-01;55.33;5.0;8.788832088084941;0.0;2.095666739122093;2.041928253897507;2.7214823393167498;6.968095517713824;6.054032735160719;5.988023952095811;4.714844554251596;6.618429453075114;6.024885396201696
2001-09-01;55.51;5.0;8.992735126644401;0.0;1.3138964924565455;1.2179906859535627;2.5921658986175045;8.788832088084941;6.297822248381402;5.430489731437604;4.279279279279269;8.251389482684912;6.800787229389904
2001-10-01;55.92;5.0;9.453904873752194;0.0;1.5320653003102258;1.7874104136085034;2.127659574468077;8.992735126644401;6.968095517713824;4.869939370232723;3.8414634146341387;9.065699658703075;7.564494971578495
2001-11-01;56.31;5.0;9.48862531596346;0.0;1.321703359488069;1.8138160325083197;1.894374282433997;9.453904873752194;8.788832088084941;6.054032735160719;4.193679092382507;7.368198179123442;5.1331203407880555
2001-12-01;56.64;5.0;8.9021342049606;0.0;1.0623328220275674;1.7382425666449208;1.603665521191311;9.48862531596346;8.992735126644401;6.297822248381402;5.09193776520509;7.237534188933292;4.9183803264786885
2002-01-01;57.39;5.0;8.858118361153267;0.0;0.6661199772913795;1.4192567898813735;1.1958997722095743;8.9021342049606;9.453904873752194;6.968095517713824;6.055119694226518;6.150010388531069;5.273189326556538
2002-02-01;57.89;5.0;9.020715630885112;0.0;0.6776842847785458;1.4326612508564152;1.1363636363636465;8.858118361153267;9.48862531596346;8.788832088084941;5.988023952095811;4.714844554251596;6.618429453075114
2002-03-01;58.26;5.0;9.121558344259228;0.0;0.9433843441022827;1.4482834480145756;1.3628620102214661;9.020715630885112;8.9021342049606;8.992735126644401;5.430489731437604;4.279279279279269;8.251389482684912
2002-04-01;58.58;5.0;9.250279746363299;0.0;1.1881710966379133;1.570450635135634;1.643990929705219;9.121558344259228;8.858118361153267;9.453904873752194;4.869939370232723;3.8414634146341387;9.065699658703075
2002-05-01;58.79;5.0;9.315730754927486;0.0;0.9881745106153694;1.6603635476393874;1.2408347433727984;9.250279746363299;9.020715630885112;9.48862531596346;6.054032735160719;4.193679092382507;7.368198179123442
2002-06-01;59.13;5.0;9.136212624584727;0.0;0.9350941979094918;1.5933490761253166;1.0692177827799743;9.315730754927486;9.121558344259228;8.9021342049606;6.297822248381402;5.09193776520509;7.237534188933292
2002-07-01;59.62;5.0;9.094236047575489;0.0;1.192116005910493;1.5370419833426574;1.465614430665152;9.136212624584727;9.250279746363299;8.858118361153267;6.968095517713824;6.055119694226518;6.150010388531069
2002-08-01;59.61;5.0;7.735405747334179;0.0;1.4039174431419665;1.6879838846685757;1.747463359639223;9.094236047575489;9.315730754927486;9.020715630885112;8.788832088084941;5.988023952095811;4.714844554251596
2002-09-01;59.45;5.0;7.097820212574324;0.0;1.9327192530504966;2.4347380368322735;1.516002245929271;7.735405747334179;9.136212624584727;9.121558344259228;8.992735126644401;5.430489731437604;4.279279279279269
2002-10-01;59.62;5.0;6.616595135908443;0.0;1.759394918416679;1.804498521498843;2.0270270270270174;7.097820212574324;9.094236047575489;9.250279746363299;9.453904873752194;4.869939370232723;3.8414634146341387
2002-11-01;59.89;5.0;6.357662937311304;0.0;1.9297520143353175;1.6980515946446006;2.2535211267605604;6.616595135908443;7.735405747334179;9.315730754927486;9.48862531596346;6.054032735160719;4.193679092382507
2002-12-01;60.22;5.0;6.320621468926557;0.0;2.132436873596677;1.7690019588401773;2.4802705749718212;6.357662937311304;7.097820212574324;9.136212624584727;8.9021342049606;6.297822248381402;5.09193776520509
2003-01-01;60.94;5.0;6.185746645757106;0.0;2.344817214542627;1.7800604229607275;2.757456387169399;6.320621468926557;6.616595135908443;9.094236047575489;8.858118361153267;6.968095517713824;6.055119694226518
2003-02-01;61.36;5.0;5.994126792192089;0.0;2.6061606986462538;1.727236542149635;3.146067415730336;6.185746645757106;6.357662937311304;7.735405747334179;9.020715630885112;8.788832088084941;5.988023952095811
2003-03-01;61.63;5.0;5.784414692756612;0.0;2.5890896386504103;1.7685468520348024;3.025210084033625;5.994126792192089;6.320621468926557;7.097820212574324;9.121558344259228;8.992735126644401;5.430489731437604
2003-04-01;61.9;5.0;5.667463298053943;0.0;1.9893388337330231;1.5978279151349195;2.175125488008911;5.784414692756612;6.185746645757106;6.616595135908443;9.250279746363299;9.453904873752194;4.869939370232723
2003-05-01;62.06;5.0;5.562170437149172;0.0;1.8067576461238577;1.6308456636785706;1.8941504178273005;5.667463298053943;5.994126792192089;6.357662937311304;9.315730754927486;9.48862531596346;6.054032735160719
2003-06-01;62.23;5.0;5.2426856079824;0.0;1.7883718622879075;1.5276230185830908;1.948775055679297;5.562170437149172;5.784414692756612;6.320621468926557;9.136212624584727;8.9021342049606;6.297822248381402
2003-07-01;62.39;5.0;4.646091915464612;0.0;1.8623932681598676;1.5747560742299438;2.055555555555544;5.2426856079824;5.667463298053943;6.185746645757106;9.094236047575489;8.858118361153267;6.968095517713824
2003-08-01;62.57;5.0;4.965609797013926;0.0;2.005705887438425;1.4893134599090807;2.216066481994461;4.646091915464612;5.562170437149172;5.994126792192089;7.735405747334179;9.020715630885112;8.788832088084941
2003-09-01;62.83;5.0;5.685449957947841;0.0;2.1414041792516825;1.4654371291729307;2.378318584070782;4.965609797013926;5.2426856079824;5.784414692756612;7.097820212574324;9.121558344259228;8.992735126644401
2003-10-01;63.1;5.0;5.8369674605837085;0.0;1.968939971942607;1.5653830129158885;2.041942604856528;5.685449957947841;4.646091915464612;5.667463298053943;6.616595135908443;9.250279746363299;9.453904873752194
2003-11-01;63.38;5.0;5.827350141926879;0.0;1.9964840244397042;1.6054800385315149;1.9283746556473913;5.8369674605837085;4.965609797013926;5.562170437149172;6.357662937311304;9.315730754927486;9.48862531596346
2003-12-01;63.75;5.0;5.8618399202922555;0.0;2.123530784441363;1.6384482861046656;2.0352035203520247;5.827350141926879;5.685449957947841;5.2426856079824;6.320621468926557;9.136212624584727;8.9021342049606
2004-01-01;64.73;5.0;6.219232031506405;0.0;2.2127253134796243;1.8284791565249536;2.026286966046009;5.8618399202922555;5.8369674605837085;4.646091915464612;6.185746645757106;9.094236047575489;8.858118361153267
2004-02-01;65.21;5.0;6.274445893089942;0.0;1.999780511895044;1.85323515811191;1.688453159041381;6.219232031506405;5.827350141926879;4.965609797013926;5.994126792192089;7.735405747334179;9.020715630885112
2004-03-01;65.68;5.0;6.571474931040089;0.0;1.8961553898733996;1.86092762270047;1.7400761283306032;6.274445893089942;5.8618399202922555;5.685449957947841;5.784414692756612;7.097820212574324;9.121558344259228
2004-04-01;66.02;5.0;6.655896607431333;0.0;2.2587719298245545;2.01258159114559;2.2925764192139875;6.571474931040089;6.219232031506405;5.8369674605837085;5.667463298053943;6.616595135908443;9.250279746363299
2004-05-01;66.57;5.0;7.26716081211729;0.0;2.7077793769668013;2.004959263195194;2.8977583378895444;6.655896607431333;6.274445893089942;5.827350141926879;5.562170437149172;6.357662937311304;9.315730754927486
2004-06-01;66.83;5.0;7.391933151213248;0.0;2.89129322318884;2.1088531709504643;3.1676679410158393;7.26716081211729;6.571474931040089;5.8618399202922555;5.2426856079824;6.320621468926557;9.136212624584727
2004-07-01;67.16;5.0;7.645456002564499;0.0;2.684808358136448;1.9764800056504495;2.939575394665228;7.391933151213248;6.655896607431333;6.219232031506405;4.646091915464612;6.185746645757106;9.094236047575489
2004-08-01;67.35;5.0;7.639443822918324;0.0;2.392454566367608;1.900170497971665;2.5474254742547275;7.645456002564499;7.26716081211729;6.274445893089942;4.965609797013926;5.994126792192089;7.735405747334179
2004-09-01;67.88;5.0;8.037561674359385;0.0;2.2727272727272707;1.948006199802732;2.5391680172879516;7.639443822918324;7.391933151213248;6.571474931040089;5.685449957947841;5.784414692756612;7.097820212574324
2004-10-01;68.55;5.0;8.637083993660855;0.0;2.69966932972896;1.9831223628692163;3.1909140075716547;8.037561674359385;7.645456002564499;6.655896607431333;5.8369674605837085;5.667463298053943;6.616595135908443
2004-11-01;69.23;5.0;9.230041022404546;0.0;2.965034290742108;2.062338331168001;3.621621621621607;8.637083993660855;7.639443822918324;7.26716081211729;5.827350141926879;5.562170437149172;6.357662937311304
2004-12-01;69.63;5.0;9.223529411764698;0.0;2.7937462417318093;2.0656036659497;3.3423180592991875;9.230041022404546;8.037561674359385;7.391933151213248;5.8618399202922555;5.2426856079824;6.320621468926557
2005-01-01;70.58;5.0;9.03754055306658;1.0;2.53261611817277;2.171099425160028;2.8448738593666034;9.223529411764698;8.637083993660855;7.645456002564499;6.219232031506405;4.646091915464612;6.185746645757106
2005-02-01;71.1;5.0;9.032357000460056;1.0;2.598955157862015;2.1745710227934145;3.0530262453133394;9.03754055306658;9.230041022404546;7.639443822918324;6.274445893089942;4.965609797013926;5.994126792192089
2005-03-01;71.43;5.0;8.754567600487206;1.0;2.747738069660288;2.2557701694442267;3.2068412613575736;9.032357000460056;9.223529411764698;8.037561674359385;6.571474931040089;5.685449957947841;5.784414692756612
2005-04-01;71.88;5.0;8.87609815207513;1.0;2.84390116043558;2.108496580503072;3.3617929562433257;8.754567600487206;9.03754055306658;8.637083993660855;6.655896607431333;5.8369674605837085;5.667463298053943
2005-05-01;72.24;5.0;8.517350157728721;1.0;2.5698881314870636;2.177385748020555;2.869287991498415;8.87609815207513;9.032357000460056;9.230041022404546;7.26716081211729;5.827350141926879;5.562170437149172
2005-06-01;72.72;5.0;8.813407152476426;1.0;2.339929186353573;2.0861022825772846;2.541026998411855;8.517350157728721;8.754567600487206;9.223529411764698;7.391933151213248;5.8618399202922555;5.2426856079824
2005-07-01;73.4;5.0;9.291244788564645;1.0;2.679680567879328;2.1147896753936246;3.067160232681121;8.813407152476426;8.87609815207513;9.03754055306658;7.645456002564499;6.219232031506405;4.646091915464612
2005-08-01;73.67;5.0;9.383815887156665;1.0;3.0401210845581783;2.158987318401584;3.6469344608879517;9.291244788564645;8.517350157728721;9.032357000460056;7.639443822918324;6.274445893089942;4.965609797013926
2005-09-01;74.29;5.0;9.443134944018873;1.0;3.830766507346417;2.1941190698317348;4.741833508956805;9.383815887156665;8.813407152476426;8.754567600487206;8.037561674359385;6.571474931040089;5.685449957947841
2005-10-01;75.6;5.0;10.284463894967178;1.0;3.5511580629619566;2.2640555325702083;4.350104821802936;9.443134944018873;9.291244788564645;8.87609815207513;8.637083993660855;6.655896607431333;5.8369674605837085
2005-11-01;75.63;5.0;9.244547161635118;1.0;2.9393517272056746;2.3062191080172934;3.3385498174230532;10.284463894967178;9.383815887156665;8.517350157728721;9.230041022404546;7.26716081211729;5.827350141926879
2005-12-01;75.6;5.0;8.57389056441189;1.0;2.8839516572484847;2.2803541363631163;3.3385498174230532;9.244547161635118;9.443134944018873;8.813407152476426;9.223529411764698;7.391933151213248;5.8618399202922555
2006-01-01;76.28;6.0;8.07594219325589;1.0;3.2470643220190665;2.1432239657631857;4.018789144050117;8.57389056441189;10.284463894967178;9.291244788564645;9.03754055306658;7.645456002564499;6.219232031506405
2006-02-01;76.26;6.0;7.257383966244735;1.0;3.022499796091971;2.138543921613323;3.63825363825363;8.07594219325589;9.244547161635118;9.383815887156665;9.032357000460056;7.639443822918324;6.274445893089942
2006-03-01;76.63;6.0;7.279854402911923;1.0;2.9135687732341875;2.167365633559526;3.4179181771103018;7.257383966244735;8.57389056441189;9.443134944018873;8.754567600487206;8.037561674359385;6.571474931040089
2006-04-01;77.26;6.0;7.484696716750161;1.0;3.1023736981731;2.3612482829865167;3.613835828600931;7.279854402911923;8.07594219325589;10.284463894967178;8.87609815207513;8.637083993660855;6.655896607431333
2006-05-01;77.75;6.0;7.627353266888148;1.0;3.3217552390876426;2.408546601864736;3.9772727272727293;7.484696716750161;7.257383966244735;9.244547161635118;8.517350157728721;9.230041022404546;7.26716081211729
2006-06-01;78.21;6.0;7.549504950495045;1.0;3.512953727595658;2.5959470168685606;4.1817243159525175;7.627353266888148;7.279854402911923;8.57389056441189;8.813407152476426;9.223529411764698;7.391933151213248
2006-07-01;78.57;6.0;7.043596730245216;1.0;3.4278142643161535;2.545783404928792;4.104669061056954;7.549504950495045;7.484696716750161;8.07594219325589;9.291244788564645;9.03754055306658;7.645456002564499
2006-08-01;78.82;6.0;6.990633907967947;1.0;3.3360110167546475;2.6702209370623065;3.926568077511483;7.043596730245216;7.627353266888148;7.257383966244735;9.383815887156665;9.032357000460056;7.639443822918324
2006-09-01;78.53;6.0;5.707363036747881;1.0;2.081131153317206;2.605716346587328;2.012072434607637;6.990633907967947;7.549504950495045;7.279854402911923;9.443134944018873;8.754567600487206;8.037561674359385
2006-10-01;78.51;6.0;3.8492063492063577;1.0;1.6772392505759237;2.497134251871169;1.4063284781516971;5.707363036747881;7.043596730245216;7.484696716750161;10.284463894967178;8.87609815207513;8.637083993660855
2006-11-01;78.96;6.0;4.403014676715578;1.0;1.9240828765721307;2.284497253671125;1.9687026754164672;3.8492063492063577;6.990633907967947;7.627353266888148;9.244547161635118;8.517350157728721;9.230041022404546
2006-12-01;79.98;6.0;5.7936507936508175;1.0;2.2868384543655695;2.3157376094600224;2.5239777889954462;4.403014676715578;5.707363036747881;7.549504950495045;8.57389056441189;8.813407152476426;9.223529411764698
2007-01-01;81.03;5.0;6.227058206607228;1.0;2.133221673984864;2.500474844418621;2.075765178123423;5.7936507936508175;3.8492063492063577;7.043596730245216;8.07594219325589;9.291244788564645;9.03754055306658
2007-02-01;81.31;5.0;6.622082349855751;1.0;2.3886809097797945;2.556694591006936;2.420260782347028;6.227058206607228;4.403014676715578;6.990633907967947;7.257383966244735;9.383815887156665;9.032357000460056
2007-03-01;82.02;5.0;7.033798773326372;1.0;2.5658102677563743;2.3783567312612552;2.798197295943927;6.622082349855751;5.7936507936508175;5.707363036747881;7.279854402911923;9.443134944018873;8.754567600487206
2007-04-01;82.21;5.0;6.406937613253927;1.0;2.331486870638999;2.2114030320842026;2.5929247633283525;7.033798773326372;6.227058206607228;3.8492063492063577;7.484696716750161;10.284463894967178;8.87609815207513
2007-05-01;82.0;5.0;5.466237942122176;1.0;2.353231210569362;2.076442281099622;2.709885742672613;6.406937613253927;6.622082349855751;4.403014676715578;7.627353266888148;9.244547161635118;8.517350157728721
2007-06-01;82.36;5.0;5.3062268252141775;1.0;2.3172626566359877;1.9873542036789704;2.692765113974227;5.466237942122176;7.033798773326372;5.7936507936508175;7.549504950495045;8.57389056441189;8.813407152476426
2007-07-01;82.96;5.0;5.587374315896665;1.0;2.1244360274048857;2.0405238557192007;2.3178905864958077;5.3062268252141775;6.406937613253927;6.227058206607228;7.043596730245216;8.07594219325589;9.291244788564645
2007-08-01;83.72;5.0;6.216696269982247;1.0;1.873466078825503;1.9857859531772437;1.897448478900876;5.587374315896665;5.466237942122176;6.622082349855751;6.990633907967947;7.257383966244735;9.383815887156665
2007-09-01;84.28;5.0;7.322042531516626;1.0;2.534182514586014;2.1023725834797835;2.8338264299802685;6.216696269982247;5.3062268252141775;7.033798773326372;5.707363036747881;7.279854402911923;9.443134944018873
2007-10-01;84.57;5.0;7.718761941153973;1.0;3.0893201933057224;2.1841147318100163;3.610698365527476;7.322042531516626;5.587374315896665;6.406937613253927;3.8492063492063577;7.484696716750161;10.284463894967178
2007-11-01;86.17;5.0;9.131205673758869;1.0;3.599241325449065;2.3353936524636243;4.373267326732666;7.718761941153973;6.216696269982247;5.466237942122176;4.403014676715578;7.627353266888148;9.244547161635118
2007-12-01;86.97;5.0;8.739684921230296;1.0;3.4719674482206697;2.4045091386669437;4.108813392417532;9.131205673758869;7.322042531516626;5.3062268252141775;5.7936507936508175;7.549504950495045;8.57389056441189
2008-01-01;87.83;5.5;8.391953597433055;1.0;3.3884031956032734;2.1931306613182766;4.294695655165981;8.739684921230296;7.718761941153973;5.587374315896665;6.227058206607228;7.043596730245216;8.07594219325589
2008-02-01;88.44;5.5;8.768909113270196;1.0;3.2729843475571396;2.072026017250561;4.142959270611968;8.391953597433055;9.131205673758869;6.216696269982247;6.622082349855751;6.990633907967947;7.257383966244735
2008-03-01;89.48;5.5;9.095342599366019;1.0;3.1905878209572913;2.168810848400571;3.9749035501344343;8.768909113270196;8.739684921230296;7.322042531516626;7.033798773326372;5.707363036747881;7.279854402911923
2008-04-01;90.73;5.5;10.363702712565392;1.0;3.1403034894700976;2.083265518700572;3.9037609759888126;9.095342599366019;8.391953597433055;7.718761941153973;6.406937613253927;3.8492063492063577;7.484696716750161
2008-05-01;92.03;5.5;12.23170731707317;1.0;3.282278106832792;2.149080977978146;4.088413823123993;10.363702712565392;8.768909113270196;9.131205673758869;5.466237942122176;4.403014676715578;7.627353266888148
2008-06-01;93.53;5.5;13.56240893637688;1.0;3.8117816719835718;2.2147926945382146;4.935966105947864;12.23170731707317;9.095342599366019;8.739684921230296;5.3062268252141775;5.7936507936508175;7.549504950495045
2008-07-01;94.7;5.5;14.151398264223737;1.0;4.135395758792204;2.2449574884132906;5.497512078341837;13.56240893637688;10.363702712565392;8.391953597433055;5.587374315896665;6.227058206607228;7.043596730245216
2008-08-01;95.17;5.5;13.67654085045389;1.0;3.9810757189264523;2.2178833022297617;5.308017162091239;14.151398264223737;12.23170731707317;8.768909113270196;6.216696269982247;6.622082349855751;6.990633907967947
2008-09-01;95.03;5.5;12.755102040816336;1.0;3.6671444705064893;2.0440217742109024;4.953319875136075;13.67654085045389;13.56240893637688;9.095342599366019;7.322042531516626;7.033798773326372;5.707363036747881
2008-10-01;95.5;5.5;12.924204800756778;1.0;2.671949938830953;1.6341903085969278;3.7310578899565128;12.755102040816336;14.151398264223737;10.363702712565392;7.718761941153973;6.406937613253927;3.8492063492063577
2008-11-01;95.51;5.5;10.839039108738536;1.0;0.9261652451107105;1.3900341618565237;1.0999174706166848;12.924204800756778;13.67654085045389;12.23170731707317;9.131205673758869;5.466237942122176;4.403014676715578
2008-12-01;95.15;5.5;9.405542140968159;1.0;0.12893243940175214;1.1371530560988496;-0.02222800255385904;10.839039108738536;12.755102040816336;13.56240893637688;8.739684921230296;5.3062268252141775;5.7936507936508175
2009-01-01;94.75;5.5;7.878856882614138;1.0;-0.11146001907681446;0.9055710217273027;-0.11358601902212717;9.405542140968159;12.924204800756778;14.151398264223737;8.391953597433055;5.587374315896665;6.227058206607228
2009-02-01;94.19;5.5;6.501582994120314;1.0;-0.13156205878578353;0.8876433229615177;0.008463140671510772;7.878856882614138;10.839039108738536;13.67654085045389;8.768909113270196;6.216696269982247;6.622082349855751
2009-03-01;93.95;5.5;4.995529727313364;1.0;-0.5258105802047885;0.7625388182243675;-0.4464787676623838;6.501582994120314;9.405542140968159;12.755102040816336;9.095342599366019;7.322042531516626;7.033798773326372
2009-04-01;94.02;5.5;3.6261435027003186;1.0;-0.5674196776460083;0.9289669759680264;-0.5763244243767063;4.995529727313364;7.878856882614138;12.924204800756778;10.363702712565392;7.718761941153973;6.406937613253927
2009-05-01;94.14;5.5;2.2927306313158757;1.0;-0.8893647243393366;0.8222375470797294;-1.015761495855172;3.6261435027003186;6.501582994120314;10.839039108738536;12.23170731707317;9.131205673758869;5.466237942122176
2009-06-01;94.11;5.5;0.6201218860258706;1.0;-1.0187221772029353;0.719797609848527;-1.2291746182109153;2.2927306313158757;4.995529727313364;9.405542140968159;13.56240893637688;8.739684921230296;5.3062268252141775
2009-07-01;94.41;5.5;-0.30623020063358375;1.0;-1.466536773409588;0.6255217083505071;-1.9587610037622771;0.6201218860258706;3.6261435027003186;7.878856882614138;14.151398264223737;8.391953597433055;5.587374315896665
2009-08-01;94.48;5.5;-0.7250183881475247;1.0;-1.1007904723963624;0.6511392298194307;-1.4838355663267633;-0.30623020063358375;2.2927306313158757;6.501582994120314;13.67654085045389;8.768909113270196;6.216696269982247
2009-09-01;95.06;5.5;0.031568978217411114;1.0;-1.0223642172523917;0.7242709848820361;-1.377942862886472;-0.7250183881475247;0.6201218860258706;4.995529727313364;12.755102040816336;9.095342599366019;7.322042531516626
2009-10-01;94.88;5.5;-0.6492146596858706;1.0;0.012653556176522862;1.2394556530368916;-0.22396829420033848;0.031568978217411114;-0.30623020063358375;3.6261435027003186;12.924204800756778;10.363702712565392;7.718761941153973
2009-11-01;94.93;5.5;-0.6072662548424201;1.0;1.4597293951940093;1.374145779862035;1.9145871744709275;-0.6492146596858706;-0.7250183881475247;2.2927306313158757;10.839039108738536;12.23170731707317;9.131205673758869
2009-12-01;94.88;5.5;-0.28376248029428064;1.0;2.0903081809597435;1.5100759793302387;2.8141231232083674;-0.6072662548424201;0.031568978217411114;0.6201218860258706;9.405542140968159;13.56240893637688;8.739684921230296
2010-01-01;96.11;5.0;1.4353562005277043;1.0;2.3014280656201924;1.6902391069956169;2.6211113889767157;-0.28376248029428064;-0.6492146596858706;-0.30623020063358375;7.878856882614138;14.151398264223737;8.391953597433055
2010-02-01;96.53;5.0;2.484340163499321;1.0;2.1163341151774206;1.698406159890986;2.151336357866529;1.4353562005277043;-0.6072662548424201;-0.7250183881475247;6.501582994120314;13.67654085045389;8.768909113270196
2010-03-01;97.64;5.0;3.927621075039922;1.0;2.3727577814232292;1.777402501451264;2.2861714393279886;2.484340163499321;-0.28376248029428064;0.031568978217411114;4.995529727313364;12.755102040816336;9.095342599366019
2010-04-01;97.55;5.0;3.754520314826637;1.0;2.2815601546021913;1.6017776467243117;2.2067707525304403;3.927621075039922;1.4353562005277043;-0.6492146596858706;3.6261435027003186;12.924204800756778;10.363702712565392
2010-05-01;97.45;5.0;3.5160399405141263;1.0;2.207533850991461;1.6363253709354764;2.003548929218568;3.754520314826637;2.484340163499321;-0.6072662548424201;2.2927306313158757;10.839039108738536;12.23170731707317
2010-06-01;97.94;5.0;4.069705663585155;1.0;1.5618853199791616;1.5564733949196663;1.1215605940686268;3.5160399405141263;3.927621075039922;-0.28376248029428064;0.6201218860258706;9.405542140968159;13.56240893637688
2010-07-01;98.3;5.0;4.120326236627481;1.0;1.6382637168706138;1.4700786492077178;1.3407784804821077;4.069705663585155;3.754520314826637;1.4353562005277043;-0.30623020063358375;7.878856882614138;14.151398264223737
2010-08-01;98.35;5.0;4.096104995766292;1.0;1.4829969470827598;1.4175771174534058;1.1501775395112546;4.120326236627481;3.5160399405141263;2.484340163499321;-0.7250183881475247;6.501582994120314;13.67654085045389
2010-09-01;98.63;5.0;3.755522827687763;1.0;1.4192128184232988;1.2978721177295816;1.1183122472331775;4.096104995766292;4.069705663585155;3.927621075039922;0.031568978217411114;4.995529727313364;12.755102040816336
2010-10-01;99.15;5.0;4.500421585160219;1.0;1.3579765306230174;1.079328001001123;1.1666951489314625;3.755522827687763;4.120326236627481;3.754520314826637;-0.6492146596858706;3.6261435027003186;12.924204800756778
2010-11-01;99.92;5.0;5.256504793005368;1.0;1.3072651550208203;1.1210902498489217;1.084544776600338;4.500421585160219;4.096104995766292;3.5160399405141263;-0.6072662548424201;2.2927306313158757;10.839039108738536
2010-12-01;100.0;5.0;5.396290050590213;1.0;1.4767710742064288;1.0555902560899444;1.437793022217937;5.256504793005368;3.755522827687763;4.069705663585155;-0.28376248029428064;0.6201218860258706;9.405542140968159
2011-01-01;100.82;5.0;4.9006346894183705;1.0;1.5595502789780502;1.1247284331763696;1.7007834915029774;5.396290050590213;4.500421585160219;4.120326236627481;1.4353562005277043;-0.30623020063358375;7.878856882614138
2011-02-01;101.58;5.0;5.231534238060709;1.0;1.8459279458807432;1.213065378823286;2.124898173333145;4.9006346894183705;5.256504793005368;4.096104995766292;2.484340163499321;-0.7250183881475247;6.501582994120314
2011-03-01;102.52;5.0;4.997951659156086;1.0;2.111436950146617;1.2143649731926942;2.619241510354109;5.231534238060709;5.396290050590213;3.755522827687763;3.927621075039922;0.031568978217411114;4.995529727313364
2011-04-01;103.17;5.0;5.761148129164528;1.0;2.487124733073731;1.395136715106049;3.0772344447868694;4.997951659156086;4.9006346894183705;4.500421585160219;3.754520314826637;-0.6492146596858706;3.6261435027003186
2011-05-01;103.68;5.0;6.393022062596199;1.0;2.76679014671104;1.524046176942595;3.4589718808964998;5.761148129164528;5.231534238060709;5.256504793005368;3.5160399405141263;-0.6072662548424201;2.2927306313158757
2011-06-01;104.23;5.0;6.422299366959372;1.0;2.788886329850726;1.5853961420647433;3.5023181506360412;6.393022062596199;4.997951659156086;5.396290050590213;4.069705663585155;-0.28376248029428064;0.6201218860258706
2011-07-01;105.22;5.0;7.039674465920642;1.0;2.875402702815766;1.7343971521115886;3.5798809769996165;6.422299366959372;5.761148129164528;4.9006346894183705;4.120326236627481;1.4353562005277043;-0.30623020063358375
2011-08-01;105.85;5.0;7.625826131164204;1.0;2.9759231211155868;1.8392159295329114;3.75499603070808;7.039674465920642;6.393022062596199;5.231534238060709;4.096104995766292;2.484340163499321;-0.7250183881475247
2011-09-01;105.78;5.0;7.2493156240494905;1.0;3.018887613482213;1.8505698432543571;3.812621692818685;7.625826131164204;6.422299366959372;4.997951659156086;3.755522827687763;3.927621075039922;0.031568978217411114
2011-10-01;105.74;5.0;6.646495209278869;1.0;2.6941280490976105;1.7445939253879272;3.5222681306640524;7.2493156240494905;7.039674465920642;5.761148129164528;4.500421585160219;3.754520314826637;-0.6492146596858706
2011-11-01;105.97;5.0;6.054843875100069;1.0;2.700177520321412;1.8278484142848272;3.451432214581729;6.646495209278869;7.625826131164204;6.393022062596199;5.256504793005368;3.5160399405141263;-0.6072662548424201
2011-12-01;106.2;5.0;6.2000000000000055;1.0;2.526283080428815;1.975812266930399;3.062066838419386;6.054843875100069;7.2493156240494905;6.422299366959372;5.396290050590213;4.069705663585155;-0.28376248029428064
2012-01-01;106.3;4.5;5.435429478278131;1.0;2.569318944596488;2.0609972965471846;3.0087663379855023;6.2000000000000055;6.646495209278869;7.039674465920642;4.9006346894183705;4.120326236627481;1.4353562005277043
2012-02-01;106.83;4.5;5.168340224453627;1.0;2.5127439369754256;2.024565688075275;2.8981784423473878;5.435429478278131;6.054843875100069;7.625826131164204;5.231534238060709;4.096104995766292;2.484340163499321
2012-03-01;107.18;4.5;4.545454545454564;1.0;2.2965044719783334;2.04405737704918;2.5828752813320977;5.168340224453627;6.2000000000000055;7.2493156240494905;4.997951659156086;3.755522827687763;3.927621075039922
2012-04-01;107.58;4.5;4.274498400697868;1.0;1.9998365812803787;1.9647530258423362;2.2731633741348567;4.545454545454564;5.435429478278131;6.646495209278869;5.761148129164528;4.500421585160219;3.754520314826637
2012-05-01;107.72;4.5;3.8966049382715973;1.0;1.576278435126155;1.8254688599487867;1.7379429374660749;4.274498400697868;5.168340224453627;6.054843875100069;6.393022062596199;5.256504793005368;3.5160399405141263
2012-06-01;107.85;4.5;3.4730883622757336;1.0;1.5460452610351672;1.8194042622549977;1.653870448297634;3.8966049382715973;4.545454545454564;6.2000000000000055;6.422299366959372;5.396290050590213;4.069705663585155
2012-07-01;108.23;4.5;2.8606728758791222;1.0;1.4102264292904065;1.7739983114465563;1.4175114798464783;3.4730883622757336;4.274498400697868;5.435429478278131;7.039674465920642;4.9006346894183705;4.120326236627481
2012-08-01;108.72;4.5;2.711384034010389;1.0;1.512415807839007;1.6354499771585207;1.6859349154821235;2.8606728758791222;3.8966049382715973;5.168340224453627;7.625826131164204;5.231534238060709;4.096104995766292
2012-09-01;109.25;4.5;3.2803932690489646;1.0;1.6774206618518583;1.6921641033964985;1.9497168982819613;2.711384034010389;3.4730883622757336;4.545454545454564;7.2493156240494905;4.997951659156086;3.755522827687763
2012-10-01;109.28;4.5;3.3478343105731057;1.0;1.977209420106374;1.8890883095549427;2.1556780595369363;3.2803932690489646;2.8606728758791222;4.274498400697868;6.646495209278869;5.761148129164528;4.500421585160219
2012-11-01;109.27;4.5;3.1140888930829558;1.0;1.6992155911369933;1.7839073946654738;1.7960197033926262;3.3478343105731057;2.711384034010389;3.8966049382715973;6.054843875100069;6.393022062596199;5.256504793005368
2012-12-01;109.86;4.5;3.446327683615813;1.0;1.625515234785424;1.6890253757879448;1.7595049796895523;3.1140888930829558;3.2803932690489646;3.4730883622757336;6.2000000000000055;6.422299366959372;5.396290050590213
2013-01-01;110.4;4.0;3.8570084666039506;1.0;1.4739788367246431;1.5943517847071043;1.684061762098299;3.446327683615813;3.3478343105731057;2.8606728758791222;5.435429478278131;7.039674465920642;4.9006346894183705
2013-02-01;111.3;4.0;4.184217916315647;1.0;1.618363554171487;1.5750407338120942;2.0181404902574807;3.8570084666039506;3.1140888930829558;2.711384034010389;5.168340224453627;7.625826131164204;5.231534238060709
2013-03-01;111.83;4.0;4.338495988057467;1.0;1.2914222690128874;1.4960590391083883;1.5187472411246183;4.184217916315647;3.446327683615813;3.2803932690489646;4.545454545454564;7.2493156240494905;4.997951659156086
2013-04-01;112.02;4.0;4.127161182375905;1.0;1.079446458254063;1.4206083451967944;1.138808047576867;4.338495988057467;3.8570084666039506;3.3478343105731057;4.274498400697868;6.646495209278869;5.761148129164528
2013-05-01;112.32;4.0;4.270330486446339;1.0;1.2590973795536975;1.4271835908940878;1.3903888279197085;4.127161182375905;4.184217916315647;3.1140888930829558;3.8966049382715973;6.054843875100069;6.393022062596199
2013-06-01;113.02;4.0;4.793694946685223;1.0;1.5285244323196778;1.4887443721860905;1.7157935271568725;4.270330486446339;4.338495988057467;3.446327683615813;3.4730883622757336;6.2000000000000055;6.422299366959372
2013-07-01;113.36;4.0;4.739905756259821;1.0;1.6182073390816232;1.5131980050573146;1.885471805415806;4.793694946685223;4.127161182375905;3.8570084666039506;2.8606728758791222;5.435429478278131;7.039674465920642
2013-08-01;113.52;4.0;4.415011037527594;1.0;1.4339245565825554;1.5671820688001992;1.538809488600279;4.739905756259821;4.270330486446339;4.184217916315647;2.711384034010389;5.168340224453627;7.625826131164204
2013-09-01;113.85;4.0;4.210526315789465;1.0;1.1665786668526135;1.5552673583399956;1.0947341081747997;4.415011037527594;4.793694946685223;4.338495988057467;3.2803932690489646;4.545454545454564;7.2493156240494905
2013-10-01;113.82;4.0;4.154465592972167;1.0;1.0379729233091828;1.5256463844270707;0.8767991434911471;4.210526315789465;4.739905756259821;4.127161182375905;3.3478343105731057;4.274498400697868;6.646495209278869
2013-11-01;114.33;4.0;4.630731216253325;1.0;1.2643004105000522;1.5935819307890453;1.2328701961954458;4.154465592972167;4.415011037527594;4.270330486446339;3.1140888930829558;3.8966049382715973;6.054843875100069
2013-12-01;114.68;4.0;4.387402148188602;1.0;1.4822104917837198;1.65799094015735;1.5128383667573297;4.630731216253325;4.210526315789465;4.793694946685223;3.446327683615813;3.4730883622757336;6.2000000000000055
2014-01-01;114.97;4.0;4.139492753623175;1.0;1.479357456814867;1.5415729000406442;1.557758795574915;4.387402148188602;4.154465592972167;4.739905756259821;3.8570084666039506;2.8606728758791222;5.435429478278131
2014-02-01;115.2;4.0;3.5040431266846417;1.0;1.1684922298232259;1.4822956273764287;1.1204746347724948;4.139492753623175;4.630731216253325;4.415011037527594;4.184217916315647;2.711384034010389;5.168340224453627
2014-03-01;115.46;4.0;3.2459983904140177;1.0;1.5046078615760905;1.581837067814229;1.6126949139408042;3.5040431266846417;4.387402148188602;4.210526315789465;4.338495988057467;3.2803932690489646;4.545454545454564
2014-04-01;115.68;4.0;3.2672737011248065;1.0;1.7811856078617794;1.6962723525399737;2.015125303606169;3.2459983904140177;4.139492753623175;4.154465592972167;4.127161182375905;3.3478343105731057;4.274498400697868
2014-05-01;115.94;4.0;3.222934472934469;1.0;1.8899118899118772;1.7665297416857628;2.166947687079812;3.2672737011248065;3.5040431266846417;4.630731216253325;4.270330486446339;3.1140888930829558;3.8966049382715973
2014-06-01;116.56;4.0;3.1321889930985725;1.0;1.785079227091324;1.7173051519154603;2.0589816945944195;3.222934472934469;3.2459983904140177;4.387402148188602;4.793694946685223;3.446327683615813;3.4730883622757336
2014-07-01;117.23;4.0;3.4139026111503323;1.0;1.8114726601811348;1.7741983124440086;1.9742378703305974;3.1321889930985725;3.2672737011248065;4.139492753623175;4.739905756259821;3.8570084666039506;2.8606728758791222
2014-08-01;117.72;4.0;3.6997885835095223;1.0;1.6422027386464366;1.6944485420661737;1.7150983482969062;3.4139026111503323;3.222934472934469;3.5040431266846417;4.415011037527594;4.184217916315647;2.711384034010389
2014-09-01;117.78;4.0;3.4519104084321572;1.0;1.6277695716395923;1.7063035982671781;1.6840509711232077;3.6997885835095223;3.1321889930985725;3.2459983904140177;4.210526315789465;4.338495988057467;3.2803932690489646
2014-10-01;117.96;4.0;3.6373220875066004;1.0;1.430369045044344;1.5821202764299436;1.6095417021513292;3.4519104084321572;3.4139026111503323;3.2672737011248065;4.154465592972167;4.127161182375905;3.3478343105731057
2014-11-01;118.19;4.0;3.37619172570629;1.0;1.1945308742552507;1.5128089711724746;1.231524989320798;3.6373220875066004;3.6997885835095223;3.222934472934469;4.630731216253325;4.270330486446339;3.1140888930829558
2014-12-01;118.06;4.0;2.94733170561563;1.0;0.8385251361623602;1.4697116277251787;0.6531213919623191;3.37619172570629;3.4519104084321572;3.1321889930985725;4.387402148188602;4.793694946685223;3.446327683615813
2015-01-01;117.64;4.0;2.3223449595546786;1.0;0.18283501828348925;1.357077304590626;-0.22993097820542818;2.94733170561563;3.6373220875066004;3.4139026111503323;4.139492753623175;4.739905756259821;3.8570084666039506
2015-02-01;118.01;4.0;2.4392361111111205;1.0;0.28923762434287514;1.3962474021602223;-0.08703146293520536;2.3223449595546786;3.37619172570629;3.6997885835095223;3.5040431266846417;4.415011037527594;4.184217916315647
2015-03-01;118.26;4.0;2.425082279577362;1.0;0.2808577864895634;1.3595107319543498;-0.022031284423873476;2.4392361111111205;2.94733170561563;3.4519104084321572;3.2459983904140177;4.210526315789465;4.338495988057467
2015-04-01;118.66;4.0;2.5760719225449424;1.0;0.16351638083742515;1.3384655760650732;-0.10403098939391064;2.425082279577362;2.3223449595546786;3.6373220875066004;3.2672737011248065;4.154465592972167;4.127161182375905
2015-05-01;118.9;4.0;2.5530446782818794;1.0;0.23027817992791189;1.2846760656310297;0.03503321824429584;2.5760719225449424;2.4392361111111205;3.37619172570629;3.222934472934469;4.630731216253325;4.270330486446339
2015-06-01;119.34;4.0;2.3850377487989016;1.0;0.3115446207599293;1.2899786780383726;0.1795718097550525;2.5530446782818794;2.425082279577362;2.94733170561563;3.1321889930985725;4.387402148188602;4.793694946685223
2015-07-01;119.95;4.0;2.320225198328063;1.0;0.24324062409148972;1.1937815012237563;0.22568611104094582;2.3850377487989016;2.5760719225449424;2.3223449595546786;3.4139026111503323;4.139492753623175;4.739905756259821
2015-08-01;120.03;4.0;1.9622833843017329;1.0;0.2568401872510284;1.2291118675537671;0.2413037985344868;2.320225198328063;2.5530446782818794;2.4392361111111205;3.6997885835095223;3.5040431266846417;4.415011037527594
2015-09-01;119.99;4.0;1.8763796909492259;1.0;0.0833309109231406;1.2343532684283565;0.008842961634170088;1.9622833843017329;2.3850377487989016;2.425082279577362;3.4519104084321572;3.2459983904140177;4.210526315789465
2015-10-01;120.59;4.0;2.2295693455408605;1.0;0.09401320061641627;1.1579770141562529;0.12761656067050708;1.8763796909492259;2.320225198328063;2.5760719225449424;3.6373220875066004;3.2672737011248065;4.154465592972167
2015-11-01;121.16;4.0;2.5129029528724978;1.0;0.2318182699955429;1.1567379988432602;0.4363182169185187;2.2295693455408605;1.9622833843017329;2.5530446782818794;3.37619172570629;3.222934472934469;4.630731216253325
2015-12-01;121.68;4.0;3.066237506352709;1.0;0.3040606178356331;1.1286920847096926;0.6387247515364791;2.5129029528724978;1.8763796909492259;2.3850377487989016;2.94733170561563;3.1321889930985725;4.387402148188602
2016-01-01;122.79;4.0;4.377762665759954;1.0;0.8207680671448836;1.3369808122062121;1.2375025026943876;3.066237506352709;2.2295693455408605;2.320225198328063;2.3223449595546786;3.4139026111503323;4.139492753623175
2016-02-01;123.05;4.0;4.270824506397752;1.0;0.5923962819338602;1.39434180138569;0.8472775790126619;4.377762665759954;2.5129029528724978;1.9622833843017329;2.4392361111111205;3.6997885835095223;3.5040431266846417
2016-03-01;123.3;4.0;4.26179604261796;1.0;0.6321051044918313;1.3845119139123785;0.8916160965521946;4.270824506397752;3.066237506352709;1.8763796909492259;2.425082279577362;3.4519104084321572;3.2459983904140177
2016-04-01;123.51;4.0;4.087308275745838;1.0;0.8871829754154126;1.4675414364640815;1.1726257503534843;4.26179604261796;4.377762665759954;2.2295693455408605;2.5760719225449424;3.6373220875066004;3.2672737011248065
2016-05-01;124.08;4.0;4.356602186711522;1.0;0.7958819651789462;1.4973415720649363;1.0784764621246223;4.087308275745838;4.270824506397752;2.5129029528724978;2.5530446782818794;3.37619172570629;3.222934472934469
2016-06-01;124.63;4.0;4.43271325624266;1.0;0.7924068268895912;1.4984068662628802;1.0792865347959424;4.356602186711522;4.26179604261796;3.066237506352709;2.3850377487989016;2.94733170561563;3.1321889930985725
2016-07-01;125.49;4.0;4.6185910796165075;1.0;0.7511528310824467;1.5812165999063321;0.8683633430518256;4.43271325624266;4.087308275745838;4.377762665759954;2.320225198328063;2.3223449595546786;3.4139026111503323
2016-08-01;125.72;4.0;4.740481546280084;1.0;0.9009879932715847;1.6975706684244196;1.0553158595656864;4.6185910796165075;4.356602186711522;4.270824506397752;1.9622833843017329;2.4392361111111205;3.6997885835095223
2016-09-01;125.46;4.0;4.558713226102173;1.0;1.2256871496480803;1.6839353521476141;1.5486446201652182;4.740481546280084;4.43271325624266;4.26179604261796;1.8763796909492259;2.425082279577362;3.4519104084321572
2016-10-01;126.33;4.0;4.759930342482788;1.0;1.4640664639696377;1.8201070314512124;1.685924966243646;4.558713226102173;4.6185910796165075;4.087308275745838;2.2295693455408605;2.5760719225449424;3.6373220875066004
2016-11-01;126.82;4.0;4.6715087487619655;1.0;1.4409166126363226;1.7619592147894103;1.6843334719788938;4.759930342482788;4.740481546280084;4.356602186711522;2.5129029528724978;2.5530446782818794;3.37619172570629
2016-12-01;126.83;4.0;4.23241288625904;1.0;1.708424936805697;1.8284147073108103;2.0507989115119862;4.6715087487619655;4.558713226102173;4.43271325624266;3.066237506352709;2.3850377487989016;2.94733170561563
2017-01-01;127.49;4.0;3.8276732632950505;1.0;2.0366677637310593;1.9010684004410416;2.5103933482571117;4.23241288625904;4.759930342482788;4.6185910796165075;4.377762665759954;2.320225198328063;2.3223449595546786
2017-02-01;127.92;4.0;3.95774075579034;1.0;2.1890315956684114;1.8867029202137342;2.8103616813294208;3.8276732632950505;4.6715087487619655;4.740481546280084;4.270824506397752;1.9622833843017329;2.4392361111111205
2017-03-01;128.23;4.0;3.998377939983766;1.0;1.9008320367990272;1.6925540887595902;2.44119623655914;3.95774075579034;4.23241288625904;4.558713226102173;4.26179604261796;1.8763796909492259;2.425082279577362
2017-04-01;128.56;4.0;4.0887377540280045;1.0;1.83870625969198;1.7024937137239293;2.176223471915395;3.998377939983766;3.8276732632950505;4.759930342482788;4.087308275745838;2.2295693455408605;2.5760719225449424
2017-05-01;128.96;4.0;3.932946486137978;1.0;1.6599824961289533;1.6526975497413776;1.8563431667619756;4.0887377540280045;3.95774075579034;4.6715087487619655;4.356602186711522;2.5129029528724978;2.5530446782818794
2017-06-01;130.07;4.0;4.364920163684505;1.0;1.577153827693789;1.6959378564627592;1.640565809959127;3.932946486137978;3.998377939983766;4.23241288625904;4.43271325624266;3.066237506352709;2.3850377487989016
2017-07-01;132.04;4.0;5.219539405530327;1.0;1.5601911378072764;1.5876601070988317;1.7251073506566073;4.364920163684505;4.0887377540280045;3.8276732632950505;4.6185910796165075;4.377762665759954;2.320225198328063
2017-08-01;131.65;4.0;4.716831053133963;1.0;1.6287581198382695;1.5048470729691177;1.92812155729698;5.219539405530327;3.932946486137978;3.95774075579034;4.740481546280084;4.270824506397752;1.9622833843017329
2017-09-01;130.93;4.0;4.359955364259527;1.0;1.879393620582448;1.5838016870115101;2.1805652303711787;4.716831053133963;4.364920163684505;3.998377939983766;4.558713226102173;4.26179604261796;1.8763796909492259
2017-10-01;131.64;4.0;4.2032771313227135;1.0;1.8189452789494798;1.6948199780769668;2.020757753132485;4.359955364259527;5.219539405530327;4.0887377540280045;4.759930342482788;4.087308275745838;2.2295693455408605
2017-11-01;132.77;4.0;4.69168900804291;1.0;1.9594375441207346;1.6968039779378108;2.172493864295566;4.2032771313227135;4.716831053133963;3.932946486137978;4.6715087487619655;4.356602186711522;2.5129029528724978
2017-12-01;134.03;4.0;5.676890325632744;1.0;1.8835045754497015;1.720767986233862;2.129930719552253;4.69168900804291;4.359955364259527;4.364920163684505;4.23241288625904;4.43271325624266;3.066237506352709
2018-01-01;133.5;4.0;4.714095223154757;1.0;1.844227302912449;1.73127868363121;2.10370333883374;5.676890325632744;4.2032771313227135;5.219539405530327;3.8276732632950505;4.6185910796165075;4.377762665759954
2018-02-01;133.23;4.0;4.151031894934332;1.0;1.9639438114917196;1.7846996469722542;2.226584592182146;4.714095223154757;4.69168900804291;4.716831053133963;3.95774075579034;4.740481546280084;4.270824506397752
2018-03-01;133.54;4.0;4.140996646650552;1.0;2.1773765268189083;2.082809136403041;2.3325898348449225;4.151031894934332;5.676890325632744;4.359955364259527;3.998377939983766;4.558713226102173;4.26179604261796
2018-04-01;133.6;4.0;3.9203484754200213;1.0;2.1526122649718094;2.0123249091432927;2.437825818102879;4.140996646650552;4.714095223154757;4.2032771313227135;4.0887377540280045;4.759930342482788;4.087308275745838
2018-05-01;134.23;4.0;4.086538461538458;1.0;2.3651173571232587;2.107726162731316;2.776593826330709;3.9203484754200213;4.151031894934332;4.69168900804291;3.932946486137978;4.6715087487619655;4.356602186711522
2018-06-01;135.0;4.0;3.7902667794264655;1.0;2.384282447220687;2.067188253179575;2.8485069400359553;4.086538461538458;4.140996646650552;5.676890325632744;4.364920163684505;4.23241288625904;4.43271325624266
2018-07-01;135.48;4.0;2.605271129960607;1.0;2.440383961301551;2.125176017194108;2.8987524719234603;3.7902667794264655;3.9203484754200213;4.714095223154757;5.219539405530327;3.8276732632950505;4.6185910796165075
2018-08-01;136.08;4.0;3.3649829092290195;1.0;2.2785979599147854;2.025763941586911;2.67799969818463;2.605271129960607;4.086538461538458;4.151031894934332;4.716831053133963;3.95774075579034;4.740481546280084
2018-09-01;136.89;4.0;4.552050714122036;1.0;2.0653398422831426;2.039402588046224;2.3551849372045464;3.3649829092290195;3.7902667794264655;4.140996646650552;4.359955364259527;3.998377939983766;4.558713226102173
2018-10-01;137.35;4.0;4.3375873594652115;1.0;2.113560529374281;1.9300573028946166;2.5285249730360837;4.552050714122036;2.605271129960607;3.9203484754200213;4.2032771313227135;4.0887377540280045;4.759930342482788
2018-11-01;136.95;4.0;3.1483015741507803;1.0;2.0050523952095833;2.0598337031887404;2.1728053574028294;4.3375873594652115;3.3649829092290195;4.086538461538458;4.69168900804291;3.932946486137978;4.6715087487619655
2018-12-01;137.13;4.0;2.3129150190255965;1.0;1.8645731108930308;2.0566521711149255;1.9152155929057058;3.1483015741507803;4.552050714122036;3.7902667794264655;5.676890325632744;4.364920163684505;4.23241288625904
2019-01-01;138.98;4.0;4.104868913857662;1.0;1.4680403152188104;1.833852924995405;1.4983336214486442;2.3129150190255965;4.3375873594652115;2.605271129960607;4.714095223154757;5.219539405530327;3.8276732632950505
2019-02-01;139.17;4.0;4.45845530285971;1.0;1.3590644579545286;1.6682986648119957;1.4817249908795294;4.104868913857662;3.1483015741507803;3.3649829092290195;4.151031894934332;4.716831053133963;3.95774075579034
2019-03-01;139.11;4.0;4.171034895911352;1.0;1.4747920997920883;1.5628708623176557;1.879950797536667;4.45845530285971;2.3129150190255965;4.552050714122036;4.140996646650552;4.359955364259527;3.998377939983766
2019-04-01;139.95;4.0;4.752994011976042;1.0;1.6211762091697057;1.6901742109483253;2.0056287128317196;4.171034895911352;4.104868913857662;4.3375873594652115;3.9203484754200213;4.2032771313227135;4.0887377540280045
2019-05-01;140.32;4.0;4.536988750651871;1.0;1.5008826002975928;1.6140912438960209;1.8127514664306066;4.752994011976042;4.45845530285971;3.1483015741507803;4.086538461538458;4.69168900804291;3.932946486137978
2019-06-01;141.48;4.0;4.799999999999982;1.0;1.457435319961986;1.7174359253810056;1.6896439124236329;4.536988750651871;4.171034895911352;2.3129150190255965;3.7902667794264655;5.676890325632744;4.364920163684505
2019-07-01;141.4;4.0;4.3696486566283;1.0;1.5189943464266165;1.7344291442152437;1.8211624085340272;4.799999999999982;4.752994011976042;4.104868913857662;2.605271129960607;4.714095223154757;5.219539405530327
2019-08-01;140.18;4.0;3.012933568489129;1.0;1.5134895982155117;1.8522045951363753;1.759689214257043;4.3696486566283;4.536988750651871;4.45845530285971;3.3649829092290195;4.151031894934332;4.716831053133963
2019-09-01;139.36;4.0;1.804368471035156;1.0;1.3750919793966254;1.7126046616881663;1.7273300322313334;3.012933568489129;4.799999999999982;4.171034895911352;4.552050714122036;4.140996646650552;4.359955364259527
2019-10-01;140.33;4.0;2.169639606843843;1.0;1.4061883301054623;1.7163619273144581;1.7570848921546256;1.804368471035156;4.3696486566283;4.752994011976042;4.3375873594652115;3.9203484754200213;4.2032771313227135
2019-11-01;140.95;4.0;2.9207740051113484;1.0;1.417132164772572;1.5680542774138884;2.03081648242478;2.169639606843843;3.012933568489129;4.536988750651871;3.1483015741507803;4.086538461538458;4.69168900804291
2019-12-01;141.8;4.0;3.405527601545999;1.0;1.6506101477199886;1.6377493108480579;2.261721394886562;2.9207740051113484;1.804368471035156;4.799999999999982;2.3129150190255965;3.7902667794264655;5.676890325632744
2020-01-01;141.46;4.0;1.7844294143042339;1.0;1.9021389883411288;1.7828200972447306;2.460490355289746;3.405527601545999;2.169639606843843;4.3696486566283;4.104868913857662;2.605271129960607;4.714095223154757
2020-02-01;140.89;4.0;1.2358985413523094;1.0;1.8663560658864986;1.9073594008785166;2.319710826238963;1.7844294143042339;2.9207740051113484;3.012933568489129;4.45845530285971;3.3649829092290195;4.151031894934332
2020-03-01;141.57;4.0;1.768384731507422;1.0;1.3436016573221243;1.7042083880130177;1.5306383296693093;1.2358985413523094;3.405527601545999;1.804368471035156;4.171034895911352;4.552050714122036;4.140996646650552
2020-04-01;142.58;4.0;1.8792425866380968;1.0;0.41363350613616845;0.9148171709659758;0.3648648119045417;1.768384731507422;1.7844294143042339;2.169639606843843;4.752994011976042;4.3375873594652115;3.9203484754200213
2020-05-01;142.85;4.0;1.8030216647662467;1.0;0.5080717856264849;1.0022909507445554;0.2424361108391171;1.8792425866380968;1.2358985413523094;2.9207740051113484;4.536988750651871;3.1483015741507803;4.086538461538458
2020-06-01;144.86;4.0;2.38903025162569;1.0;0.9079330422125276;1.132173183210261;0.7268141963729713;1.8030216647662467;1.768384731507422;3.405527601545999;4.799999999999982;2.3129150190255965;3.7902667794264655
2020-07-01;145.47;4.0;2.878359264497865;1.0;1.0420262732343755;1.3018279090503793;1.0328253223915507;2.38903025162569;1.8792425866380968;1.7844294143042339;4.3696486566283;4.104868913857662;2.605271129960607
2020-08-01;146.05;4.0;4.1874732486802735;1.0;1.298430079994195;1.497920544309772;1.3275873510318892;2.878359264497865;1.8030216647662467;1.2358985413523094;3.012933568489129;4.45845530285971;3.3649829092290195
2020-09-01;146.28;4.0;4.965556831228457;1.0;1.3800299414780115;1.5698559185525873;1.4006453724921597;4.1874732486802735;2.38903025162569;1.768384731507422;1.804368471035156;4.171034895911352;4.552050714122036
2020-10-01;147.83;4.0;5.344545001068912;1.0;1.173073615800302;1.419051004087435;1.1841977419793537;4.965556831228457;2.878359264497865;1.8792425866380968;2.169639606843843;4.752994011976042;4.3375873594652115
2020-11-01;148.65;4.0;5.462930117062803;1.0;1.1052022284928853;1.3839539511085963;1.1377566062035438;5.344545001068912;4.1874732486802735;1.8030216647662467;2.9207740051113484;4.536988750651871;3.1483015741507803
2020-12-01;148.64;4.0;4.823695345557111;1.0;1.291644477339804;1.4801815216620495;1.278154439466772;5.462930117062803;4.965556831228457;2.38903025162569;3.405527601545999;4.799999999999982;2.3129150190255965
2021-01-01;148.87;4.0;5.238229888307644;1.0;1.412587160591694;1.5092002830856321;1.3599709295582851;4.823695345557111;5.344545001068912;2.878359264497865;1.7844294143042339;4.3696486566283;4.104868913857662
2021-02-01;149.34;4.0;5.997586769820451;1.0;1.6268873063175926;1.487435410502136;1.6752442984166338;5.238229888307644;5.462930117062803;4.1874732486802735;1.2358985413523094;3.012933568489129;4.45845530285971
2021-03-01;149.84;4.0;5.8416331143603895;1.0;2.451219292070528;1.973486522315504;2.6583773943021027;5.997586769820451;4.823695345557111;4.965556831228457;1.768384731507422;1.804368471035156;4.171034895911352
2021-04-01;150.0;4.0;5.20409594613549;1.0;3.582154555270267;3.0827147778527575;4.151991065780525;5.8416331143603895;5.238229888307644;5.344545001068912;1.8792425866380968;2.169639606843843;4.752994011976042
2021-05-01;150.24;4.0;5.173258662933167;1.0;3.9697422657063886;3.4572582931670093;4.944440971462516;5.20409594613549;5.997586769820451;5.462930117062803;1.8030216647662467;2.9207740051113484;4.536988750651871
2021-06-01;150.52;4.0;3.90722076487644;1.0;4.030004147207844;3.586279962918826;5.341015562734963;5.173258662933167;5.8416331143603895;4.823695345557111;2.38903025162569;3.405527601545999;4.799999999999982
2021-07-01;151.02;4.0;3.815219632914002;1.0;4.159286465685419;3.6035560249978005;5.276104941924564;3.90722076487644;5.20409594613549;5.238229888307644;2.878359264497865;1.7844294143042339;4.3696486566283
2021-08-01;151.33;4.0;3.6152002738788047;1.0;4.237067845074094;3.599161190127309;5.205331689652515;3.815219632914002;5.173258662933167;5.997586769820451;4.1874732486802735;1.2358985413523094;3.012933568489129
2021-09-01;151.65;4.0;3.671041837571787;1.0;4.436349967781195;3.7027626148899095;5.389907375379521;3.6152002738788047;3.90722076487644;5.8416331143603895;4.965556831228457;1.768384731507422;1.804368471035156
2021-10-01;152.2;4.0;2.9560982209294373;1.0;5.058376202191894;4.186197289222604;6.236940757128817;3.671041837571787;3.815219632914002;5.20409594613549;5.344545001068912;1.8792425866380968;2.169639606843843
2021-11-01;152.94;4.0;2.8859737638748717;1.0;5.649879237856692;4.68659645679641;6.828372091239299;2.9560982209294373;3.6152002738788047;5.173258662933167;5.462930117062803;1.8030216647662467;2.9207740051113484
2021-12-01;153.2;4.0;3.06781485468246;1.0;5.782391730529324;4.889339179345642;7.096542337630551;2.8859737638748717;3.671041837571787;3.90722076487644;4.823695345557111;2.38903025162569;3.405527601545999
