,v_cpi_sub,v_cpi_nosub,cpi,cpi_star,i_endo,s_endo,s,s_1,itcer,I_a,I_p,I_star,emision_n,m1_n,m2_n,credito_n,ingtrib_n,de_us,di_n,lincred_n,prem_endo,prem
Comment,Actualizada,Actualizada,Actualizada,Actualizada,Actualizada,Actualizada,Actualizada,Actualizada,Actualizada,Actualizada,Actualizada,Actualizada,Actualizada,Actualizada,Actualizada,Actualizada,Actualizada,Actualizada,Actualizada,Actualizada,Actualizada,Actualizada
1995M01,,,34.0493031,73.711,13.17,5.74,5.74,5.73,63.07302786,20.1,,5.86,3912.6,7379.9,17301.1,9836,434.5,2147.5,4400.4,,,
1995M02,,,33.93488662,73.831,19.54,5.72,5.72,5.74,62.83127445,20.3,,6.1,3981.9,7268.6,17216.4,10090.8,447.3,2142.3,4551,,,
1995M03,,,34.10131059,74.013,9.96,5.69,5.69,5.76,63.17597254,20.4,,6.3,4000.8,7431.3,17708.3,10411.7,495.7,2211.5,4686.5,,,
1995M04,,,34.36134803,74.184,28.12,5.73,5.73,5.77,63.04109523,20.6,,6.06,3955.2,7289.8,17235.9,10610.7,509.6,2220,4697.6,,,
1995M05,,,34.86582068,74.311,15.23,5.74,5.74,5.81,63.78483165,21.3,,6.17,3805,7108.3,17245.3,10836.3,816.5,2210.8,4527,,,
1995M06,,,35.30788434,74.375,19.9,5.76,5.76,5.89,64.25779296,21.1,,6.11,3791.4,7228.1,17696.5,11034.7,455.5,2235.4,4377.7,,,
1995M07,,,35.38589557,74.493,13.01,5.77,5.77,5.96,64.25886432,21.4,,5.97,3873.3,7293.4,18004.1,11149.9,534.6,2203.3,4631.7,,,
1995M08,,,35.59912627,74.671,7.55,5.81,5.81,6,64.01543647,21.4,,5.93,3762.7,7335.2,18232.9,11309.4,537.8,2141.9,4826.9,,,
1995M09,,,35.80195548,74.77,22.74,5.89,5.89,5.93,63.38970075,21.4,,6.2,3752.2,7308.1,18638.6,11500.2,410.3,2154.4,4899.7,,,
1995M10,,,36.30122738,74.952,30.69,5.96,5.96,6.1,63.34054453,21.7,,5.97,3841.6,7341.6,18467.8,11868.1,593.5,2141.6,4610.2,,,
1995M11,,,36.77969628,75,26.39,6,6,6.17,63.75840406,21.9,,6.11,3952,7316.5,18238.5,12176.9,719.7,2129.4,4520.7,,,
1995M12,,,36.96172249,75.105,24.46,5.93,5.93,6.18,64.8043499,22.2,,4.73,4459,8065.4,19591.3,12479.4,533.7,2107.1,4486.5,,,
1996M01,,,37.37258165,75.19,22.59,6.1,6.1,6.14,63.37222363,22.2,10.3,5.71,4139.8,7900.5,19507.2,12671.3,590,2141.4,4254,,,
1996M02,,,37.6118161,75.288,23.23,6.17,6.17,6.09,62.8964069,22.6,10.8,6.05,4171.5,7867.4,19790.8,12783.8,541.8,2137.5,4158.3,,,
1996M03,,,38.01747452,75.462,20.3,6.18,6.18,6.13,63.0809729,22.4,11,5.25,4227,7715.7,20032.9,12957.6,422.4,2122.8,4396.2,,,
1996M04,,,38.46473892,75.565,19.68,6.14,6.14,6.1,64.0691674,22.7,11.1,5.5,4112.6,7671.5,19799.5,13100.6,785.1,2136.1,4701.2,,,
1996M05,,,38.70917412,75.696,23.25,6.09,6.09,6.07,64.85754801,22.9,11.1,5.31,3995.5,7489.6,19845.9,13202.9,763.6,2122.3,4602.3,,,
1996M06,,,38.95881007,75.754,18.18,6.13,6.13,6.05,64.78733873,23,11.9,5,3989,7470.6,19654.6,13242.5,649.2,2115.5,4839.1,,,
1996M07,,,39.48928646,75.897,19.9,6.1,6.1,6.06,65.90777324,22.9,11.4,6.75,4054.6,7737.5,19831.7,13398.4,813.3,2094.5,5222.4,,,
1996M08,,,39.87934263,75.962,14.39,6.07,6.07,6.01,66.66005261,22.8,11.6,5.28,3923.9,7612.9,19860.3,13373.4,625.9,2090.5,5651.4,,,
1996M09,,,40.0145621,76.192,16.77,6.05,6.05,6,66.95403489,22.7,11.6,6.09,3871,7434.5,20044.8,13505.5,583.6,2079.1,5652.1,,,
1996M10,,,40.16538382,76.373,8.04,6.06,6.06,6.06,66.90701007,22.7,11.4,5.63,4007.8,7688.2,20303.3,13576.7,758.4,2078.4,5580.4,,,
1996M11,,,40.61784897,76.473,19.84,6.01,6.01,6.1,68.02040656,22.6,11.2,5.44,4106.6,7883.1,20116.1,13678.5,774.6,2075.8,5584.1,,,
1996M12,,,40.9714999,76.503,7.61,6,6,6,68.75584643,22.4,11,6.26,4819.8,9099,22028.6,14007.2,644.3,2074.9,5093,,,
1997M01,,,41.41356355,76.584,2.09,6.06,6.06,6,68.60716288,21.98,10.25,5.37,4549.4,9051.3,22272.3,14056.8,753.5,2020.2,5398.1,,,
1997M02,,,42.3757021,76.741,2.48,6.1,6.1,5.98,69.55535847,21.21,9.86,5.5,4631.8,9597.7,23256.3,14353.7,621.1,2006.1,5700.8,,,
1997M03,,,42.39130435,76.925,6.19,6,6,5.93,70.48457343,20.81,8.92,7.07,4853.4,9597.3,23190.7,14284.3,672.2,1998.9,5664.6,,,
1997M04,,,42.3653006,77.075,3.24,6,6,5.96,70.35722815,19.97,7.84,5.82,4541.7,9475.5,23259,14398,882.9,1997.7,6186.4,,,
1997M05,,,42.43291034,77.131,8.04,5.98,5.98,6.08,70.76501822,19.35,7.77,5.58,4449.7,9129.4,22997.4,14378.7,941.2,2015,6151.2,,,
1997M06,,,42.45371333,77.245,8.34,5.93,5.93,6.11,71.34486894,18.96,7.75,6.87,4497.8,9291.1,23416.1,14486.6,789.9,2011.5,5924.6,,,
1997M07,,,42.6409403,77.297,1.67,5.96,5.96,6.15,71.19319945,18.59,7.23,5.96,4519.5,9841.3,24628.1,14763.9,880.4,1953.9,5771.3,,,
1997M08,,,43.0882047,77.267,1.81,6.08,6.08,6.22,70.41051817,17.4,6.76,5.52,4436.7,9854.5,24800,15039.8,530.5,2103,5947.4,,,
1997M09,,,43.34824215,77.427,10.61,6.11,6.11,6.19,70.27813336,16.78,6.42,5.81,4394,10015.3,24912.5,15283.8,599.4,2108.6,6061.7,,,
1997M10,,,43.57187435,77.545,2.41,6.15,6.15,6.26,69.97059906,16.52,6.38,5.56,4555.9,10722.6,25544.3,15648.3,713.3,2113.6,5781.2,,,
1997M11,,,43.72789682,77.568,6.02,6.22,6.22,6.22,69.54265555,16.37,6.27,5.5,4789.5,11151.6,26117.4,16230.6,755.4,2108.8,5459.8,,,
1997M12,,,43.88912003,77.613,18.17,6.19,6.19,6.27,70.20350254,16.4,6.35,5.84,5476.1,11948.2,27564.1,16604.1,1300.2,2135.1,5865.2,,,
1998M01,,,44.42999792,77.732,3.48,6.26,6.26,6.29,70.17278412,16.16,6.11,5.48,5232.6,12266.9,28018.9,16788.9,729.5,2121.4,7087.8,,,
1998M02,,,44.68483462,77.798,27.37,6.22,6.22,6.28,70.90991938,16.2,6.31,5.57,5308.6,11741.1,27443.7,17193.7,753.2,2145.6,6638.2,,,
1998M03,,,44.97607656,77.881,4.36,6.27,6.27,6.31,70.60165198,16.37,6.22,5.88,5306.3,12179.7,28426,17364.1,800.6,2144.7,7089.1,,,
1998M04,,,45.30372374,78.024,4.74,6.29,6.29,6.35,70.7731114,16.14,6.05,5.59,5339.4,12441.6,28770.7,17746.2,1099.3,2195.1,7036.5,,,
1998M05,,,45.53775744,78.1,12.86,6.28,6.28,6.4,71.13083524,16.21,6.16,5.63,5262.3,12158.5,28236.3,18215.7,1018,2196.1,6840.5,,,
1998M06,,,45.60536717,78.002,6,6.31,6.31,6.49,70.80472295,16.24,6.16,7.06,5252.3,12379.4,28757,18343.8,766.5,2218.2,6759.9,,,
1998M07,,,45.74578739,78.222,13.74,6.35,6.35,6.57,70.53070721,16.14,6.15,5.63,5383.3,12017,28519.7,18786.1,1117.9,2210.7,6479.5,,,
1998M08,,,45.80819638,78.375,13.01,6.4,6.4,6.57,69.92774951,16.06,6.19,5.89,5313.5,12469.3,29253.3,19207.2,802,2224.1,6212.4,,,
1998M09,,,45.73018515,78.361,28.59,6.49,6.49,6.73,68.80238626,16.53,6.4,6.14,5189.3,11830.7,28398.2,19844.7,736.4,2259.3,6447,,,
1998M10,,,45.7353859,78.514,21.48,6.57,6.57,6.98,67.80618233,16.93,6.79,5.35,5363.3,12015.8,28581,20594.1,1053.8,2304.3,6175.7,,,
1998M11,,,46.94716039,78.528,34.67,6.57,6.57,6.88,69.63609588,17.55,7.32,5.11,5511.7,11944,28638.6,21062.6,1060.4,2309,6340,,,
1998M12,,,47.17079259,78.663,12.79,6.73,6.73,6.98,68.32521354,17.91,7.16,4.07,6307,13565.6,30999.7,21144.4,815.5,2367.9,6259.7,,,
1999M01,,,47.22280008,78.776,16.83,6.98,6.98,7.07,65.78142674,17.81,7.87,4.79,5946.3,12713.6,29693.2,21420.3,1059.5,2350.2,6207.8,,,
1999M02,,,46.99396713,78.749,37.33,6.88,6.88,7.27,66.31162653,18.71,8.48,4.84,6079.7,12707.8,29722.4,21437.6,978.1,2381.1,6162.8,,,
1999M03,,,46.77553568,78.773,18.81,6.98,6.98,7.36,64.90412872,18.9,8.55,4.98,6580.4,13681.5,31052.6,21845.3,925.3,2392.7,5932.3,,,
1999M04,,,46.87955066,78.975,7.16,7.07,7.07,7.39,63.69410799,18.86,8.51,5.03,6342.2,13611.9,31271.5,22218.4,1249.4,2405.4,6282,,,
1999M05,,,47.23320158,79.051,9.51,7.27,7.27,7.66,62.43286481,19.02,8.57,4.61,6310.2,13760.3,31485.2,22386.2,1135.1,2419.6,6671.9,,,
1999M06,,,47.52964427,79.092,18.03,7.36,7.36,7.78,62.07647342,18.93,8.7,5.12,6295.4,13488.1,31443.3,22572.7,785.8,2444.4,6596.2,,,
1999M07,,,48.13293114,79.235,16.42,7.39,7.39,7.81,62.40919353,19.31,8.97,5.07,6457.6,13672,32129.1,22701.6,1205.7,2499.8,7579.3,,,
1999M08,,,48.56979405,79.273,19.51,7.66,7.66,7.77,60.52236298,19.49,9.23,5.57,6365.9,13055.2,31402.2,23153.6,1087,2548.6,7215.9,,,
1999M09,,,48.83503224,79.483,40.68,7.78,7.78,7.67,59.69150539,20.33,10.37,5.51,6321.6,13078,31328.2,23198.4,832,2568.8,7524.6,,,
1999M10,,,49.19908467,79.619,30.17,7.81,7.81,7.88,59.8541285,20.5,10.75,5.27,6571.1,13160,31038.9,23326.6,1053.7,2589.2,7508.5,,,
1999M11,,,49.36030788,79.695,37.68,7.77,7.77,7.79,60.32573314,20.52,10.62,5.63,6857.7,13688.1,31363.7,23746.6,1326.5,2601.2,7658.7,,,
1999M12,,,49.49032661,79.796,28.36,7.67,7.67,7.72,61.2079887,20.62,11.28,3.99,8428.6,15497.2,33456.2,24099.9,974,2631.3,7807.1,,,
2000M01,,,49.71395881,79.987,26.53,7.88,7.88,7.71,59.67646062,21.23,11.51,5.87,7614,14925.2,33006.3,24327.7,1262.4,2599.2,7884.6,,,
2000M02,,,50.10401498,80.106,22.66,7.79,7.79,7.7,60.49464897,21.39,11.65,5.85,7385.7,14525.5,32632.2,24465.8,856,2584.8,7917.8,,,
2000M03,,,50.64489286,80.27,17.32,7.72,7.72,7.73,61.18335155,21.28,11.58,6.17,7364.9,15623,33479.3,24187.9,968.9,2600.6,7890.9,,,
2000M04,,,51.12856251,80.323,14.32,7.71,7.71,7.75,61.80938772,21.44,11.66,6.06,7352.6,15760.5,34539.6,24129.1,911.8,2571.8,7696,,,
2000M05,,,50.7125026,80.409,12.75,7.7,7.7,7.75,61.32904264,21.46,11.61,6.83,7003.3,15636.9,34678.3,24028,1715.3,2582.3,7446.9,,,
2000M06,,,50.9673393,80.47,12.17,7.73,7.73,7.8,61.07918166,20.92,11.45,6.86,7052,16207.1,35678.6,24038,927.7,2594.7,7578.9,,,
2000M07,,,51.08695652,80.654,10.13,7.75,7.75,7.82,60.92943714,21.21,11.36,6.64,7205.7,16720.7,36711.7,24241.1,1516.2,2572.1,7902.9,,,
2000M08,,,50.85812357,80.757,9.63,7.75,7.75,7.77,60.6752746,20.43,11.15,6.65,6957.9,16929.2,37705.5,24913.2,995.9,2587,8140.8,,,
2000M09,,,50.93093405,80.953,8.95,7.8,7.8,7.73,60.04172969,20.53,11.09,6.6,6975,16899.1,37599.1,25151.9,915.6,2594.2,8185.6,,,
2000M10,,,51.08695652,81.067,10.3,7.82,7.82,7.8,59.98170784,20.47,11.23,6.59,7169.1,16668.5,37018.4,25687.8,1685.3,2571.1,8483.1,,,
2000M11,,,51.4250052,81.21,15.79,7.77,7.77,7.74,60.72075794,20.23,11.04,6.62,7324.2,17151.6,37325.4,26076.5,1202.3,2571.3,8514.8,,,
2000M12,,,52.00748908,81.289,7.81,7.73,7.73,7.7,61.76188599,20.05,10.98,5.41,8214.2,18651.8,39497.4,26439.9,1156.4,2643.7,8629.6,,,
2001M01,,,52.71999168,81.592,5.72,7.8,7.8,7.75,61.64045966,19.92,10.82,5.74,7598.5,18260.3,39442.2,26568.1,1333,2636,10003.8,,,
2001M02,,,53.1048471,81.736,6.24,7.74,7.74,7.77,62.36580096,19.88,10.82,5.59,7618.6,17748.7,38969.4,26591.3,960.1,2637.2,10742.9,,,
2001M03,,,53.39088829,81.821,5.4,7.7,7.7,7.8,62.86092774,19.58,10.58,5.29,7800.3,18579.4,39611.4,26914.1,985.3,2621.6,10594,,,
2001M04,,,53.61972124,81.951,4.42,7.75,7.75,7.8,62.48984477,19.42,10.44,4.67,7803.8,17813,39556.1,26924.8,1645.9,2616.9,10767.7,,,
2001M05,,,53.78094446,81.97,5.05,7.77,7.77,7.85,62.22169007,19.23,10.12,4.24,7730.2,17826.8,40972.7,27193.7,1465.2,2619.7,10612,,,
2001M06,,,54.17620137,82.154,4.98,7.8,7.8,7.95,62.34014926,19.03,9.81,3.95,7787.6,17627,42338.5,27476.2,939.4,2618.9,10442.7,,,
2001M07,,,54.64946952,82.366,4.83,7.8,7.8,8.11,63.05718257,19.21,9.44,3.82,7987.8,18358.3,42831,27487.4,1707.5,2628.5,10956.5,,,
2001M08,,,55.33076763,82.406,4.83,7.85,7.85,8.08,63.43013027,18.88,9.06,3.66,7862.7,17607.8,43209.1,27633.2,1168.1,2634.3,10798.3,,,
2001M09,,,55.50759309,81.939,4.63,7.95,7.95,7.96,62.52174617,18.65,8.97,2.75,7893.8,18652.3,44080.8,28085.1,1231.8,2655.9,10749.2,,,
2001M10,,,55.92365301,82.516,4.47,8.11,8.11,8.02,62.01183388,18.34,8.84,2.66,8248.3,18508.5,44249.7,28981.5,2098.1,2588.6,10729.6,,,
2001M11,,,56.31370917,82.683,4.93,8.08,8.08,7.94,62.72748445,18.11,8.58,2.06,8500.1,18939.1,45054.6,29373.7,1324.5,2907.9,10520,,,
2001M12,10.43117332,-1.521173314,56.64135636,82.702,4.52,7.96,7.96,7.91,64.329756,17.9,8.46,1.52,9475.9,20112.6,47228.2,30281.9,1068.9,2925,9281.5,,,
2002M01,10.90398693,-2.055215105,57.38506345,82.75,4.53,8.02,8.02,7.82,64.56132062,17.71,8.4,1.85,8783.1,19571.4,47049.6,30120.3,1834,2924.6,8580.9,,,
2002M02,10.99386597,-1.983974686,57.88953609,82.907,4.23,7.94,7.94,7.87,65.50519557,17.5,8.19,1.83,8813.8,19924.9,47399.9,30450.5,1080.9,2920.3,7923,,,
2002M03,10.96583939,-1.83862335,58.26399001,83.006,5.25,7.91,7.91,7.9,65.78904186,17.22,8.01,1.74,9340.7,20545.7,48213,30540.3,1087.3,2924.7,8102.6,,,
2002M04,11.03970623,-1.786553947,58.5812357,83.238,4.56,7.82,7.82,7.86,66.50956781,17.21,7.86,1.82,8928.6,20092.7,48095.8,30541.1,2072.4,2928.7,8129.6,,,
2002M05,11.00223637,-1.689790781,58.78926565,83.331,4.31,7.87,7.87,7.77,66.38545225,17.11,7.75,1.79,8715.3,19846.1,47637.1,30671.4,1793.4,2928.2,8296.9,,,
2002M06,10.76962948,-1.630721925,59.12731433,83.463,4.39,7.9,7.9,7.78,66.45154239,16.88,7.63,1.73,8739.5,20248.1,48227.8,31357.9,1191.9,2939.7,8300.3,,,
2002M07,10.57587719,-1.478046957,59.62138548,83.632,4.11,7.86,7.86,7.73,67.31142998,16.75,7.48,1.76,9145.5,20426.2,49036.9,31375.3,2150.6,2949.1,8159.4,,,
2002M08,9.591115952,-1.864825891,59.60578323,83.797,4.91,7.77,7.77,7.61,67.79352692,16.55,7.31,1.81,8752.6,19977.5,48812.4,31501.9,1339.8,2944.5,8150.2,,,
2002M09,9.180550575,-2.078517393,59.44976077,83.934,4.45,7.78,7.78,7.65,67.41751372,16.49,7.2,1.85,8699.4,19819.5,48757.2,31450.3,1279.7,3067.9,8240.4,,,
2002M10,8.717303276,-2.114494766,59.61618473,84.005,4.47,7.73,7.73,7.8,67.96739485,16.41,7.13,1.82,8917.1,19916.6,49028.5,31653.1,2441.3,3047.7,8083.4,,,
2002M11,8.331234932,-1.986572944,59.88662367,84.087,5.4,7.61,7.61,7.83,69.3064825,16.34,7.08,1.23,8928.2,20379.5,49299.2,31945.4,1538.8,3047.7,8120,,,
2002M12,8.045804977,-1.719480503,60.22467235,84.165,2.22,7.65,7.65,7.91,69.49713694,16.2,6.91,1.16,9999.6,21624.5,51474,32531.2,1484.6,3119.1,8168.5,,,
2003M01,7.302458763,-1.103437561,60.9423757,84.223,1.03,7.8,7.8,7.91,68.69690252,16.01,6.31,1.33,9410.4,22211.5,52007.5,32436.2,2128.1,3147.8,8527.3,686.4755035,,
2003M02,6.944536209,-0.943278461,61.36363636,84.339,4.13,7.83,7.83,7.9,68.39260262,15.84,6.12,1.33,9424.3,21887.5,51738.6,32379.6,1111.5,3137.5,8505.6,679.8298264,,
2003M03,6.685342789,-0.910104002,61.62887456,84.474,1.41,7.91,7.91,7.92,67.59683836,15.61,5.84,1.38,9478.2,21939,52029.5,32806.8,1291.4,3135.2,8627.7,681.1940881,,
2003M04,6.574206352,-0.901266015,61.90451425,84.568,0.87,7.91,7.91,7.92,68.02944664,15.49,5.58,1.31,9661,22044.6,52423.2,33038,2089,3138.8,9301.6,661.9367378,,
2003M05,6.586476326,-1.022074332,62.06053672,84.69,0.82,7.9,7.9,7.92,68.35260134,15.12,5.32,1.28,9498.7,21757.1,53009.8,33504.2,1741.1,3150.9,9236.7,662.0362976,,
2003M06,6.560795784,-1.31847016,62.22696068,84.738,1.1,7.92,7.92,7.98,68.31691065,15.1,5.22,1.45,9768.4,22259,53924.6,33498.6,1311.4,3140.7,10875.1,626.3858351,,
2003M07,6.456410408,-1.807073349,62.39338465,84.949,1.48,7.92,7.92,8.1,68.43642767,14.72,4.99,1.04,10146.3,23014.2,54722.3,33504.7,2298.3,3145.2,10962.1,627.8643403,,
2003M08,6.342512131,-1.377849359,62.56500936,85.045,1.4,7.92,7.92,8.08,68.3395496,14.64,4.86,1.01,10117.7,23237.4,54979.5,33841.3,1425,3456.8,10915.9,693.1359199,,
2003M09,6.294852257,-0.617308737,62.82504681,85.164,1.45,7.98,7.98,8.03,67.85991336,14.47,4.75,1.17,10047.9,23230.3,55276.2,34228.9,1369.4,3460.8,11344.8,687.9899003,,
2003M10,6.165193558,-0.329025015,63.09548575,85.32,1.71,8.1,8.1,8.11,67.28645238,14.39,4.65,1.03,10682.1,24185.3,56261.6,34753.5,2465.2,3445.1,11254.5,705.2834387,,
2003M11,6.008392811,-0.172526543,63.38152694,85.437,1.96,8.08,8.08,8.1,67.92318919,14.24,4.6,1.01,10771.2,24091.5,56674.7,35128.3,1507.3,3443.1,11211.6,708.5465207,,
2003M12,5.934461594,-0.079539313,63.75078011,85.544,1.83,8.03,8.03,8.1,68.81895325,14.11,4.52,0.94,11924.4,26051.1,58281.6,35444.2,1543,3467.2,11036.7,728.0018777,,
2004M01,5.958512783,0.254151503,64.72852091,85.763,1.83,8.11,8.11,8.05,68.81474021,14,4.48,1.03,11122.6,25520.8,58466,34459.4,2093.9,3455.9,11192.3,705.3268921,,
2004M02,5.840003014,0.423239646,65.20698981,85.902,1.94,8.1,8.1,7.98,69.03168511,13.93,4.43,1.04,11112.7,25008.6,58242.1,34579.7,1254,3438.4,11359.8,668.9841678,,
2004M03,5.858466625,0.706934218,65.67505721,86.046,1.86,8.1,8.1,7.94,69.1236622,13.89,4.39,1.05,11170.9,24777.3,58621.2,34778.9,1407.4,3524.8,11679,642.6984033,,
2004M04,5.748042107,0.905742661,66.02350739,86.27,1.92,8.05,8.05,7.9,69.71251009,13.97,4.41,1.03,11175.5,24761.1,57864.9,35105.2,1830.9,3491.3,11412.2,654.0039277,,
2004M05,5.88678503,1.378781042,66.56958602,86.388,2.1,7.98,7.98,7.91,70.42809621,13.93,4.46,1.02,11075.6,24354.2,58243.9,35509.3,1852.1,3493.2,11511.6,646.3554721,,
2004M06,5.953223228,1.451707817,66.83482421,86.525,2.26,7.94,7.94,7.9,70.89555677,13.89,4.44,1.38,11062,24388.5,59290.3,35644.9,1437.2,3487.1,11289.1,647.3865197,,
2004M07,5.946611404,1.68863074,67.15727065,86.628,2.72,7.9,7.9,7.83,71.73596658,13.79,4.42,1.29,11322,24533.4,59973.1,36107,1721.8,3478.7,12066.2,649.4485531,,
2004M08,6.205470085,1.450390274,67.35489911,86.661,2.41,7.91,7.91,7.77,71.77142298,13.83,4.47,1.55,11077.1,25019.6,60409.5,36127.6,1434.8,3500.3,13118.8,684.089768,,
2004M09,6.444470882,1.601886736,67.88017475,86.823,2.08,7.9,7.9,7.78,72.28092944,13.76,4.47,1.94,11045.1,24516.5,60772.2,37033.7,2167.3,3484.4,13115.6,676.8091145,,
2004M10,6.744393349,1.893918561,68.54587061,87.012,2.07,7.83,7.83,7.76,73.24814994,13.75,4.52,1.79,11313.80323,25241.9,61063.2,37552,2452.4,3808.6,12990.9,792.2645523,,
2004M11,7.177699566,2.04524291,69.22716871,87.199,2.43,7.77,7.77,7.72,74.520028,13.56,4.54,2.02,11403.9,25823.5,61924,38566.8,1814.5,3814.2,12946.8,786.803264,,
2004M12,7.339061737,1.88756578,69.63282713,87.311,2.68,7.78,7.78,7.62,75.17013876,13.5,4.54,1.97,12626.4,27859.7,64667.5,39772.3,2507.7,3843.9,12840.8,823.1860322,,
2005M01,7.61128521,1.427763478,70.57936343,87.625,2.55,7.76,7.76,7.61,76.15317373,13.52,4.56,2.5,11999,27364.1,64542.7,40013.6,1625.6,3824.6,12785.4,822.0755071,,
2005M02,7.744018555,1.292510393,71.09943832,87.77,2.61,7.72,7.72,7.59,76.73009066,13.52,4.58,2.52,12049.7,27092.5,64686.7,40428.4,1418.2,3815.2,13345,850.9321514,,
2005M03,7.773087025,0.99314674,71.43228625,87.987,2.75,7.62,7.62,7.61,77.51019037,13.49,4.53,2.96,12425,28107,65920.1,40746.5,1650.8,3788.6,14482.3,841.1707973,,
2005M04,7.769417763,1.108093054,71.8847514,88.089,2.75,7.61,7.61,7.59,77.56915691,13.07,4.57,2.97,12151.2,28111.3,66720.9,41165.4,2451,3778.2,15538.9,866.7841062,,
2005M05,7.790237427,0.733200075,72.24360308,88.269,2.829545455,7.59,7.59,7.59,78.17775067,13.04,4.59,3.09,12150.1,28127.7,66869.4,41551.9,2148.8,3776.4,15927.8,826.1054478,,
2005M06,7.722729206,1.07814233,72.71687123,88.33,3,7.61,7.61,7.62,78.43327554,13.02,4.62,3.35,12278.4,28516.4,67426.2,42504.8,1749.7,3765.9,16038.4,884.7378604,,
2005M07,7.816076756,1.484627962,73.40337009,88.46,3.05952381,7.59,7.59,7.68,79.06695358,12.9,4.58,3.31,12618.3,29324.1,68785.5,43243.3,2519.3,3759.2,15964.1,877.9382522,,
2005M08,7.551532269,1.822261254,73.66860828,88.532,3.336956522,7.59,7.59,7.61,78.96632749,12.88,4.58,3.63,12347.3,28864.7,69136,43671,1694.1,3758.4,16821.2,820.1244828,,
2005M09,7.48908329,1.957744777,74.29269815,88.728,3.613636364,7.62,7.62,7.61,78.30633562,12.78,4.6,3.93,12495.9,28869.2,69875.3,44306.5,1597.1,3750.9,16778.7,864.3843647,,
2005M10,7.633133888,2.655181728,75.59808612,88.982,3.75,7.68,7.68,7.62,78.94106504,12.72,4.58,4.02,12751.1,29975.9,70649.7,45294.2,2483.7,3733.5,16737.4,866.35616,,
2005M11,7.538884163,1.709106228,75.62929062,89.21,3.840909091,7.61,7.61,7.61,80.31388337,12.78,4.64,4.03,13001.8,30682.2,72180.5,46948.7,1937.4,3718.2,16683.3,989.6654821,,
2005M12,7.555393219,1.011340656,75.59808612,89.302,4.113636364,7.61,7.61,7.62,80.60262807,12.67,4.62,4.09,14261.9,32816.2,74182.5,48277.3,2034.4,3723.2,16425.7,1031.008487,,
2006M01,7.331668854,0.751744304,76.28458498,89.503,4.25,7.62,7.62,7.59,80.61659193,12.72,4.62,4.47,13639.14697,32449.5,74585.5,48918.2,2455.9,4033.6,16251.1,1011.979427,,
2006M02,7.05645752,0.207093054,76.26378198,89.647,4.25,7.61,7.61,7.58,80.57783175,12.74,4.65,4.52,13784.70915,32728.3,75455.8,50002.8,1608.1,4024.9,16323.5,1047.084444,2.544714286,2.544714286
2006M03,7.061919212,0.218750613,76.63303516,89.894,4.25,7.62,7.62,7.61,80.42147417,12.76,4.65,5,14001.12585,32986.7,76291.5,51007,2406,4065.7,16961.4,1069.619778,2.264304348,2.264304348
2006M04,7.158880711,0.321946954,77.26232577,90.169,4.275,7.59,7.59,7.58,80.66185847,12.74,4.69,4.86,14125.67255,33089.4,76523.6,51899.1,2562.5,4063.6,17212.7,1103.680245,2.032789474,2.032789474
2006M05,6.938698769,0.677743525,77.74599542,90.395,4.5,7.58,7.58,7.58,80.8641871,12.72,4.7,5.05,14050.41808,33311.6,78040.9,52912.8,1956,4076.8,17833.7,1079.297589,2.107590909,2.107590909
2006M06,6.828488827,0.724078764,78.20886208,90.623,4.579545455,7.61,7.61,7.61,80.89916387,12.72,4.7,5.05,14312.35275,33909.4,79897.8,54063.6,1774.1,4063.2,17520.4,948.2021337,2.203954545,2.203954545
2006M07,6.798718452,0.236849062,78.56771375,90.712,4.785714286,7.58,7.58,7.61,81.33245414,12.69,4.69,5.31,14439.59094,34384,81160,54971.3,2972,4063.4,17844.7,975.2665264,2.22795,2.22795
2006M08,6.836379051,0.159738142,78.82255045,90.896,5,7.58,7.58,7.61,81.4410032,12.69,4.7,5.31,14309.26059,34216.2,81943.4,56037.4,2036.9,3931.5,19315.4,942.1580258,2.305173913,2.305173913
2006M09,6.65826273,-0.959977817,78.52610776,91.04,5,7.61,7.61,7.6,81.26907618,12.7,4.72,5.34,14247.93767,34616.9,82382.8,57277.2,1996.8,3903.8,19125.5,953.6331777,2.4024,2.4024
2006M10,6.256454468,-2.403950338,78.51050551,91.204,5,7.61,7.61,7.68,81.61900571,12.91,4.81,5.31,15302.36743,34657.3,82985.9,58630.9,3038.2,3899.1,19530.8,1214.063107,2.374761905,2.374761905
2006M11,5.961483955,-1.560438708,78.95776992,91.248,5,7.61,7.61,7.7,82.25588551,12.88,4.84,5.31,15382.58389,36113.1,84236.4,60158.2,2244.5,3908.7,20188.9,1253.637682,2.3604,2.3604
2006M12,5.94863987,-0.156124735,79.9771167,91.37,5,7.6,7.6,7.69,83.23540796,12.88,4.84,5.17,15771.98188,38868.9,87922.3,61490.7,2187.1,3958.3,20188.6,1312.47189,2.20355,2.20355
2007M01,5.741148472,0.483285667,81.03286873,91.741,5,7.68,7.68,7.66,83.25604627,12.96,4.85,5.33,16410.38063,39067.2,86136.1,62153.4,2829.5,3952.5,20054.9,1331.983892,1.919380952,1.919380952
2007M02,5.815873146,0.805785338,81.31370917,91.939,5,7.7,7.7,7.64,82.92443051,12.98,4.92,5.41,17842.73866,39721.8,86936.2,63369.9,1941.8,3954.5,20188.2,1376.820038,1.955684211,1.955684211
2007M03,5.908770084,1.115322213,82.01581028,92.032,5.022727273,7.69,7.69,7.68,82.94388769,12.89,4.92,5.3,17795.52372,40087.4,87984.9,64602.2,3018.7,4141,20330.4,1415.188434,2.017045455,2.017045455
2007M04,5.852768421,0.548685549,82.20823799,92.163,5.285714286,7.66,7.66,7.68,82.92145858,12.81,4.91,5.29,17416.48974,39594.7,86986.9,65498.9,2894,4162.6,20960.3,1398.176162,1.8029,1.8029
2007M05,5.900602341,-0.435353826,81.99500728,92.272,5.5,7.64,7.64,7.66,82.39558946,12.76,4.91,5.28,17454.18106,39864.7,87975.2,66483.4,2194.5,4152.8,21672,1374.457633,1.743136364,1.743136364
2007M06,6.007875443,-0.694668909,82.36426045,92.424,5.5,7.68,7.68,7.7,82.21996615,12.77,4.92,5.31,17639.17963,39956.7,89145.3,68281.6,2184.9,4352.5,22145.4,1385.802796,1.545571429,1.545571429
2007M07,6.063887596,-0.477073534,82.95714583,92.563,5.5,7.68,7.68,7.72,82.84151337,12.77,4.9,5.28,17745.11197,40577.5,90535.7,69701.7,3390.8,4360.6,22469.1,1373.543176,1.708809524,1.708809524
2007M08,6.295520306,-0.086758103,83.71645517,92.701,5.5,7.66,7.66,7.64,83.92210368,12.63,4.91,4.96,17501.86255,40780.5,91675.6,70791,2381.2,4206,23325.9,1426.333418,2.056772727,2.056772727
2007M09,6.482007504,0.84960386,84.2833368,92.954,5.525,7.7,7.7,7.63,83.84786986,12.8,4.92,4.58,17638.26853,41423.1,92625.6,72645.8,2126,4206.9,23710.6,1450.751217,2.137578947,2.137578947
2007M10,6.602197647,1.115078456,84.56937799,93.196,5.75,7.72,7.72,7.7,83.74578568,12.84,4.91,4.6,18044.90037,40948.8,92766.6,74512.6,3565.5,4237.8,24245.5,1567.896499,2.066272727,2.066272727
2007M11,6.997559547,2.131672443,86.16600791,93.379,6.011363636,7.64,7.64,7.72,85.69970267,12.89,4.94,4.66,18047.90925,41324.2,93332.1,76564.2,2452.4,4234.8,24206.8,1650.731886,2.23365,2.23365
2007M12,7.228572845,1.517688059,86.97212399,93.567,6.285714286,7.63,7.63,7.64,86.73103629,12.89,4.91,3.06,20010.77752,44362.9,96867.2,78283.7,2564.1,4226,24191,1723.440282,2.1674,2.1674
2008M01,7.569403648,0.819018157,87.83024756,93.753,6.5,7.7,7.7,7.54,86.25761757,12.74,4.94,3.22,18666.44264,43068.8,96006.7,78963.9,3048.4,4213.1,23975.4,1752.979675,2.328761905,2.328761905
2008M02,7.865294456,0.897097621,88.43873518,93.844,6.5,7.72,7.72,7.43,86.39592871,12.78,4.94,3.01,18472.62592,42665.2,96016.4,79623.9,2336.3,4192.8,24316.8,1769.715236,2.17155,2.17155
2008M03,8.180096626,0.919459489,89.47888496,94.028,6.535714286,7.64,7.64,7.49,87.61842566,13.09,4.97,2.51,18640.95218,42644,96382.3,80000,3137.3,4194.3,24723.4,1670.880361,2.29385,2.29385
2008M04,8.546351433,1.822472505,90.73226545,94.083,6.75,7.54,7.54,7.44,89.45552702,13.23,4.99,2.37,18192.6466,40881.4,94738.8,80633.8,3489.3,4169.9,24842.3,1702.487886,2.201545455,2.201545455
2008M05,8.987452507,3.254079902,92.03245267,94.255,6.75,7.43,7.43,7.41,91.26308904,13.33,5.05,1.98,17579.50651,40658.2,95762.9,81199.1,2362.8,4181.1,24988.4,1740.935025,2.038904762,2.038904762
2008M06,9.426235199,4.130625324,93.53026836,94.471,6.75,7.49,7.49,7.46,91.09041955,13.4,5.13,2.47,17478.7793,40820.4,95710.9,81825.8,2241.7,4373.8,25098,1761.842299,1.966809524,1.966809524
2008M07,10.03065681,4.125195483,94.70043686,94.641,6.880434783,7.44,7.44,7.53,92.39387382,13.48,5.22,2.09,17770.76775,40551.8,96346.6,82444.6,3816.3,4355.5,24988.8,1750.507469,2.337227273,2.337227273
2008M08,10.04617882,3.639601134,95.17370501,94.757,7.25,7.41,7.41,7.64,93.65719715,13.57,5.28,1.94,17350.4442,40255.4,96532.9,82974.1,2251.5,4323.5,24920.3,1719.313148,2.3523,2.3523
2008M09,10.17418098,2.574183819,95.02808404,94.854,7.25,7.46,7.46,7.71,92.96369877,13.67,5.34,2.03,17344.41635,40514.7,97373.6,83836.6,2282.4,4308.8,25107.6,1759.59836,2.536666667,2.536666667
2008M10,10.40925598,2.517378293,95.50135219,94.719,7.25,7.53,7.53,7.86,93.5667418,13.76,5.42,0.22,17587.82597,40741.9,97673.3,84581.3,3706.7,4357.6,25392.8,1669.281429,2.767681818,2.767681818
2008M11,10.28324413,0.562965421,95.51175369,94.677,7.25,7.64,7.64,7.95,94.05556146,13.79,5.45,0.52,17413.47718,42446.5,100210.4,85631.5,2301.2,4367.9,25610,1609.984167,2.842944444,2.842944444
2008M12,9.883205414,-0.482978186,95.14770127,94.631,7.25,7.71,7.71,8.08,93.8097272,13.84,5.47,0.14,19665.93416,45880.7,104192.6,87209.4,2384.2,4382.4,26209.9,1507.120231,5.667428571,5.667428571
2009M01,9.03550148,-1.154165628,94.75244435,94.602,7.227272727,7.86,7.86,8.09,91.16874978,13.91,5.5,0.23,18124.7,45050.5,103994.8,87340.8,3071.4,4356,26646.3,1471.091531,5.41215,5.41215
2009M02,8.442500114,-1.94441132,94.18556272,94.677,6.95,7.95,7.95,8.1,89.21245632,13.95,5.55,0.22,17952.4,44462.8,104516,87309.4,2047.4,4330.4,27169.7,1401.338748,4.748578947,4.748578947
2009M03,7.727959156,-2.729412223,93.95152902,94.745,6.454545455,8.08,8.08,8.13,87.3403297,13.83,5.6,0.16,18084.7,43957.9,105644.6,87431,2777.9,4649.5,27362.5,1386.653279,4.686454545,4.686454545
2009M04,7.098452091,-3.474895979,94.02,94.957,6.113636364,8.09,8.09,8.18,87.03455119,13.85,5.64,0.2,18357.9,43782.8,104751.6,87208.6,3099.7,4658.2,27372.3,1440.650829,4.523761905,4.523761905
2009M05,6.507285118,-4.212981317,94.14395673,95.03,5.75,8.1,8.1,8.26,86.80041388,13.85,5.69,0.19,18436.7,44405.6,105757.5,87042.8,2086.3,4669.6,27463,1384.928282,3.8392,3.8392
2009M06,5.842509747,-5.225294443,94.10755149,95.151,5.545454545,8.13,8.13,8.32,85.71486764,13.82,5.73,0.22,17891,44419.6,106903.9,87103.8,2237.7,4784.4,27769.9,1364.934529,3.158181818,3.158181818
2009M07,5.077046394,-5.379094832,94.41439567,95.233,5.206521739,8.18,8.18,8.35,85.63751504,13.89,5.68,0.18,18454,44639,108259.4,87058.7,3548.2,4760.1,27780.2,1245.216916,3.090681818,3.090681818
2009M08,4.748006821,-5.480247254,94.47680466,95.374,4.75,8.26,8.26,8.3,84.62949079,13.95,5.66,0.15,18052.1,43630,109096.2,87270,2155.8,4747.1,27737.5,1202.112184,2.835666667,2.835666667
2009M09,4.481684685,-4.44884755,95.05928854,95.541,4.636363636,8.32,8.32,8.33,84.5420619,13.98,5.66,0.07,18342.8,43451,108022.9,87484.2,2191.1,4764.5,30387.7,1184.885933,2.864333333,2.864333333
2009M10,4.033451557,-4.68693954,94.87726233,95.893,4.5,8.35,8.35,8.37,83.99431067,13.93,5.66,0.11,18614,43773.5,109658.3,87730,3675.4,4752.1,30659.5,1183.564664,2.752952381,2.752952381
2009M11,3.737527132,-4.347382838,94.92926981,95.978,4.5,8.3,8.3,8.15,84.40068349,13.68,5.65,0.13,18681.8,45176.9,110071.8,88041.5,2289.4,4804,30629.1,1180.209644,2.606736842,2.606736842
2009M12,3.56567502,-3.844439716,94.88246307,96.06,4.5,8.33,8.33,8.02,84.29070883,13.57,5.61,0.05,21232.6,48490.4,114613.5,88189.3,2631.4,4927.6,30598.2,1164.992727,2.351681818,2.351681818
2010M01,3.590797186,-2.158057736,96.11,96.201,4.5,8.37,8.37,8.01,84.66041288,13.52,5.62,0.12,20081,48800.5,115761.6,88418.4,3240.8,5257.866,30546.34322,1106.153416,2.215315789,2.215315789
2010M02,3.595301151,-1.106132735,96.53,96.285,4.5,8.15,8.15,8,87.28078702,13.5,5.62,0.13,19833.73286,47174.6,115525.5,87608.1,2250.2,5240.2124,30462.92207,1134.886358,2.144894737,2.144894737
2010M03,3.867110252,0.058819447,97.64,96.429,4.5,8.02,8.02,8.01,89.3295426,13.48,5.62,0.09,20700.9,48039.5,116172.7,87411.1,2982.2,5228.289,30383.43474,1115.022201,2.000913043,2.000913043
2010M04,4.005784988,-0.251264673,97.55,96.478,4.5,8.01,8.01,8.01,89.27225124,13.42,5.58,0.2,19793.5,47357.7,116671.5,87868.6,3458.7,5287.9,29902.43062,1096.66822,1.864571429,1.864571429
2010M05,4.073181152,-0.561491836,97.45,96.585,4.5,8,8,8.02,89.17870043,13.36,5.53,0.19,19515.2,46492.2,116837.7,88314.1,2362.9,5275.0239,29711.41695,1150.497621,2.1942,2.1942
2010M06,4.171869278,-0.099455907,97.94,96.632,4.5,8.01,8.01,8.08,89.59544796,13.36,5.5,0.09,20024.2,46790.7,118185.8,88655.7,2415.5,5419.7755,32434.01743,1123.549715,2.317909091,2.317909091
2010M07,4.217599392,-0.102120706,98.3,96.633,4.5,8.01,8.01,8.06,89.96974457,13.29,5.44,0.18,20111.8,47559.2,119334.1,88506.4,3739.3,5423.6,33848.42884,1057.65711,2.37647619,2.37647619
2010M08,4.231421471,-0.131795797,98.35,96.726,4.5,8.02,8.02,8,89.76537777,13.27,5.42,0.21,19690.7,46679.6,119277.5,88437.7,2577.6,5405.8298,34324.09555,1030.569054,2.585318182,2.585318182
2010M09,4.184093475,-0.427794101,98.63,96.781,4.5,8.08,8.08,7.98,89.3027548,13.27,5.42,0.15,19730.7,46927.1,119856.6,89416.4,2433.3,5412.3614,35138.93077,1122.506051,2.434142857,2.434142857
2010M10,4.248912334,0.254524596,99.15,96.928,4.5,8.06,8.06,7.96,89.86000522,13.21,5.41,0.2,20338.4,47915.6,121550.7,90185.5,3670.2,5438.0607,35119.07669,1092.369837,1.93085,1.93085
2010M11,4.258413315,0.998901104,99.92,97.054,4.5,8,8,7.82,91.11271131,13.21,5.4,0.2,21201.9,49611.4,123019.1,92214.5,2665.4,5445.3981,35106.89501,1082.658957,1.66395,1.66395
2010M12,4.483743668,0.909810382,100,97.074,4.5,7.98,7.98,7.71,91.36557551,13.25,5.34,0.13,23390.3,53076.4,127546.4,93249.8,2975.9,5561.9998,36795.38627,1301.141313,1.777409091,1.777409091
2011M01,4.370937347,0.53148519,100.8217183,97.283,4.5,7.96,7.96,7.63,91.97113786,13.28,5.35,0.17,22652.9,51661.5,128290.2,93589.7,3471.195282,5548.7615,36916.04329,1321.795602,1.6787,1.6787
2011M02,4.635570526,0.597028355,101.5810277,97.453,4.5,7.82,7.82,7.65,93.89760433,13.37,5.33,0.16,22198.8,51016.4,128692.1,94020.6,2519.517984,5539.7356,38826.23604,1394.129604,1.5151,1.5151
2011M03,4.667861938,0.327183638,102.5171625,97.6,4.5,7.71,7.71,7.79,95.10691107,13.37,5.3,0.1,22499.4,52041.1,130733.4,94475.1,4213.909057,5522.4529,39620.81656,1385.861224,1.65926087,1.65926087
2011M04,4.926632404,0.834515725,103.17,97.824,4.75,7.63,7.63,7.76,96.17837238,13.44,5.27,0.09,22840.9,52848.7,131721.5,95123.8,3887.351004,5518.8032,39949.2511,1395.388665,1.82085,1.82085
2011M05,5.046285629,1.346736434,103.68,98.057,4.75,7.65,7.65,7.83,95.66715545,13.37,5.28,0.1,21798.7,51804,130514.3,96017.5,2837.975696,5537.620583,40236.41039,1641.475866,2.023238095,2.023238095
2011M06,5.116256714,1.306042653,104.23,98.164,4.75,7.79,7.79,7.85,94.6861409,13.39,5.26,0.07,22601.2,52562.1,132861.1,97458.9,2998.178981,5530.85,41607.37078,1790.603367,2.095636364,2.095636364
2011M07,5.268208504,1.771465962,105.22,98.309,4.75,7.76,7.76,7.85,95.87737896,13.37,5.24,0.11,22467.8,53152,134777.6,98148.1,4185.038516,5522.8,42093.11677,1775.670671,2.1333,2.1333
2011M08,5.488361359,2.137464772,105.85,98.505,5,7.83,7.83,7.81,95.34111076,13.45,5.25,0.08,21933.4,51980.6,134501.7,98682.9,3001.625357,5498.4,43046.84454,1798.204515,2.934173913,2.934173913
2011M09,5.545416832,1.703898792,105.78,98.572,5,7.85,7.85,7.8,94.82829674,13.51,5.24,0.06,21776,51610.3,133626.6,100813.6,2905.465261,5475.1,44166.87286,2053.018059,3.429761905,3.429761905
2011M10,5.654752254,0.991742955,105.74,98.619,5.5,7.85,7.85,7.81,95.09096614,13.53,5.24,0.09,21766.4,51992.8,134402.7,102157.6,4289.611416,5736.97,45538.95198,2199.457085,3.46355,3.46355
2011M11,5.699411869,0.355432006,105.97,98.828,5.5,7.81,7.81,7.78,95.74160972,13.55,5.25,0.1,22603.5,53944.5,136766.2,104751.3,2915.98142,5402.6,46292.05364,2065.328278,3.5487,3.5487
2011M12,5.574491501,0.625508499,106.2,98.992,5.5,7.8,7.8,7.73,96.37478126,13.51,5.19,0.04,24532.5,57340.5,141226.1,106391.8,3066.303967,5604.9,45027.73762,2115.357779,3.520095238,3.520095238
2012M01,5.378569603,0.055062944,106.3,99.288,5.5,7.81,7.81,7.74,95.93792203,13.56,5.2,0.11,23189.2,56070,140782.3,105900.8,3867.798951,5587.8814,44874.4949,2098.444833,3.39805,3.39805
2012M02,5.172410011,-0.00513378,106.83,99.426,5.5,7.78,7.78,7.78,96.30423732,13.49,5.2,0.1,23240.8,55997.6,141828,107310.6,2863.473801,5551.6201,45761.58163,2080.485807,3.3374,3.3374
2012M03,5.143114567,-0.594766382,107.18,99.595,5.5,7.73,7.73,7.85,96.62321113,13.39,5.21,0.09,23365.7,55929.4,142932.8,108706.6,4095.160112,5527.9894,46007.44272,1947.388504,3.038818182,3.038818182
2012M04,4.869787693,-0.595289292,107.58,99.746,5.5,7.74,7.74,7.82,96.38328672,13.41,5.23,0.16,23173,54488.8,141191.2,109629.5,3999.806189,5516.209,47410.65033,2058.449303,3.15185,3.15185
2012M05,4.816706657,-0.920101719,107.72,99.847,5.5,7.78,7.78,7.88,96.18846236,13.43,5.25,0.16,22845.7,53551.3,140826.4,110979.1,3046.674446,5516.423,47467.63207,2159.161998,3.448384764,3.448384764
2012M06,4.851444244,-1.378355882,107.85,99.95,5.5,7.85,7.85,7.98,95.65623723,13.46,5.32,0.09,23045,54551.5,141329.2,112137,3253.917515,6238.4,47162.53018,2217.523521,3.828985086,3.828985086
2012M07,4.739419937,-1.878747061,108.23,100.053,5,7.82,7.82,7.88,96.45160864,13.51,5.34,0.13,22945.6,54148.3,142698.1,113562.3,4490.650939,6213.2,47438.69037,2221.320181,3.674487414,3.674487414
2012M08,4.774114132,-2.062730098,108.72,100.116,5,7.88,7.88,7.87,95.61504917,13.49,5.34,0.13,22397.9,54557.9,144589.3,115966.8,3102.004124,6251.9994,47672.37349,2264.186372,3.20084537,3.20084537
2012M09,4.808865547,-1.528472278,109.25,100.24,5,7.98,7.98,7.89,94.59780528,13.52,5.38,0.09,22583.6,53820.3,145485.7,117885.3,2903.648949,6247.1666,47308.8773,2289.813068,2.940780995,2.940780995
2012M10,4.778837681,-1.43100337,109.28,100.482,5,7.88,7.88,7.89,95.86061976,13.59,5.4,0.18,23212.1,54226.1,145252.6,118991.2,4615.472556,6297.682,47207.5498,2462.528973,2.807405418,2.807405418
2012M11,4.808427334,-1.694338441,109.27,100.591,5,7.87,7.87,7.83,96.31906952,13.55,5.41,0.16,23185.9,56699.5,148416.9,121097.7,3120.753673,6281.1342,47222.21566,2628.645157,2.826382075,2.826382075
2012M12,4.907689571,-1.461361887,109.86,100.664,5,7.89,7.89,7.81,96.854545,13.47,5.38,0.09,26552.1,61172.1,155033.3,125175.5,3460.466604,6304.686,47138.71255,2786.543158,2.826631465,2.826631465
2013M01,4.971067429,-1.114058962,110.4,100.871,5,7.89,7.89,7.8,97.19732556,13.52,5.42,0.15,24517.3,58173.3,153143.3,124949.1,4505.3548,6264.9358,47976.52038,2708.1,2.585440933,2.585440933
2013M02,5.076079845,-0.891861929,111.3,100.992,5,7.83,7.83,7.79,97.83356009,13.5,5.45,0.14,24007.3,58315.8,154592.5,125607.2,3030.780813,6934.3353,49623.69962,2645.8,2.490629459,2.490629459
2013M03,4.921339512,-0.582843524,111.83,101.085,5,7.81,7.81,7.82,98.28496669,13.5,5.46,0.09,25150.8,59950.9,156149.8,126267.2,4142.600153,6908.2882,49568.24487,2642,2.544795838,2.544795838
2013M04,4.963982582,-0.8368214,112.02,101.163,5.25,7.8,7.8,7.82,98.71010542,13.53,5.45,0.14,24412.5,58271.6,157159.6,127014.2,4775.624094,6953.4963,49569.13854,2554,2.732268126,2.732268126
2013M05,4.853941917,-0.583611431,112.32,101.272,5.25,7.79,7.79,7.89,98.9130723,13.59,5.44,0.09,23811.7,58416,159060.8,128065,3439.921011,6937.8002,49440.93297,2598.1,2.470042091,2.470042091
2013M06,4.770765781,0.022929166,113.02,101.438,5.25,7.82,7.82,7.94,98.8998028,13.62,5.46,0.07,24105.3,58387.9,158430.4,129316.9,3031.353669,6973.6866,49448.32638,2650,2.749946388,2.749946388
2013M07,4.660111904,0.079793852,113.36,101.567,5.25,7.82,7.82,7.96,99.08717123,13.62,5.45,0.09,24157.5,58029.4,160053.3,132033,5213.832666,6650.9048,49427.56669,2827.6,2.752193626,2.752193626
2013M08,4.32306385,0.091947188,113.52,101.685,5.25,7.89,7.89,7.9,98.16252945,13.62,5.47,0.07,23595.3,58658.8,161654.1,134486.8,3303.888071,6639.7707,49504.41749,3101.7,2.416475811,2.416475811
2013M09,4.126850605,0.083675711,113.85,101.799,5.25,7.94,7.94,7.86,97.80263704,13.63,5.5,0.06,23561.5,57504,161177.6,135910,3175.187021,6620.5,51202.68784,2986.4,2.633892115,2.633892115
2013M10,4.044517994,0.109947599,113.82,102.015,5,7.96,7.96,7.85,97.82547293,13.66,5.47,0.07,24170.9,57482.5,161568.6,137679.2,5114.816428,6623.4,51354.27817,3212.600639,2.651801035,2.651801035
2013M11,3.9982934,0.632437816,114.33,102.194,5,7.9,7.9,7.76,99.24810399,13.68,5.5,0.07,23892.3,59004.1,163399.6,139502.2,3300.237291,6807.4,51335.29018,3443.391922,2.665628097,2.665628097
2013M12,3.80785203,0.579550118,114.68,102.333,5,7.86,7.86,7.73,100,13.7,5.46,0.07,27130.3,63030.5,168946,140158.7,3301.874205,7070.2279,49403.64542,3432.458472,2.593609322,2.593609322
2014M01,3.607074022,0.532418732,114.97,102.426,5,7.85,7.85,7.75,100.0881584,13.78,5.49,0.07,24811.8,61371.6,167812.5,139747.8,4696.244009,7045.5,49015.30993,3353.892138,2.610073121,2.610073121
2014M02,3.353506088,0.150537039,115.2,102.489,5,7.76,7.76,7.73,101.0414643,13.81,5.49,0.06,24637.4,60515.4,168138.2,139739.2,3139.864197,7023.7,51054.50796,3379.430165,2.622571806,2.622571806
2014M03,3.383279324,-0.137280934,115.46,102.684,5,7.73,7.73,7.8,100.9937374,13.8,5.5,0.06,24854.6,61110.2,170311.7,140252.2,4089.339032,7028.0658,53013.32729,3384.103824,2.501119626,2.501119626
2014M04,3.296360016,-0.029086315,115.68,102.879,4.75,7.75,7.75,7.77,100.6034389,13.81,5.5,0.09,25281.5,61550.8,170921.4,142351.2,5068.51996,7026.5508,55694.64849,3706.904714,2.392369923,2.392369923
2014M05,3.269945383,-0.04701091,115.94,103.061,4.75,7.73,7.73,7.81,100.6166434,13.83,5.51,0.08,24879.7,61376.9,170924.5,143198,3565.810767,7016.3618,56703.8291,3595.673142,2.382145883,2.382145883
2014M06,3.163939953,-0.03175096,116.56,103.18,4.75,7.8,7.8,7.72,100.0724006,13.84,5.5,0.09,25078.8,61644.9,171925.2,144831.4,3402.232866,7029.0841,56580.5544,3662.239934,2.178548264,2.178548264
2014M07,3.154242277,0.259660334,117.23,103.369,4.5,7.77,7.77,7.65,101.1009188,13.87,5.46,0.08,25973.2,61658,173623.4,146311.2,5589.202784,7001.6,56141.90157,3835.428725,2.400787322,2.400787322
2014M08,3.202302217,0.497486367,117.72,103.408,4.5,7.81,7.81,7.62,101.3101982,13.74,5.46,0.07,25380.6,62078.9,175597.2,146780.4,3601.894542,7011.7,55804.89171,3806.352805,2.449492392,2.449492392
2014M09,3.19410181,0.257808598,117.78,103.536,4.5,7.72,7.72,7.62,102.3983999,13.73,5.48,0.07,25143.3,61123.5,176354.7,147523.1,3528.133195,6985.0805,55414.97587,3731.78442,2.252492168,2.252492168
2014M10,3.12887907,0.508443018,117.96,103.629,4.5,7.65,7.65,7.64,103.8820069,13.73,5.49,0.07,25838,61734.4,176380,148721.2,5264.379855,6996.8034,54735.14846,3650.539851,2.461049493,2.461049493
2014M11,3.026501894,0.349689832,118.19,103.74,4.5,7.62,7.62,7.65,104.9454199,13.7,5.49,0.08,25902.5,62791,177369.5,150233.3,3468.456098,7017.9315,54672.032,3638.948219,2.465729231,2.465729231
2014M12,2.996471405,-0.049139699,118.06,103.837,4,7.62,7.62,7.63,105.3849654,13.64,5.46,0.06,29164.4,67530.5,183567.8,152455,3682.854081,7039.3,57428.72356,3927.135472,2.719736615,2.719736615
2015M01,2.931533813,-0.609188853,117.64,103.816,4,7.64,7.64,7.69,105.2918833,13.6,5.45,0.06,27231.5,67461.9,184210.6,153469.1,4793.192951,7356.291498,59720.49052,3923.011951,3.001371331,3.001371331
2015M02,2.974077702,-0.534841591,118.01,103.92,4,7.65,7.65,7.69,105.0317782,13.48,5.45,0.06,27115.3,68010.5,185855.2,155622.5,3340.335286,7404.40391,59398.55624,4027.740258,2.635522093,2.635522093
2015M03,2.882108688,-0.457026408,118.26,104.08,3.5,7.63,7.63,7.65,104.8931771,13.37,5.45,0.06,29055.9,69277,188788.8,156583.6,4196.65917,7382.33226,62522.37981,3994.155252,2.742268955,2.742268955
2015M04,2.857823372,-0.281751449,118.66,104.256,3.5,7.69,7.69,7.65,104.2121146,13.29,5.43,0.08,28168.4,68949.8,190070.4,158552.9,5113.679677,7496.04885,62594.99565,4011.065657,2.717645766,2.717645766
2015M05,2.872586489,-0.319541811,118.9,104.385,3.5,7.69,7.69,7.646643871,103.8534671,13.21,5.49,0.08,30081,70546.7,192603.3,160673.6,3518.265799,7484.72409,61946.51954,3974.059979,2.484962981,2.484962981
2015M06,2.919050455,-0.534012706,119.34,104.511,3.5,7.65,7.65,7.693564,104.3884308,13.15,5.49,0.08,29768.5,70410.4,192288.8,161431.2,3532.424127,7485.78713,61553.03347,4208.474998,2.472933392,2.472933392
2015M07,2.923017979,-0.602792781,119.95,104.603,3.25,7.65,7.65,7.683855806,104.9717678,13.12,5.48,0.08,29737.9,71329.6,193801.6,162892.3,5776.310559,7451.63515,61198.9118,4219.104201,2.695093839,2.695093839
2015M08,2.949396849,-0.987113465,120.03,104.679,3.25,7.646643871,7.646643871,7.647624333,105.2036884,13.09,5.48,0.08,29162,69697.1,194198.8,164853.6,3540.744,7429.9452,61223.68981,4356.495421,3.04771126,3.04771126
2015M09,2.942595243,-1.066215552,119.99,104.814,3.25,7.693564,7.693564,7.613479355,104.6902244,13.13,5.49,0.07,28794.7,69092.5,193808.8,166372.4,3429.541625,7403.5018,61168.82137,4431.059748,3.018935403,3.018935403
2015M10,2.989968777,-0.760399431,120.59,104.829,3,7.683855806,7.683855806,7.648605484,105.3939334,13.12,5.49,0.07,29277.5,69943.1,194953.2,168422.4,5353.816005,7400.3009,61157.6422,4338.381603,3.119953912,3.119953912
2015M11,2.98696804,-0.474065087,121.16,104.94,3,7.647624333,7.647624333,7.662025517,106.6189378,13.12,5.5,0.08,29564.8,69626.3,194202.5,170328.5,3505.086176,7377.0333,61111.85565,4457.663768,2.898136113,2.898136113
2015M12,2.994794369,0.071443137,121.68,105.009,3,7.613479355,7.613479355,7.71716,107.9254689,13.06,5.43,0.2,33308.09506,75048.2,200906.9,172036.2,3630.644625,7489.948,61459.68246,4519.94999,2.991536329,2.991536329
2016M01,3.045198679,1.332563987,122.79,105.204,3,7.648605484,7.648605484,7.730261,108.2308568,13.08,5.5,0.29,30855.45137,73944.8,200567.2,172721.9,4921.737041,7447.4488,62699.84225,4439.603157,3.262727174,3.262727174
2016M02,2.952716351,1.318108155,123.05,105.369,3,7.662025517,7.662025517,7.655817097,108.1810204,13.07,5.5,0.29,30516.90036,73339.5,201330.8,172745.6,3350.365683,7430.3652,63242.06163,4463.983476,3.599970481,3.599970481
2016M03,2.916886806,1.344909237,123.3,105.521,3,7.71716,7.71716,7.642882333,107.1649629,13.11,5.49,0.25,31270.00002,73246.2,202470.3,172957.4,4244.158265,7410.7823,64397.33754,4401.022056,3.204795238,3.204795238
2016M04,2.896990299,1.190317977,123.51,105.786,3,7.730261,7.730261,7.604172903,106.6598853,13.13,5.48,0.3,31040.34027,74288.6,204448.2,173206.2,5310.253694,7401.0091,63856.72708,4284.905402,3.101276536,3.101276536
2016M05,2.858052731,1.498549456,124.08,105.948,3,7.655817097,7.655817097,7.534532903,107.7548901,13.15,5.48,0.29,30770.39558,72836.5,203205.8,173728,4457.798924,8069.0671,63247.54294,4320.879169,3.048614162,3.048614162
2016M06,2.771125793,1.661587463,124.63,106.077,3,7.642882333,7.642882333,7.525949,108.055044,13.14,5.46,0.3,31273.96573,73479.8,203513.3,173508.5,3828.188012,8064.9738,63444.45157,4368.257112,3.044294686,3.044294686
2016M07,2.739187002,1.879404078,125.49,106.257,3,7.604172903,7.604172903,7.498369032,109.5322113,13.11,5.46,0.3,32147.11151,74467.3,205636.3,174102.5,6257.337134,8022.6996,63470.08065,4278.238684,2.752748055,2.752748055
2016M08,2.703139305,2.037342241,125.72,106.456,3,7.534532903,7.534532903,7.504329333,110.6524798,13.1,5.47,0.3,31014.61057,71880.1,203955.1,174671.7,4140.999355,8005.8143,63790.48143,4355.647403,2.592378054,2.592378054
2016M09,2.662472725,1.896240501,125.46,106.579,3,7.525949,7.525949,7.504338387,110.2862382,13.12,5.48,0.29,31308.0176,72555.4,205259,175190.4,3672.768005,7996.8128,64189.29185,4458.074988,2.56977435,2.56977435
2016M10,2.677196503,2.082733839,126.33,106.737,3,7.498369032,7.498369032,7.522136129,111.3206875,13.1,5.49,0.31,32866.87653,73074.8,206283.2,175702.1,5677.657617,7962.4793,64043.88451,4317.186511,2.562229133,2.562229133
2016M11,2.674081087,1.997427662,126.82,106.789,3,7.504329333,7.504329333,7.411076071,111.8376748,13.08,5.49,0.31,32078.5,74427.3,208499.4,178642,3977.694104,8014.3942,65373.63343,4416.44947,2.771716703,2.771716703
2016M12,2.682693005,1.549719881,126.83,106.929,3,7.504338387,7.504338387,7.35949871,111.8097467,13.03,5.44,0.55,35473.76789,79517.6,214131.7,182198.7,4270.542166,8015.5041,65382.42203,4902.859844,2.741684721,2.741684721
2017M01,2.784920692,1.042752571,127.49,107.204,3,7.522136129,7.522136129,7.337470667,111.4760322,13.05,5.45,0.56,33847.17664,77385.1,212851,181904.3,5263.734033,7983.9706,65811.9652,4811.870191,2.596313293,2.596313293
2017M02,2.790169954,1.167570802,127.92,107.357,3,7.411076071,7.411076071,7.339385313,113.1721464,13.05,5.45,0.57,34353.85609,76411.9,213808.4,181452,3619.073405,7944.7823,66499.13913,4764.360879,2.487173297,2.487173297
2017M03,2.749140024,1.249237916,128.23,107.307,3,7.35949871,7.35949871,7.343816333,114.1711645,13.08,5.44,0.82,35163.18551,77476,215533.3,181937.7,4894.701462,7906.4327,67858.93812,4800.226128,2.320085935,2.320085935
2017M04,2.686710835,1.402026919,128.56,107.587,3,7.337470667,7.337470667,7.306322258,114.4513174,13.08,5.42,0.83,35565.79993,79167.8,217753.8,182976.5,5742.649564,7870.2936,67767.12706,4890.166446,2.343840561,2.343840561
2017M05,2.636734962,1.296211524,128.96,107.699,3,7.339385313,7.339385313,7.275192581,114.6256381,13.04,5.41,0.83,35120.23337,77788,218849.3,183112.1,3940.70892,7859.3912,69124.07468,4716.5,2.308171589,2.308171589
2017M06,2.571558475,1.793361689,130.07,107.876,3,7.343816333,7.343816333,7.301883,115.9496419,13.05,5.4,1.06,35446.00189,78598.3,219651.6,183897.9,4638.728605,8344.8725,69371.65935,4797.115367,2.371775196,2.371775196
2017M07,2.521083593,2.698455813,132.04,107.944,3,7.306322258,7.306322258,7.34362,117.958469,13.06,5.37,1.07,36174.35296,79114.9,221697.7,183390.7,6255.914937,8309.7444,69715.75171,4748.222851,2.334732236,2.334732236
2017M08,2.43997097,2.276860083,131.65,108.058,3,7.275192581,7.275192581,7.332673667,117.7134204,13.06,5.35,1.07,35508.2621,77608.3,221450.6,183438.4,4058.244055,8286.0611,69682.22108,4734.037748,2.346947223,2.346947223
2017M09,2.44806695,1.911888414,130.93,108.267,3,7.301883,7.301883,7.34079,116.0251758,13.05,5.35,1.06,35660.96525,78371.7,222036.9,184261.4,3770.992103,8242.9999,69809.52598,4876.514668,2.367576544,2.367576544
2017M10,2.423285484,1.779991647,131.64,108.546,3,7.34362,7.34362,7.343481613,116.0749951,13.08,5.33,1.07,36379.24095,78685.2,223091.7,185179.9,6048.834256,8245.0913,70107.95116,4926.558616,2.303210789,2.303210789
2017M11,2.458826542,2.232862466,132.77,108.601,2.75,7.332673667,7.332673667,7.359597143,117.2433576,13.05,5.32,1.07,36252.92684,79770.8,224064.1,187399.9,4198.703967,8233.8805,71522.34181,5007.650148,2.258257356,2.258257356
2017M12,2.411613941,3.265276385,134.03,108.769,2.75,7.34079,7.34079,7.392914516,118.2946264,13,5.28,1.33,39823.92151,86427.6,232050.2,189043,4251.788318,8181.4688,72345.55296,5312.611467,2.17541942,2.17541942
2018M01,2.314649343,2.39944588,133.5,109.06,2.75,7.343481613,7.343481613,7.402599667,117.1455092,13.07,5.27,1.34,37685.34025,82297.9,228793.9,188475.8,5750.597433,8164.5413,72344.93387,5086.21099,2.0095,2.0095
2018M02,2.334662914,1.816368981,133.23,109.273,2.75,7.359597143,7.359597143,7.440304516,116.1259215,13.05,5.27,1.35,37806.94595,82767.1,230222.9,188561.2,3786.855287,8158.2126,73659.26145,5002.923275,2.00392,2.00392
2018M03,2.342660666,1.798335981,133.54,109.542,2.75,7.392914516,7.392914516,7.485269667,115.610272,13.01,5.25,1.67,38902.60647,84735.5,233475,189878.8,4791.386352,8139.6916,74661.05034,5052.202858,2.00392,2.00392
2018M04,2.393089771,1.527258704,133.6,109.752,2.75,7.402599667,7.402599667,7.484703226,115.0534662,13.02,5.25,1.69,38472.02081,84310.4,234336.6,190087.1,6061.566507,8118.3978,75432.19186,5067.695806,2.059133,2.059133
2018M05,2.415037394,1.671501068,134.23,109.969,2.75,7.440304516,7.440304516,7.500703226,114.5339466,12.98,5.22,1.7,38122.42657,82796.7,235382.6,191391.9,4293.825666,8102.3209,76382.59939,5188.192515,2.20808,2.20808
2018M06,2.569856167,1.220410612,135,110.106,2.75,7.485269667,7.485269667,7.654351333,114.3167109,12.94,5.21,1.91,38470.8,84144.4,235782.4,191899.7,4225.127155,8088.0444,76927.13999,5142.066132,2.368719,2.368719
2018M07,2.689854622,-0.084583492,135.48,110.238,2.75,7.484703226,7.484703226,7.724274516,114.7241675,12.96,5.17,1.91,38793,84570.9,237907,191616.4,6622.724534,8065.4271,77819.05544,5094.284018,2.18573828,2.18573828
2018M08,2.754314423,0.610668486,136.08,110.247,2.75,7.500703226,7.500703226,7.700699,114.9225959,12.92,5.15,1.91,38357.6,84555.8,239696,192403.3,4202.180844,8305.1225,79302.02012,5118.24933,2.27764065,2.27764065
2018M09,2.800207853,1.751842861,136.89,110.475,2.75,7.654351333,7.654351333,7.730000645,113.1545342,12.87,5.13,2.18,38434.9,84425,241662.9,195243.7,3924.752627,8272.8629,80618.35295,4963.068168,2.3,2.3
2018M10,2.724974155,1.612613204,137.35,110.641,2.75,7.724274516,7.724274516,7.729149677,112.3086362,12.85,5.11,2.2,40097,84274.4,241187.8,197208.8,6459.3,8246.5,81549.74929,4975.001414,2.302166,2.302166
2018M11,2.661389112,0.486912462,136.95,110.838,2.75,7.700699,7.700699,7.737828214,112.7017897,12.81,5.09,2.2,40077.1,87051.8,244008.9,199254.2,4448.3,8228.6,82160.70004,5087.41596,2.481740172,2.481740172
2018M12,2.657149315,-0.344234296,137.13,111.006,2.75,7.730000645,7.730000645,7.690478387,112.7823925,12.72,5.05,2.4,44202.35686,93555,253786.9,202220.6,4268.9,8220.5047,82386.91926,5196.412509,2.698559189,2.698559189
2019M01,2.514587164,1.59028175,138.98,111.06,2.75,7.729149677,7.729149677,7.644305667,114.0989523,12.74,5.05,2.4,41996.8,90228.8,250263.3,201438.3,5988.915407,8214.3738,83196.90726,4930.784084,2.5925,2.5925
2019M02,2.450762749,2.007692554,139.17,111.096,2.75,7.737828214,7.737828214,7.667630323,113.6463813,12.77,5.03,2.4,41880.2,90392.6,252368,202211.1,3918.732353,8166.2907,84721.29074,4924.136762,2.4601,2.4601
2019M03,2.541497469,1.629537427,139.11,111.254,2.75,7.690478387,7.690478387,7.704992333,113.655628,12.79,5.02,2.43,42178.3,92759.4,254175.1,203100.8,5091.430497,8129.3885,85395.84083,4953.774516,2.5165,2.5165
2019M04,2.543224335,2.209769677,139.95,111.607,2.75,7.644305667,7.644305667,7.675909355,114.4266362,12.75,5.01,2.45,43144.9,92776.8,255546.5,204310.3,6229.499375,8078.5654,86491.85121,4920.682431,2.4199,2.4199
2019M05,2.533207655,2.003781096,140.32,111.744,2.75,7.667630323,7.667630323,7.67082129,114.1372545,12.74,5.1,2.4,42731.9,93344.3,256132.4,205200.8,4597.005921,9263.1642,87354.50882,4903.787121,2.555420698,2.555420698
2019M06,2.451210737,2.348789263,141.48,111.997,2.75,7.704992333,7.704992333,7.705932333,114.4999997,12.75,5.08,2.4,43264.1,94275.9,258752.6,205807.6,4239.576312,9251.4605,87510.48018,5001.889003,2.78435275,2.78435275
2019M07,2.328622103,2.041026554,141.4,112.15,2.75,7.675909355,7.675909355,7.762956452,114.6771719,12.77,5.03,2.4,44489.7,94521.6,260638,204940.1,7034.346518,9215.035,87816.05726,4960.642936,2.463720799,2.463720799
2019M08,2.281298161,0.731635407,140.18,112.289,2.75,7.67082129,7.67082129,7.704358667,113.768939,12.79,5,2.13,43731.3,95395.4,263001.6,205268.8,4471.05877,9177.0574,87803.33938,5009.907538,2.739001767,2.739001767
2019M09,2.210438967,-0.406070496,139.36,112.367,2.75,7.705932333,7.705932333,7.688606129,112.4999704,12.78,4.99,1.9,44107.2,95228,265056.9,207101.8,4264.329199,9139.3049,87409.72939,5050.44954,2.422422032,2.422422032
2019M10,2.213110447,-0.04347084,140.33,112.54,2.75,7.762956452,7.762956452,7.695609032,112.1942914,12.7,4.96,1.58,46179.2,96199.4,265346.7,208927.7,7130.751772,9125.3343,87128.85885,4820.46082,2.530608527,2.530608527
2019M11,2.214760065,0.70601394,140.95,112.576,2.75,7.704358667,7.704358667,7.648576897,113.6080343,12.67,4.95,1.56,46371.5,99233,268963,210793.9,4636.129651,9113.6745,87123.80126,4721.281053,2.3544,2.3544
2019M12,2.21720624,1.188321362,141.8,112.824,2.75,7.688606129,7.688606129,7.68644871,114.6315645,12.64,4.91,1.55,50987.7,106164.1,278673.9,212828.7,4991.782083,9105.8117,87221.65684,4817.699654,2.3127,2.3127
2020M01,2.321135759,-0.536706345,141.46,113.04,2.75,7.695609032,7.695609032,7.707339667,113.8111265,12.65,4.87,1.59,48844.6,104125.6,277521.9,213041.9,6587.389086,9105.5092,87165.55815,4481.810576,2.26729,2.26729
2020M02,2.276352644,-1.040454103,140.89,113.215,2.75,7.648576897,7.648576897,7.698647097,113.7378113,12.68,4.84,1.58,48241.9,104342,278421.1,214234.7,4261.042982,9040.426,88225.75508,4768.134262,2.431708215,2.431708215
2020M03,2.130972624,-0.362587892,141.57,113.15,2.75,7.68644871,7.68644871,7.697426333,113.9717423,12.64,4.82,0.08,50190.3,105553.6,284043,219460.9,3653.747159,9003.7202,90033.32477,5189.79866,4.15474147,4.15474147
2020M04,2.038176298,-0.158933711,142.58,112.628,2,7.707339667,7.707339667,7.695966129,115.2443678,12.62,4.74,0.05,52021.7,106312.9,286937.6,220966.6,6953.056577,10477.7137,93482.76741,5102.296975,4.418880305,4.418880305
2020M05,2.010500193,-0.207478528,142.85,112.864,2,7.698647097,7.698647097,7.705185806,115.5906794,12.66,4.73,0.05,53735.3,109904.8,292601,221066.7,3477.868175,10462.3,93650.85017,4841.543955,3.834503218,3.834503218
2020M06,1.945836306,0.443193946,144.86,113.265,2,7.697426333,7.697426333,7.757204333,116.5976719,12.65,4.68,0.08,54739.6,113234.9,297303.2,221903.4,3531.959342,10448.6,100852.861,4596.457048,3.381816281,3.381816281
2020M07,1.93349731,0.944861954,145.47,113.61,1.75,7.695966129,7.695966129,7.781356774,116.5214792,12.46,4.6,0.1,55844.9,116359.4,303248.2,219777.5,6154.313988,10423.2,105591.8646,4394.10677,3.268662713,3.268662713
2020M08,1.978356361,2.209116888,146.05,113.971,1.75,7.705185806,7.705185806,7.788877333,116.478792,12.48,4.56,0.09,55442.2,117877.1,307864.5,219224.2,3934.278773,10389.3835,105849.2873,4391.86216,2.826127334,2.826127334
2020M09,2.070386887,2.895169944,146.28,114.131,1.75,7.757204333,7.757204333,7.80121871,115.7188663,12.48,4.51,0.09,57433.9,122245,314320.9,218967.4,4255.612651,10385.105,107911.3953,4241.491378,2.901434951,2.901434951
2020M10,2.084659338,3.259885663,147.83,114.137,1.75,7.781356774,7.781356774,7.79006871,116.5335853,12.33,4.46,0.09,57603.2,123763.4,318372.9,222718,7592.758069,10455.0528,108426.5,4378.369377,2.703734425,2.703734425
2020M11,2.144717216,3.318212901,148.65,114.134,1.75,7.788877333,7.788877333,7.745361786,117.13838,12.32,4.42,0.09,58068.8,123479.8,320974.5,224088,4731.047011,10449.3699,108848.9,4338.282753,2.458331659,2.458331659
2020M12,2.195787191,2.627908155,148.64,114.494,1.75,7.80121871,7.80121871,7.720328387,116.8352245,12.33,4.35,0.09,64201.1,132969.1,330788.4,225715.1,5146.326188,10449.7691,107743.9,4426.055281,2.257345089,2.257345089
2021M01,2.282230854,2.955999034,148.87,114.746,1.75,7.79006871,7.79006871,7.716579333,116.6871353,12.34,4.32,0.07,61390.1,131380.9,331001.6,225839.4,6893.669097,10411.5206,107605.2157,3986.977995,2.224164548,2.224164548
2021M02,2.462929249,3.534657521,149.34,114.899,1.75,7.745361786,7.745361786,7.714919032,117.0902351,12.32,4.29,0.07,61037,130681.4,335299.6,227742.9,4730.914639,10365.8696,107261.9387,3720.855459,2.199227719,2.199227719
2021M03,2.609828234,3.23180488,149.84,115.383,1.75,7.720328387,7.720328387,7.738516,117.0341638,12.32,4.25,0.06,62819.4,131888.4,337736,229124.8,6255.246032,10327.1921,113394.2261,3721.94076,2.153174738,2.153174738
2021M04,2.692867756,2.51122819,150,116.1,1.75,7.716579333,7.716579333,7.745088387,116.2605342,12.28,4.22,0.05,61517.3,132162.6,340066.7,230800.4,7775.01294,10308.7498,115141.5602,3657.515373,1.951992121,1.951992121
2021M05,2.751087666,2.422170997,150.24,116.766,1.75,7.714919032,7.714919032,7.738385161,115.545268,12.25,4.19,0.05,61819,131545.7,342072.6,232867.5,5258.4173,10287.1864,115835.6149,3599.130563,1.972680952,1.972680952
2021M06,2.750974655,1.15624611,150.52,117.327,1.75,7.738516,7.738516,7.731863667,114.3452323,12.24,4.15,0.08,62776.9,133392.6,345364.7,234727.4,5106.021295,10274.3288,119648.6406,3625.491657,1.946884049,1.946884049
2021M07,2.824754238,0.990465395,151.02,117.704,1.75,7.745088387,7.745088387,7.731476129,114.0789679,12.14,4.09,0.07,63985.1,135825.1,349147.9,238089.3,8910.686147,10249.6639,120486.0234,3870.117733,2.156358622,2.156358622
2021M08,2.986059666,0.629140608,151.33,118.073,1.75,7.738385161,7.738385161,7.731369333,114.1762346,12.14,4.07,0.06,63356.6,133258.7,348809.7,239528.4,5316.617167,10205.9556,120433.5509,3808.377202,2.311611485,2.311611485
2021M09,3.070393562,0.600648276,151.65,118.357,1.75,7.731863667,7.731863667,7.725414194,114.204127,12.16,4.04,0.06,64448.6,134646.7,352079.1,240513,5273.262771,10176.1634,118165.205,3841.57009,2.209105162,2.209105162
2021M10,3.271853447,-0.315755226,152.2,118.915,1.75,7.731476129,7.731476129,7.702852903,113.6794901,12.13,4.03,0.07,65064.6,136319.5,353691,244291.2,9148.590371,11150.0232,118947.2336,3886.42438,2.334345608,2.334345608
2021M11,3.583492756,-0.697518992,152.94,119.483,1.75,7.731369333,7.731369333,7.698491429,113.6752925,12.02,4.02,0.07,65610.7,137556.5,355906.8,250295.8,5708.103842,11104.033,118892.7657,4031.355084,2.360787546,2.360787546
2021M12,3.898273468,-0.830458613,153.2,120.092,1.75,7.725414194,7.725414194,7.694115484,113.6073288,11.92,3.99,0.07,71955.1,148342.2,369207.1,254438.8,7642.512473,11097.1532,119005.7,4257.872903,2.517670829,2.517670829
2022M01,4.092842579,-1.224568246,153.14,120.66,1.75,7.702852903,7.702852903,7.662973,112.9450518,11.92,3.95,0.08,69730,146131.3,372873.1,255296,7765.852513,11069.8528,118984.4945,4053.007873,2.461946634,2.461946634
2022M02,4.411252975,-1.431475287,153.79,121.005,1.75,7.698491429,7.698491429,,112.4614618,11.92,3.95,0.08,69952.2,146184.9,373633.5,258068.1,5227.655322,11028.7387,118992.4677,4134.677465,2.61073,2.61073
2022M03,5.094143867,-0.924143867,156.09,121.359,1.75,7.694115484,7.694115484,,112.7034575,11.95,3.91,0.33,71178.9,147591.9,377880.8,261788.8,7634.946361,10989.287,122353.6775,4233.485162,2.761722814,2.761722814
2022M04,5.688337326,-1.068337326,156.93,121.9739092,1.75,7.662973,7.662973,,,11.93,3.9,0.33,71829.2,150170.3,381285,264127,,,,4202.211688,2.50149,2.50149
2022M05,6,,,122.5335797,,,,,,,,0.52625,,,,,,,,,,
2022M06,6,,,122.9815924,,,,,,,,0.7225,,,,,,,,,,
2022M07,,,,123.2356123,,,,,,,,0.91875,,,,,,,,,,
2022M08,,,,123.4803616,,,,,,,,1.115,,,,,,,,,,
2022M09,,,,123.6354352,,,,,,,,1.31125,,,,,,,,,,
2022M10,,,,124.0757188,,,,,,,,1.5075,,,,,,,,,,
2022M11,,,,124.525086,,,,,,,,1.70375,,,,,,,,,,
2022M12,,,,125.015772,,,,,,,,1.9,,,,,,,,,,
2023M01,,,,125.456235,,,,,,,,1.975,,,,,,,,,,
2023M02,,,,125.6636925,,,,,,,,2.05,,,,,,,,,,
2023M03,,,,125.8796228,,,,,,,,2.125,,,,,,,,,,
2023M04,,,,126.36497,,,,,,,,2.2,,,,,,,,,,
2023M05,,,,126.7916216,,,,,,,,2.275,,,,,,,,,,
2023M06,,,,127.1014757,,,,,,,,2.35,,,,,,,,,,
2023M07,,,,127.2099608,,,,,,,,2.425,,,,,,,,,,
2023M08,,,,127.3082528,,,,,,,,2.5,,,,,,,,,,
2023M09,,,,127.3135894,,,,,,,,2.575,,,,,,,,,,
2023M10,,,,127.6118767,,,,,,,,2.65,,,,,,,,,,
2023M11,,,,127.9183946,,,,,,,,2.725,,,,,,,,,,
2023M12,,,,128.2661821,,,,,,,,2.8,,,,,,,,,,
2024M01,,,,128.6867331,,,,,,,,2.8,,,,,,,,,,
2024M02,,,,128.8681167,,,,,,,,2.8,,,,,,,,,,
2024M03,,,,129.0580832,,,,,,,,2.8,,,,,,,,,,
2024M04,,,,129.5240942,,,,,,,,2.8,,,,,,,,,,
2024M05,,,,129.9297142,,,,,,,,2.8,,,,,,,,,,
2024M06,,,,130.2154619,,,,,,,,2.8,,,,,,,,,,
2024M07,,,,130.2948023,,,,,,,,2.8,,,,,,,,,,
2024M08,,,,130.3636509,,,,,,,,2.8,,,,,,,,,,
2024M09,,,,130.3372871,,,,,,,,2.8,,,,,,,,,,
2024M10,,,,130.6107558,,,,,,,,2.8,,,,,,,,,,
2024M11,,,,130.8924973,,,,,,,,2.8,,,,,,,,,,
2024M12,,,,131.2163043,,,,,,,,2.8,,,,,,,,,,
2025M01,,,,,,,,,,,,,,,,,,,,,,
2025M02,,,,,,,,,,,,,,,,,,,,,,
2025M03,,,,,,,,,,,,,,,,,,,,,,
2025M04,,,,,,,,,,,,,,,,,,,,,,
2025M05,,,,,,,,,,,,,,,,,,,,,,
2025M06,,,,,,,,,,,,,,,,,,,,,,
2025M07,,,,,,,,,,,,,,,,,,,,,,
2025M08,,,,,,,,,,,,,,,,,,,,,,
2025M09,,,,,,,,,,,,,,,,,,,,,,
2025M10,,,,,,,,,,,,,,,,,,,,,,
2025M11,,,,,,,,,,,,,,,,,,,,,,
2025M12,,,,,,,,,,,,,,,,,,,,,,
