, cpi,cpi_total,cpi_star,i,s,s_1,itcer,I_a,I_p,I_star,emision_n,m1_n,m2_n,credito_n,ingtrib_n,de_us,di_n,fao,lincred_n,prem
.status,OK,OK,OK,OK,OK,OK,OK,OK,OK,OK,OK,OK,OK,OK,OK,OK,OK,OK,OK,OK
.name,IPC de Guatemala,IPC de Guatemala,CPI for All Urban Consumers (CPI-U),Tasa de Interés Líder de Polítca Monetaria,Tipo de Cambio Nominal,Tipo de Cambio Nominal Rezagado un Trimestre,Índice de Tipo de Cambio Efectivo Real,Tasa de Interés Activa,Tasa de Interés Pasiva,Tasas de Interés LIBOR a un año plazo,Emisión Monetaria,Medio Circulante,Medios de Pago Totales,Crédito Bancario al Sector Privado,Ingresos Tributarios,Deuda Externa en Dólares,Deuda Interna,Índice de Precios de Alimentos,Líneas de Crédito Provenientes del Extranjero,Prima por Riesgo País
.src_hist,INE,INE,U.S. Bureau Of Labor Statistics,Banco de Guatemala,Banco de Guatemala,Banco de Guatemala,Departamento de Análisis Macroeconómico y Pronóstico,Banco de Guatemala,Banco de Guatemala,MoneyCafe,Banco de Guatemala,Banco de Guatemala,Banco de Guatemala,Banco de Guatemala,Ministerio de Finanzas - Banco de Guatemala,Banco de Guatemala,Banco de Guatemala,FAO,Departamento de Análisis Macroeconómico y Pronóstico,Bloomberg
.src_hist_mmdate,2022M04,2022M04,2022M04,2022M04,2022M04,2022M04,2022M04,2022M04,2022M04,2022M04,2022M04,2022M04,2022M04,2022M04,2022M04,2022M04,2022M04,2022M04,2022M04,2022M04
.src_anch,,,,,,,,,,,,,,,,,,,,
.src_anch_mmdate,,,,,,,,,,,,,,,,,,,,
.endhist,2022M04,2022M04,2022M04,2022M04,2022M04,2022M01,2022M03,2022M04,2022M04,2022M04,2022M04,2022M04,2022M04,2022M04,2022M03,2022M03,2022M03,2022M04,2022M04,2022M04
1995M01,34.0493031,34.0493031,150.3,13.17,5.74,5.73,63.07302786,20.1,,7.25,3912.6,7379.9,17301.1,9836,434.5,2147.5,4400.4,72.86454693,,
1995M02,33.93488662,33.93488662,150.9,19.54,5.72,5.74,62.83127445,20.3,,6.75,3981.9,7268.6,17216.4,10090.8,447.3,2142.3,4551,74.43162319,,
1995M03,34.10131059,34.10131059,151.4,9.96,5.69,5.76,63.17597254,20.4,,6.75,4000.8,7431.3,17708.3,10411.7,495.7,2211.5,4686.5,75.13464572,,
1995M04,34.36134803,34.36134803,151.9,28.12,5.73,5.77,63.04109523,20.6,,6.563,3955.2,7289.8,17235.9,10610.7,509.6,2220,4697.6,73.9766316,,
1995M05,34.86582068,34.86582068,152.2,15.23,5.74,5.81,63.78483165,21.3,,6.055,3805,7108.3,17245.3,10836.3,816.5,2210.8,4527,73.99241215,,
1995M06,35.30788434,35.30788434,152.5,19.9,5.76,5.89,64.25779296,21.1,,6.172,3791.4,7228.1,17696.5,11034.7,455.5,2235.4,4377.7,75.08616968,,
1995M07,35.38589557,35.38589557,152.5,13.01,5.77,5.96,64.25886432,21.4,,5.875,3873.3,7293.4,18004.1,11149.9,534.6,2203.3,4631.7,79.52227401,,
1995M08,35.59912627,35.59912627,152.9,7.55,5.81,6,64.01543647,21.4,,5.954,3762.7,7335.2,18232.9,11309.4,537.8,2141.9,4826.9,78.04801809,,
1995M09,35.80195548,35.80195548,153.2,22.74,5.89,5.93,63.38970075,21.4,,5.969,3752.2,7308.1,18638.6,11500.2,410.3,2154.4,4899.7,78.25739342,,
1995M10,36.30122738,36.30122738,153.7,30.69,5.96,6.1,63.34054453,21.7,,5.883,3841.6,7341.6,18467.8,11868.1,593.5,2141.6,4610.2,80.36770796,,
1995M11,36.77969628,36.77969628,153.6,26.39,6,6.17,63.75840406,21.9,,5.672,3952,7316.5,18238.5,12176.9,719.7,2129.4,4520.7,79.82393323,,
1995M12,36.96172249,36.96172249,153.5,24.46,5.93,6.18,64.8043499,22.2,,5.42578,4459,8065.4,19591.3,12479.4,533.7,2107.1,4486.5,77.99957849,,
1996M01,37.37258165,37.37258165,154.4,22.59,6.1,6.14,63.37222363,22.2,10.3,5.125,4139.8,7900.5,19507.2,12671.3,590,2141.4,4254,76.99001666,,
1996M02,37.6118161,37.6118161,154.9,23.23,6.17,6.09,62.8964069,22.6,10.8,5.3125,4171.5,7867.4,19790.8,12783.8,541.8,2137.5,4158.3,77.4600715,,
1996M03,38.01747452,38.01747452,155.7,20.3,6.18,6.13,63.0809729,22.4,11,5.72266,4227,7715.7,20032.9,12957.6,422.4,2122.8,4396.2,78.58428019,,
1996M04,38.46473892,38.46473892,156.3,19.68,6.14,6.1,64.0691674,22.7,11.1,5.8125,4112.6,7671.5,19799.5,13100.6,785.1,2136.1,4701.2,80.77672512,,
1996M05,38.70917412,38.70917412,156.6,23.25,6.09,6.07,64.85754801,22.9,11.1,6,3995.5,7489.6,19845.9,13202.9,763.6,2122.3,4602.3,82.36252957,,
1996M06,38.95881007,38.95881007,156.7,18.18,6.13,6.05,64.78733873,23,11.9,6.125,3989,7470.6,19654.6,13242.5,649.2,2115.5,4839.1,80.46296277,,
1996M07,39.48928646,39.48928646,157,19.9,6.1,6.06,65.90777324,22.9,11.4,6.21875,4054.6,7737.5,19831.7,13398.4,813.3,2094.5,5222.4,80.23872744,,
1996M08,39.87934263,39.87934263,157.3,14.39,6.07,6.01,66.66005261,22.8,11.6,6.09766,3923.9,7612.9,19860.3,13373.4,625.9,2090.5,5651.4,79.85981001,,
1996M09,40.0145621,40.0145621,157.8,16.77,6.05,6,66.95403489,22.7,11.6,5.98828,3871,7434.5,20044.8,13505.5,583.6,2079.1,5652.1,76.8580678,,
1996M10,40.16538382,40.16538382,158.3,8.04,6.06,6.06,66.90701007,22.7,11.4,5.75,4007.8,7688.2,20303.3,13576.7,758.4,2078.4,5580.4,74.12840629,,
1996M11,40.61784897,40.61784897,158.6,19.84,6.01,6.1,68.02040656,22.6,11.2,5.6875,4106.6,7883.1,20116.1,13678.5,774.6,2075.8,5584.1,72.53318516,,
1996M12,40.9714999,40.9714999,158.6,7.61,6,6,68.75584643,22.4,11,5.78906,4819.8,9099,22028.6,14007.2,644.3,2074.9,5093,71.36534496,,
1997M01,41.41356355,41.41356355,159.1,2.09,6.06,6,68.60716288,21.98,10.25,5.9375,4549.4,9051.3,22272.3,14056.8,753.5,2020.2,5398.1,70.86224751,,
1997M02,42.3757021,42.3757021,159.6,2.48,6.1,5.98,69.55535847,21.21,9.86,5.96875,4631.8,9597.7,23256.3,14353.7,621.1,2006.1,5700.8,70.98124018,,
1997M03,42.39130435,42.39130435,160,6.19,6,5.93,70.48457343,20.81,8.92,6.27344,4853.4,9597.3,23190.7,14284.3,672.2,1998.9,5664.6,72.77837411,,
1997M04,42.3653006,42.3653006,160.2,3.24,6,5.96,70.35722815,19.97,7.84,6.3125,4541.7,9475.5,23259,14398,882.9,1997.7,6186.4,73.37943115,,
1997M05,42.43291034,42.43291034,160.1,8.04,5.98,6.08,70.76501822,19.35,7.77,6.25781,4449.7,9129.4,22997.4,14378.7,941.2,2015,6151.2,72.77280207,,
1997M06,42.45371333,42.45371333,160.3,8.34,5.93,6.11,71.34486894,18.96,7.75,6.125,4497.8,9291.1,23416.1,14486.6,789.9,2011.5,5924.6,70.2265727,,
1997M07,42.6409403,42.6409403,160.5,1.67,5.96,6.15,71.19319945,18.59,7.23,5.9375,4519.5,9841.3,24628.1,14763.9,880.4,1953.9,5771.3,68.39942951,,
1997M08,43.0882047,43.0882047,160.8,1.81,6.08,6.22,70.41051817,17.4,6.76,6.03125,4436.7,9854.5,24800,15039.8,530.5,2103,5947.4,69.81111228,,
1997M09,43.34824215,43.34824215,161.2,10.61,6.11,6.19,70.27813336,16.78,6.42,6,4394,10015.3,24912.5,15283.8,599.4,2108.6,6061.7,69.95781002,,
1997M10,43.57187435,43.57187435,161.6,2.41,6.15,6.26,69.97059906,16.52,6.38,5.91797,4555.9,10722.6,25544.3,15648.3,713.3,2113.6,5781.2,69.7502343,,
1997M11,43.72789682,43.72789682,161.5,6.02,6.22,6.22,69.54265555,16.37,6.27,6.01172,4789.5,11151.6,26117.4,16230.6,755.4,2108.8,5459.8,70.30818499,,
1997M12,43.88912003,43.88912003,161.3,18.17,6.19,6.27,70.20350254,16.4,6.35,5.96875,5476.1,11948.2,27564.1,16604.1,1300.2,2135.1,5865.2,68.03854534,,
1998M01,44.42999792,44.42999792,161.6,3.48,6.26,6.29,70.17278412,16.16,6.11,5.65625,5232.6,12266.9,28018.9,16788.9,729.5,2121.4,7087.8,67.37008035,,
1998M02,44.68483462,44.68483462,161.9,27.37,6.22,6.28,70.90991938,16.2,6.31,5.79297,5308.6,11741.1,27443.7,17193.7,753.2,2145.6,6638.2,67.61254669,,
1998M03,44.97607656,44.97607656,162.2,4.36,6.27,6.31,70.60165198,16.37,6.22,5.89063,5306.3,12179.7,28426,17364.1,800.6,2144.7,7089.1,67.40382135,,
1998M04,45.30372374,45.30372374,162.5,4.74,6.29,6.35,70.7731114,16.14,6.05,5.99219,5339.4,12441.6,28770.7,17746.2,1099.3,2195.1,7036.5,66.84762711,,
1998M05,45.53775744,45.53775744,162.8,12.86,6.28,6.4,71.13083524,16.21,6.16,5.875,5262.3,12158.5,28236.3,18215.7,1018,2196.1,6840.5,66.43298207,,
1998M06,45.60536717,45.60536717,163,6,6.31,6.49,70.80472295,16.24,6.16,5.84375,5252.3,12379.4,28757,18343.8,766.5,2218.2,6759.9,64.24296665,,
1998M07,45.74578739,45.74578739,163.2,13.74,6.35,6.57,70.53070721,16.14,6.15,5.82422,5383.3,12017,28519.7,18786.1,1117.9,2210.7,6479.5,64.31240704,,
1998M08,45.80819638,45.80819638,163.4,13.01,6.4,6.57,69.92774951,16.06,6.19,5.53125,5313.5,12469.3,29253.3,19207.2,802,2224.1,6212.4,62.37522519,,
1998M09,45.73018515,45.73018515,163.6,28.59,6.49,6.73,68.80238626,16.53,6.4,5.0625,5189.3,11830.7,28398.2,19844.7,736.4,2259.3,6447,61.93031523,,
1998M10,45.7353859,45.7353859,164,21.48,6.57,6.98,67.80618233,16.93,6.79,4.75125,5363.3,12015.8,28581,20594.1,1053.8,2304.3,6175.7,62.69803181,,
1998M11,46.94716039,46.94716039,164,34.67,6.57,6.88,69.63609588,17.55,7.32,5.12563,5511.7,11944,28638.6,21062.6,1060.4,2309,6340,62.6096588,,
1998M12,47.17079259,47.17079259,163.9,12.79,6.73,6.98,68.32521354,17.91,7.16,5.09844,6307,13565.6,30999.7,21144.4,815.5,2367.9,6259.7,62.08901135,,
1999M01,47.22280008,47.22280008,164.3,16.83,6.98,7.07,65.78142674,17.81,7.87,5.05813,5946.3,12713.6,29693.2,21420.3,1059.5,2350.2,6207.8,60.99173279,,
1999M02,46.99396713,46.99396713,164.5,37.33,6.88,7.27,66.31162653,18.71,8.48,5.39375,6079.7,12707.8,29722.4,21437.6,978.1,2381.1,6162.8,58.41657691,,
1999M03,46.77553568,46.77553568,165,18.81,6.98,7.36,64.90412872,18.9,8.55,5.25,6580.4,13681.5,31052.6,21845.3,925.3,2392.7,5932.3,57.0162774,,
1999M04,46.87955066,46.87955066,166.2,7.16,7.07,7.39,63.69410799,18.86,8.51,5.23,6342.2,13611.9,31271.5,22218.4,1249.4,2405.4,6282,55.8139915,,
1999M05,47.23320158,47.23320158,166.2,9.51,7.27,7.66,62.43286481,19.02,8.57,5.55781,6310.2,13760.3,31485.2,22386.2,1135.1,2419.6,6671.9,55.38719874,,
1999M06,47.52964427,47.52964427,166.2,18.03,7.36,7.78,62.07647342,18.93,8.7,5.84,6295.4,13488.1,31443.3,22572.7,785.8,2444.4,6596.2,54.56035351,,
1999M07,48.13293114,48.13293114,166.7,16.42,7.39,7.81,62.40919353,19.31,8.97,5.89125,6457.6,13672,32129.1,22701.6,1205.7,2499.8,7579.3,52.59034098,,
1999M08,48.56979405,48.56979405,167.1,19.51,7.66,7.77,60.52236298,19.49,9.23,6.06,6365.9,13055.2,31402.2,23153.6,1087,2548.6,7215.9,54.37802952,,
1999M09,48.83503224,48.83503224,167.9,40.68,7.78,7.67,59.69150539,20.33,10.37,6.035,6321.6,13078,31328.2,23198.4,832,2568.8,7524.6,54.58940126,,
1999M10,49.19908467,49.19908467,168.2,30.17,7.81,7.88,59.8541285,20.5,10.75,6.25,6571.1,13160,31038.9,23326.6,1053.7,2589.2,7508.5,53.24073456,,
1999M11,49.36030788,49.36030788,168.3,37.68,7.77,7.79,60.32573314,20.52,10.62,6.28625,6857.7,13688.1,31363.7,23746.6,1326.5,2601.2,7658.7,53.17000456,,
1999M12,49.49032661,49.49032661,168.3,28.36,7.67,7.72,61.2079887,20.62,11.28,6.5,8428.6,15497.2,33456.2,24099.9,974,2631.3,7807.1,51.88035385,,
2000M01,49.71395881,49.71395881,168.8,26.53,7.88,7.71,59.67646062,21.23,11.51,6.75,7614,14925.2,33006.3,24327.7,1262.4,2599.2,7884.6,52.631477,,
2000M02,50.10401498,50.10401498,169.8,22.66,7.79,7.7,60.49464897,21.39,11.65,6.76375,7385.7,14525.5,32632.2,24465.8,856,2584.8,7917.8,52.29087199,,
2000M03,50.64489286,50.64489286,171.2,17.32,7.72,7.73,61.18335155,21.28,11.58,6.94375,7364.9,15623,33479.3,24187.9,968.9,2600.6,7890.9,52.81646659,,
2000M04,51.12856251,51.12856251,171.3,14.32,7.71,7.75,61.80938772,21.44,11.66,7.10125,7352.6,15760.5,34539.6,24129.1,911.8,2571.8,7696,53.35513056,,
2000M05,50.7125026,50.7125026,171.5,12.75,7.7,7.75,61.32904264,21.46,11.61,7.50125,7003.3,15636.9,34678.3,24028,1715.3,2582.3,7446.9,53.63447134,,
2000M06,50.9673393,50.9673393,172.4,12.17,7.73,7.8,61.07918166,20.92,11.45,7.18,7052,16207.1,35678.6,24038,927.7,2594.7,7578.9,53.77070161,,
2000M07,51.08695652,51.08695652,172.8,10.13,7.75,7.82,60.92943714,21.21,11.36,7.08,7205.7,16720.7,36711.7,24241.1,1516.2,2572.1,7902.9,54.0253598,,
2000M08,50.85812357,50.85812357,172.8,9.63,7.75,7.77,60.6752746,20.43,11.15,6.97,6957.9,16929.2,37705.5,24913.2,995.9,2587,8140.8,53.16188334,,
2000M09,50.93093405,50.93093405,173.7,8.95,7.8,7.73,60.04172969,20.53,11.09,6.80125,6975,16899.1,37599.1,25151.9,915.6,2594.2,8185.6,52.58318929,,
2000M10,51.08695652,51.08695652,174,10.3,7.82,7.8,59.98170784,20.47,11.23,6.73,7169.1,16668.5,37018.4,25687.8,1685.3,2571.1,8483.1,53.38077619,,
2000M11,51.4250052,51.4250052,174.1,15.79,7.77,7.74,60.72075794,20.23,11.04,6.555,7324.2,17151.6,37325.4,26076.5,1202.3,2571.3,8514.8,53.81587621,,
2000M12,52.00748908,52.00748908,174,7.81,7.73,7.7,61.76188599,20.05,10.98,6,8214.2,18651.8,39497.4,26439.9,1156.4,2643.7,8629.6,54.44996727,,
2001M01,52.71999168,52.71999168,175.1,5.72,7.8,7.75,61.64045966,19.92,10.82,5.17375,7598.5,18260.3,39442.2,26568.1,1333,2636,10003.8,53.80942057,,
2001M02,53.1048471,53.1048471,175.8,6.24,7.74,7.77,62.36580096,19.88,10.82,4.88375,7618.6,17748.7,38969.4,26591.3,960.1,2637.2,10742.9,54.24899231,,
2001M03,53.39088829,53.39088829,176.2,5.4,7.7,7.8,62.86092774,19.58,10.58,4.6675,7800.3,18579.4,39611.4,26914.1,985.3,2621.6,10594,55.07735261,,
2001M04,53.61972124,53.61972124,176.9,4.42,7.75,7.8,62.48984477,19.42,10.44,4.44125,7803.8,17813,39556.1,26924.8,1645.9,2616.9,10767.7,54.61970619,,
2001M05,53.78094446,53.78094446,177.7,5.05,7.77,7.85,62.22169007,19.23,10.12,4.2425,7730.2,17826.8,40972.7,27193.7,1465.2,2619.7,10612,55.40924219,,
2001M06,54.17620137,54.17620137,178,4.98,7.8,7.95,62.34014926,19.03,9.81,4.18375,7787.6,17627,42338.5,27476.2,939.4,2618.9,10442.7,54.77038995,,
2001M07,54.64946952,54.64946952,177.5,4.83,7.8,8.11,63.05718257,19.21,9.44,3.82,7987.8,18358.3,42831,27487.4,1707.5,2628.5,10956.5,56.49964227,,
2001M08,55.33076763,55.33076763,177.5,4.83,7.85,8.08,63.43013027,18.88,9.06,3.56375,7862.7,17607.8,43209.1,27633.2,1168.1,2634.3,10798.3,56.57957023,,
2001M09,55.50759309,55.50759309,178.3,4.63,7.95,7.96,62.52174617,18.65,8.97,2.6425,7893.8,18652.3,44080.8,28085.1,1231.8,2655.9,10749.2,55.37937452,,
2001M10,55.92365301,55.92365301,177.7,4.47,8.11,8.02,62.01183388,18.34,8.84,2.27188,8248.3,18508.5,44249.7,28981.5,2098.1,2588.6,10729.6,54.16768499,,
2001M11,56.31370917,56.31370917,177.4,4.93,8.08,7.94,62.72748445,18.11,8.58,2.38625,8500.1,18939.1,45054.6,29373.7,1324.5,2907.9,10520,54.7364872,,
2001M12,56.64135636,56.64135636,176.7,4.52,7.96,7.91,64.329756,17.9,8.46,2.4425,9475.9,20112.6,47228.2,30281.9,1068.9,2925,9281.5,54.27387935,,
2002M01,57.38506345,57.38506345,177.1,4.53,8.02,7.82,64.56132062,17.71,8.4,2.49125,8783.1,19571.4,47049.6,30120.3,1834,2924.6,8580.9,53.45475161,,
2002M02,57.88953609,57.88953609,177.8,4.23,7.94,7.87,65.50519557,17.5,8.19,2.43,8813.8,19924.9,47399.9,30450.5,1080.9,2920.3,7923,51.66905678,,
2002M03,58.26399001,58.26399001,178.8,5.25,7.91,7.9,65.78904186,17.22,8.01,3.0025,9340.7,20545.7,48213,30540.3,1087.3,2924.7,8102.6,52.02013388,,
2002M04,58.5812357,58.5812357,179.8,4.56,7.82,7.86,66.50956781,17.21,7.86,2.63375,8928.6,20092.7,48095.8,30541.1,2072.4,2928.7,8129.6,51.0399798,,
2002M05,58.78926565,58.78926565,179.8,4.31,7.87,7.77,66.38545225,17.11,7.75,2.59125,8715.3,19846.1,47637.1,30671.4,1793.4,2928.2,8296.9,50.46784065,,
2002M06,59.12731433,59.12731433,179.9,4.39,7.9,7.78,66.45154239,16.88,7.63,2.28625,8739.5,20248.1,48227.8,31357.9,1191.9,2939.7,8300.3,51.32610807,,
2002M07,59.62138548,59.62138548,180.1,4.11,7.86,7.73,67.31142998,16.75,7.48,2.09,9145.5,20426.2,49036.9,31375.3,2150.6,2949.1,8159.4,51.99504081,,
2002M08,59.60578323,59.60578323,180.7,4.91,7.77,7.61,67.79352692,16.55,7.31,1.89625,8752.6,19977.5,48812.4,31501.9,1339.8,2944.5,8150.2,53.41666272,,
2002M09,59.44976077,59.44976077,181,4.45,7.78,7.65,67.41751372,16.49,7.2,1.725,8699.4,19819.5,48757.2,31450.3,1279.7,3067.9,8240.4,54.91696689,,
2002M10,59.61618473,59.61618473,181.3,4.47,7.73,7.8,67.96739485,16.41,7.13,1.63625,8917.1,19916.6,49028.5,31653.1,2441.3,3047.7,8083.4,55.23527218,,
2002M11,59.88662367,59.88662367,181.3,5.4,7.61,7.83,69.3064825,16.34,7.08,1.7275,8928.2,20379.5,49299.2,31945.4,1538.8,3047.7,8120,56.28664896,,
2002M12,60.22467235,60.22467235,180.9,2.22,7.65,7.91,69.49713694,16.2,6.91,1.44938,9999.6,21624.5,51474,32531.2,1484.6,3119.1,8168.5,55.63909235,,
2003M01,60.9423757,60.9423757,181.7,1.03,7.8,7.91,68.69690252,16.01,6.31,1.45,9410.4,22211.5,52007.5,32436.2,2128.1,3147.8,8527.3,55.95024997,686.4755035,
2003M02,61.36363636,61.36363636,183.1,4.13,7.83,7.9,68.39260262,15.84,6.12,1.38125,9424.3,21887.5,51738.6,32379.6,1111.5,3137.5,8505.6,56.53421102,679.8298264,
2003M03,61.62887456,61.62887456,184.2,1.41,7.91,7.92,67.59683836,15.61,5.84,1.28,9478.2,21939,52029.5,32806.8,1291.4,3135.2,8627.7,55.52303365,681.1940881,
2003M04,61.90451425,61.90451425,183.8,0.87,7.91,7.92,68.02944664,15.49,5.58,1.3575,9661,22044.6,52423.2,33038,2089,3138.8,9301.6,55.56384319,661.9367378,
2003M05,62.06053672,62.06053672,183.5,0.82,7.9,7.92,68.35260134,15.12,5.32,1.21125,9498.7,21757.1,53009.8,33504.2,1741.1,3150.9,9236.7,56.29411102,662.0362976,
2003M06,62.22696068,62.22696068,183.7,1.1,7.92,7.98,68.31691065,15.1,5.22,1.19,9768.4,22259,53924.6,33498.6,1311.4,3140.7,10875.1,56.04857048,626.3858351,
2003M07,62.39338465,62.39338465,183.9,1.48,7.92,8.1,68.43642767,14.72,4.99,1.26625,10146.3,23014.2,54722.3,33504.7,2298.3,3145.2,10962.1,56.72432324,627.8643403,
2003M08,62.56500936,62.56500936,184.6,1.4,7.92,8.08,68.3395496,14.64,4.86,1.43,10117.7,23237.4,54979.5,33841.3,1425,3456.8,10915.9,57.57707053,693.1359199,
2003M09,62.82504681,62.82504681,185.2,1.45,7.98,8.03,67.85991336,14.47,4.75,1.3,10047.9,23230.3,55276.2,34228.9,1369.4,3460.8,11344.8,58.73217748,687.9899003,
2003M10,63.09548575,63.09548575,185,1.71,8.1,8.11,67.28645238,14.39,4.65,1.48,10682.1,24185.3,56261.6,34753.5,2465.2,3445.1,11254.5,60.33037192,705.2834387,
2003M11,63.38152694,63.38152694,184.5,1.96,8.08,8.1,67.92318919,14.24,4.6,1.5625,10771.2,24091.5,56674.7,35128.3,1507.3,3443.1,11211.6,61.79105312,708.5465207,
2003M12,63.75078011,63.75078011,184.3,1.83,8.03,8.1,68.81895325,14.11,4.52,1.45688,11924.4,26051.1,58281.6,35444.2,1543,3467.2,11036.7,62.44352103,728.0018777,
2004M01,64.72852091,64.72852091,185.2,1.83,8.11,8.05,68.81474021,14,4.48,1.47625,11122.6,25520.8,58466,34459.4,2093.9,3455.9,11192.3,64.2781458,705.3268921,
2004M02,65.20698981,65.20698981,186.2,1.94,8.1,7.98,69.03168511,13.93,4.43,1.3675,11112.7,25008.6,58242.1,34579.7,1254,3438.4,11359.8,65.03403226,668.9841678,
2004M03,65.67505721,65.67505721,187.4,1.86,8.1,7.94,69.1236622,13.89,4.39,1.35125,11170.9,24777.3,58621.2,34778.9,1407.4,3524.8,11679,66.66120222,642.6984033,
2004M04,66.02350739,66.02350739,188,1.92,8.05,7.9,69.71251009,13.97,4.41,1.83,11175.5,24761.1,57864.9,35105.2,1830.9,3491.3,11412.2,67.25068902,654.0039277,
2004M05,66.56958602,66.56958602,189.1,2.1,7.98,7.91,70.42809621,13.93,4.46,2.0575,11075.6,24354.2,58243.9,35509.3,1852.1,3493.2,11511.6,66.35527306,646.3554721,
2004M06,66.83482421,66.83482421,189.7,2.26,7.94,7.9,70.89555677,13.89,4.44,2.4625,11062,24388.5,59290.3,35644.9,1437.2,3487.1,11289.1,66.08270148,647.3865197,
2004M07,67.15727065,67.15727065,189.4,2.72,7.9,7.83,71.73596658,13.79,4.42,2.43375,11322,24533.4,59973.1,36107,1721.8,3478.7,12066.2,65.56188848,649.4485531,
2004M08,67.35489911,67.35489911,189.5,2.41,7.91,7.77,71.77142298,13.83,4.47,2.3,11077.1,25019.6,60409.5,36127.6,1434.8,3500.3,13118.8,64.48114476,684.089768,
2004M09,67.88017475,67.88017475,189.9,2.08,7.9,7.78,72.28092944,13.76,4.47,2.4825,11045.1,24516.5,60772.2,37033.7,2167.3,3484.4,13115.6,65.22852641,676.8091145,
2004M10,68.54587061,68.54587061,190.9,2.07,7.83,7.76,73.24814994,13.75,4.52,2.54625,11313.80323,25241.9,61063.2,37552,2452.4,3808.6,12990.9,64.72532032,792.2645523,
2004M11,69.22716871,69.22716871,191,2.43,7.77,7.72,74.520028,13.56,4.54,2.98,11403.9,25823.5,61924,38566.8,1814.5,3814.2,12946.8,65.37593349,786.803264,
2004M12,69.63282713,69.63282713,190.3,2.68,7.78,7.62,75.17013876,13.5,4.54,3.1,12626.4,27859.7,64667.5,39772.3,2507.7,3843.9,12840.8,65.60810649,823.1860322,
2005M01,70.57936343,70.57936343,190.7,2.55,7.76,7.61,76.15317373,13.52,4.56,3.26125,11999,27364.1,64542.7,40013.6,1625.6,3824.6,12785.4,65.38812876,822.0755071,
2005M02,71.09943832,71.09943832,191.8,2.61,7.72,7.59,76.73009066,13.52,4.58,3.53,12049.7,27092.5,64686.7,40428.4,1418.2,3815.2,13345,65.87759866,850.9321514,
2005M03,71.43228625,71.43228625,193.3,2.75,7.62,7.61,77.51019037,13.49,4.53,3.845,12425,28107,65920.1,40746.5,1650.8,3788.6,14482.3,67.14125464,841.1707973,
2005M04,71.8847514,71.8847514,194.6,2.75,7.61,7.59,77.56915691,13.07,4.57,3.68625,12151.2,28111.3,66720.9,41165.4,2451,3778.2,15538.9,65.60015461,866.7841062,
2005M05,72.24360308,72.24360308,194.4,2.829545455,7.59,7.59,78.17775067,13.04,4.59,3.78,12150.1,28127.7,66869.4,41551.9,2148.8,3776.4,15927.8,66.30097886,826.1054478,
2005M06,72.71687123,72.71687123,194.5,3,7.61,7.62,78.43327554,13.02,4.62,3.88,12278.4,28516.4,67426.2,42504.8,1749.7,3765.9,16038.4,67.16445562,884.7378604,
2005M07,73.40337009,73.40337009,195.4,3.05952381,7.59,7.68,79.06695358,12.9,4.58,4.1625,12618.3,29324.1,68785.5,43243.3,2519.3,3759.2,15964.1,67.42553521,877.9382522,
2005M08,73.66860828,73.66860828,196.4,3.336956522,7.59,7.61,78.96632749,12.88,4.58,4.24,12347.3,28864.7,69136,43671,1694.1,3758.4,16821.2,67.465523,820.1244828,
2005M09,74.29269815,74.29269815,198.8,3.613636364,7.62,7.61,78.30633562,12.78,4.6,4.44,12495.9,28869.2,69875.3,44306.5,1597.1,3750.9,16778.7,68.41242409,864.3843647,
2005M10,75.59808612,75.59808612,199.2,3.75,7.68,7.62,78.94106504,12.72,4.58,4.72,12751.1,29975.9,70649.7,45294.2,2483.7,3733.5,16737.4,69.38917408,866.35616,
2005M11,75.62929062,75.62929062,197.6,3.840909091,7.61,7.61,80.31388337,12.78,4.64,4.79,13001.8,30682.2,72180.5,46948.7,1937.4,3718.2,16683.3,68.84049538,989.6654821,
2005M12,75.59808612,75.59808612,196.8,4.113636364,7.61,7.62,80.60262807,12.67,4.62,4.83875,14261.9,32816.2,74182.5,48277.3,2034.4,3723.2,16425.7,69.51982197,1031.008487,
2006M01,76.28458498,76.28458498,198.3,4.25,7.62,7.59,80.61659193,12.72,4.62,4.94,13639.14697,32449.5,74585.5,48918.2,2455.9,4033.6,16251.1,69.41630633,1011.979427,
2006M02,76.26378198,76.26378198,198.7,4.25,7.61,7.58,80.57783175,12.74,4.65,5.15,13784.70915,32728.3,75455.8,50002.8,1608.1,4024.9,16323.5,70.42614704,1047.084444,2.544714286
2006M03,76.63303516,76.63303516,199.8,4.25,7.62,7.61,80.42147417,12.76,4.65,5.2875,14001.12585,32986.7,76291.5,51007,2406,4065.7,16961.4,69.39894612,1069.619778,2.264304348
2006M04,77.26232577,77.26232577,201.5,4.275,7.59,7.58,80.66185847,12.74,4.69,5.33063,14125.67255,33089.4,76523.6,51899.1,2562.5,4063.6,17212.7,69.70869181,1103.680245,2.032789474
2006M05,77.74599542,77.74599542,202.5,4.5,7.58,7.58,80.8641871,12.72,4.7,5.42625,14050.41808,33311.6,78040.9,52912.8,1956,4076.8,17833.7,70.99588269,1079.297589,2.107590909
2006M06,78.20886208,78.20886208,202.9,4.579545455,7.61,7.61,80.89916387,12.72,4.7,5.69313,14312.35275,33909.4,79897.8,54063.6,1774.1,4063.2,17520.4,71.097227,948.2021337,2.203954545
2006M07,78.56771375,78.56771375,203.5,4.785714286,7.58,7.61,81.33245414,12.69,4.69,5.53938,14439.59094,34384,81160,54971.3,2972,4063.4,17844.7,72.88658373,975.2665264,2.22795
2006M08,78.82255045,78.82255045,203.9,5,7.58,7.61,81.4410032,12.69,4.7,5.41,14309.26059,34216.2,81943.4,56037.4,2036.9,3931.5,19315.4,72.86264223,942.1580258,2.305173913
2006M09,78.52610776,78.52610776,202.9,5,7.61,7.6,81.26907618,12.7,4.72,5.2975,14247.93767,34616.9,82382.8,57277.2,1996.8,3903.8,19125.5,73.00980691,953.6331777,2.4024
2006M10,78.51050551,78.51050551,201.8,5,7.61,7.68,81.61900571,12.91,4.81,5.34125,15302.36743,34657.3,82985.9,58630.9,3038.2,3899.1,19530.8,74.91854081,1214.063107,2.374761905
2006M11,78.95776992,78.95776992,201.5,5,7.61,7.7,82.25588551,12.88,4.84,5.24,15382.58389,36113.1,84236.4,60158.2,2244.5,3908.7,20188.9,77.47023194,1253.637682,2.3604
2006M12,79.9771167,79.9771167,201.8,5,7.6,7.69,83.23540796,12.88,4.84,5.32938,15771.98188,38868.9,87922.3,61490.7,2187.1,3958.3,20188.6,78.56684047,1312.47189,2.20355
2007M01,81.03286873,81.03286873,202.416,5,7.68,7.66,83.25604627,12.96,4.85,5.43,16410.38063,39067.2,86136.1,62153.4,2829.5,3952.5,20054.9,78.11581408,1331.983892,1.919380952
2007M02,81.31370917,81.31370917,203.499,5,7.7,7.64,82.92443051,12.98,4.92,5.23813,17842.73866,39721.8,86936.2,63369.9,1941.8,3954.5,20188.2,79.62016436,1376.820038,1.955684211
2007M03,82.01581028,82.01581028,205.352,5.022727273,7.69,7.68,82.94388769,12.89,4.92,5.22,17795.52372,40087.4,87984.9,64602.2,3018.7,4141,20330.4,80.77702211,1415.188434,2.017045455
2007M04,82.20823799,82.20823799,206.686,5.285714286,7.66,7.68,82.92145858,12.81,4.91,5.295,17416.48974,39594.7,86986.9,65498.9,2894,4162.6,20960.3,83.5509143,1398.176162,1.8029
2007M05,81.99500728,81.99500728,207.949,5.5,7.64,7.66,82.39558946,12.76,4.91,5.39,17454.18106,39864.7,87975.2,66483.4,2194.5,4152.8,21672,86.16642717,1374.457633,1.743136364
2007M06,82.36426045,82.36426045,208.352,5.5,7.68,7.7,82.21996615,12.77,4.92,5.42563,17639.17963,39956.7,89145.3,68281.6,2184.9,4352.5,22145.4,91.11611705,1385.802796,1.545571429
2007M07,82.95714583,82.95714583,208.299,5.5,7.68,7.72,82.84151337,12.77,4.9,5.245,17745.11197,40577.5,90535.7,69701.7,3390.8,4360.6,22469.1,95.32235025,1373.543176,1.708809524
2007M08,83.71645517,83.71645517,207.917,5.5,7.66,7.64,83.92210368,12.63,4.91,5.275,17501.86255,40780.5,91675.6,70791,2381.2,4206,23325.9,98.91528164,1426.333418,2.056772727
2007M09,84.2833368,84.2833368,208.49,5.525,7.7,7.63,83.84786986,12.8,4.92,4.90125,17638.26853,41423.1,92625.6,72645.8,2126,4206.9,23710.6,105.0295442,1450.751217,2.137578947
2007M10,84.56937799,84.56937799,208.936,5.75,7.72,7.7,83.74578568,12.84,4.91,4.6375,18044.90037,40948.8,92766.6,74512.6,3565.5,4237.8,24245.5,107.5851254,1567.896499,2.066272727
2007M11,86.16600791,86.16600791,210.177,6.011363636,7.64,7.72,85.69970267,12.89,4.94,4.4575,18047.90925,41324.2,93332.1,76564.2,2452.4,4234.8,24206.8,110.4533259,1650.731886,2.23365
2007M12,86.97212399,86.97212399,210.036,6.285714286,7.63,7.64,86.73103629,12.89,4.91,4.22375,20010.77752,44362.9,96867.2,78283.7,2564.1,4226,24191,114.3905008,1723.440282,2.1674
2008M01,87.83024756,87.83024756,211.08,6.5,7.7,7.54,86.25761757,12.74,4.94,2.84938,18666.44264,43068.8,96006.7,78963.9,3048.4,4213.1,23975.4,120.0158302,1752.979675,2.328761905
2008M02,88.43873518,88.43873518,211.693,6.5,7.72,7.43,86.39592871,12.78,4.94,2.70875,18472.62592,42665.2,96016.4,79623.9,2336.3,4192.8,24316.8,128.0284044,1769.715236,2.17155
2008M03,89.47888496,89.47888496,213.528,6.535714286,7.64,7.49,87.61842566,13.09,4.97,2.48625,18640.95218,42644,96382.3,80000,3137.3,4194.3,24723.4,132.069471,1670.880361,2.29385
2008M04,90.73226545,90.73226545,214.823,6.75,7.54,7.44,89.45552702,13.23,4.99,3.07875,18192.6466,40881.4,94738.8,80633.8,3489.3,4169.9,24842.3,130.3754038,1702.487886,2.201545455
2008M05,92.03245267,92.03245267,216.632,6.75,7.43,7.41,91.26308904,13.33,5.05,3.16375,17579.50651,40658.2,95762.9,81199.1,2362.8,4181.1,24988.4,130.0351823,1740.935025,2.038904762
2008M06,93.53026836,93.53026836,218.815,6.75,7.49,7.46,91.09041955,13.4,5.13,3.31063,17478.7793,40820.4,95710.9,81825.8,2241.7,4373.8,25098,132.5286165,1761.842299,1.966809524
2008M07,94.70043686,94.70043686,219.964,6.880434783,7.44,7.53,92.39387382,13.48,5.22,3.2525,17770.76775,40551.8,96346.6,82444.6,3816.3,4355.5,24988.8,130.1051155,1750.507469,2.337227273
2008M08,95.17370501,95.17370501,219.086,7.25,7.41,7.64,93.65719715,13.57,5.28,3.20688,17350.4442,40255.4,96532.9,82974.1,2251.5,4323.5,24920.3,121.1034444,1719.313148,2.3523
2008M09,95.02808404,95.02808404,218.783,7.25,7.46,7.71,92.96369877,13.67,5.34,3.9625,17344.41635,40514.7,97373.6,83836.6,2282.4,4308.8,25107.6,112.7615281,1759.59836,2.536666667
2008M10,95.50135219,95.50135219,216.573,7.25,7.53,7.86,93.5667418,13.76,5.42,3.17375,17587.82597,40741.9,97673.3,84581.3,3706.7,4357.6,25392.8,97.58430379,1669.281429,2.767681818
2008M11,95.51175369,95.51175369,212.425,7.25,7.64,7.95,94.05556146,13.79,5.45,2.76625,17413.47718,42446.5,100210.4,85631.5,2301.2,4367.9,25610,89.54742717,1609.984167,2.842944444
2008M12,95.14770127,95.14770127,210.228,7.25,7.71,8.08,93.8097272,13.84,5.47,2.00375,19665.93416,45880.7,104192.6,87209.4,2384.2,4382.4,26209.9,85.97297772,1507.120231,5.667428571
2009M01,94.75244435,94.75244435,211.143,7.227272727,7.86,8.09,91.16874978,13.91,5.5,1.975,18124.7,45050.5,103994.8,87340.8,3071.4,4356,26646.3,86.42134842,1471.091531,5.41215
2009M02,94.18556272,94.18556272,212.193,6.95,7.95,8.1,89.21245632,13.95,5.55,2.11938,17952.4,44462.8,104516,87309.4,2047.4,4330.4,27169.7,84.15598266,1401.338748,4.748578947
2009M03,93.95152902,93.95152902,212.709,6.454545455,8.08,8.13,87.3403297,13.83,5.6,1.97188,18084.7,43957.9,105644.6,87431,2777.9,4649.5,27362.5,84.0151391,1386.653279,4.686454545
2009M04,94.02,94.02,213.24,6.113636364,8.09,8.18,87.03455119,13.85,5.64,1.87688,18357.9,43782.8,104751.6,87208.6,3099.7,4658.2,27372.3,87.21102317,1440.650829,4.523761905
2009M05,94.14395673,94.14395673,213.856,5.75,8.1,8.26,86.80041388,13.85,5.69,1.6,18436.7,44405.6,105757.5,87042.8,2086.3,4669.6,27463,93.34141033,1384.928282,3.8392
2009M06,94.10755149,94.10755149,215.693,5.545454545,8.13,8.32,85.71486764,13.82,5.73,1.60625,17891,44419.6,106903.9,87103.8,2237.7,4784.4,27769.9,93.32691658,1364.934529,3.158181818
2009M07,94.41439567,94.41439567,215.351,5.206521739,8.18,8.35,85.63751504,13.89,5.68,1.4975,18454,44639,108259.4,87058.7,3548.2,4760.1,27780.2,90.70598864,1245.216916,3.090681818
2009M08,94.47680466,94.47680466,215.834,4.75,8.26,8.3,84.62949079,13.95,5.66,1.33,18052.1,43630,109096.2,87270,2155.8,4747.1,27737.5,93.45880759,1202.112184,2.835666667
2009M09,95.05928854,95.05928854,215.969,4.636363636,8.32,8.33,84.5420619,13.98,5.66,1.26375,18342.8,43451,108022.9,87484.2,2191.1,4764.5,30387.7,93.04492571,1184.885933,2.864333333
2009M10,94.87726233,94.87726233,216.177,4.5,8.35,8.37,83.99431067,13.93,5.66,1.19938,18614,43773.5,109658.3,87730,3675.4,4752.1,30659.5,94.78633447,1183.564664,2.752952381
2009M11,94.92926981,94.92926981,216.33,4.5,8.3,8.15,84.40068349,13.68,5.65,1.0175,18681.8,45176.9,110071.8,88041.5,2289.4,4804,30629.1,98.80824099,1180.209644,2.606736842
2009M12,94.88246307,94.88246307,215.949,4.5,8.33,8.02,84.29070883,13.57,5.61,0.98438,21232.6,48490.4,114613.5,88189.3,2631.4,4927.6,30598.2,100.6597468,1164.992727,2.351681818
2010M01,96.11,96.11,216.687,4.5,8.37,8.01,84.66041288,13.52,5.62,0.84625,20081,48800.5,115761.6,88418.4,3240.8,5257.866,30437.8,101.4955256,1106.153416,2.215315789
2010M02,96.53,96.53,216.741,4.5,8.15,8,87.28078702,13.5,5.62,0.83938,19833.73286,47174.6,115525.5,87608.1,2250.2,5240.2124,30401.8,98.97938668,1134.886358,2.144894737
2010M03,97.64,97.64,217.631,4.5,8.02,8.01,89.3295426,13.48,5.62,0.92,20700.9,48039.5,116172.7,87411.1,2982.2,5228.2891,30370.8,96.30892033,1115.022201,2.000913043
2010M04,97.55,97.55,218.009,4.5,8.01,8.01,89.27225124,13.42,5.58,1.01563,19793.5,47357.7,116671.5,87868.6,3458.7,5287.9229,29880.3,96.84372055,1096.66822,1.864571429
2010M05,97.45,97.45,218.178,4.5,8,8.02,89.17870043,13.36,5.53,1.20406,19515.2,46492.2,116837.7,88314.1,2362.9,5275.024,29695.1,96.28737386,1150.497621,2.1942
2010M06,97.94,97.94,217.965,4.5,8.01,8.08,89.59544796,13.36,5.5,1.17313,20024.2,46790.7,118185.8,88655.7,2415.5,5419.7755,32410,95.75005588,1123.549715,2.317909091
2010M07,98.3,98.3,218.011,4.5,8.01,8.06,89.96974457,13.29,5.44,1.03669,20111.8,47559.2,119334.1,88506.4,3739.3,5423.6414,33832,99.96017481,1057.65711,2.37647619
2010M08,98.35,98.35,218.312,4.5,8.02,8,89.76537777,13.27,5.42,0.84306,19690.7,46679.6,119277.5,88437.7,2577.6,5405.8373,34298.2,107.6661071,1030.569054,2.585318182
2010M09,98.63,98.63,218.439,4.5,8.08,7.98,89.3027548,13.27,5.42,0.77775,19730.7,46927.1,119856.6,89416.4,2433.3,5412.3614,35098.2,114.1321396,1122.506051,2.434142857
2010M10,99.15,99.15,218.711,4.5,8.06,7.96,89.86000522,13.21,5.41,0.76219,20338.4,47915.6,121550.7,90185.5,3670.2,5438.0607,35098.2,120.0721393,1092.369837,1.93085
2010M11,99.92,99.92,218.803,4.5,8,7.82,91.11271131,13.21,5.4,0.78656,21201.9,49611.4,123019.1,92214.5,2665.4,5445.3982,35098.2,124.1206228,1082.658957,1.66395
2010M12,100,100,219.179,4.5,7.98,7.71,91.36557551,13.25,5.34,0.78094,23390.3,53076.4,127546.4,93249.8,2975.9,5562,36769.2,129.3098709,1301.141313,1.777409091
2011M01,100.8217183,100.8217183,220.223,4.5,7.96,7.63,91.97113786,13.28,5.35,0.78125,22652.9,51661.5,128290.2,93589.7,3471.195282,5548.8,36949.8,133.6873154,1321.795602,1.6787
2011M02,101.5810277,101.5810277,221.309,4.5,7.82,7.65,93.89760433,13.37,5.33,0.79025,22198.8,51016.4,128692.1,94020.6,2519.517984,5539.7,38896,137.6224,1394.129604,1.5151
2011M03,102.5171625,102.5171625,223.467,4.5,7.71,7.79,95.10691107,13.37,5.3,0.7825,22499.4,52041.1,130733.4,94475.1,4213.909057,5522.5,39749.8,134.2794232,1385.861224,1.65926087
2011M04,103.17,103.17,224.906,4.75,7.63,7.76,96.17837238,13.44,5.27,0.761,22840.9,52848.7,131721.5,95123.8,3887.351004,5518.8,40139.5,136.4202439,1395.388665,1.82085
2011M05,103.68,103.68,225.964,4.75,7.65,7.83,95.66715545,13.37,5.28,0.7295,21798.7,51804,130514.3,96017.5,2837.975696,5537.6,40307.2,135.1633393,1641.475866,2.023238095
2011M06,104.23,104.23,225.722,4.75,7.79,7.85,94.6861409,13.39,5.26,0.7335,22601.2,52562.1,132861.1,97458.9,2998.178981,5530.9,41692.1,134.955868,1790.603367,2.095636364
2011M07,105.22,105.22,225.922,4.75,7.76,7.85,95.87737896,13.37,5.24,0.76025,22467.8,53152,134777.6,98148.1,4185.038516,5522.8,42169.3,133.1989661,1775.670671,2.1333
2011M08,105.85,105.85,226.545,5,7.83,7.81,95.34111076,13.45,5.25,0.8,21933.4,51980.6,134501.7,98682.9,3001.625357,5498.4,43102.4,132.9764676,1798.204515,2.934173913
2011M09,105.78,105.78,226.889,5,7.85,7.8,94.82829674,13.51,5.24,0.86489,21776,51610.3,133626.6,100813.6,2905.465261,5475.1,44194.1,130.4093699,2053.018059,3.429761905
2011M10,105.74,105.74,226.421,5.5,7.85,7.81,95.09096614,13.53,5.24,0.93561,21766.4,51992.8,134402.7,102157.6,4289.611416,5737,45584.9,125.7190211,2199.457085,3.46355
2011M11,105.97,105.97,226.23,5.5,7.81,7.78,95.74160972,13.55,5.25,1.071,22603.5,53944.5,136766.2,104751.3,2915.98142,5402.6,46302.3,126.119292,2065.328278,3.5487
2011M12,106.2,106.2,225.672,5.5,7.8,7.73,96.37478126,13.51,5.19,1.128,24532.5,57340.5,141226.1,106391.8,3066.303967,5604.9,45074.6,122.0612877,2115.357779,3.520095238
2012M01,106.3,106.3,226.665,5.5,7.81,7.74,95.93792203,13.56,5.2,1.0957,23189.2,56070,140782.3,105900.8,3867.798951,5587.9,44936.41777,122.401387,2098.444833,3.39805
2012M02,106.83,106.83,227.663,5.5,7.78,7.78,96.30423732,13.49,5.2,1.0598,23240.8,55997.6,141828,107310.6,2863.473801,5551.6,45814.77594,125.3829266,2080.485807,3.3374
2012M03,107.18,107.18,229.392,5.5,7.73,7.85,96.62321113,13.39,5.21,1.0485,23365.7,55929.4,142932.8,108706.6,4095.160112,5528,46128.76101,125.7632492,1947.388504,3.038818182
2012M04,107.58,107.58,230.085,5.5,7.74,7.82,96.38328672,13.41,5.23,1.0472,23173,54488.8,141191.2,109629.5,3999.806189,5516.2,47461.2,124.3810221,2058.449303,3.15185
2012M05,107.72,107.72,229.815,5.5,7.78,7.88,96.18846236,13.43,5.25,1.069,22845.7,53551.3,140826.4,110979.1,3046.674446,5516.4,47489.9,119.0406551,2159.161998,3.448384764
2012M06,107.85,107.85,229.478,5.5,7.85,7.98,95.65623723,13.46,5.32,1.068,23045,54551.5,141329.2,112137,3253.917515,6238.4,47160.41636,115.8700589,2217.523521,3.828985086
2012M07,108.23,108.23,229.104,5,7.82,7.88,96.45160864,13.51,5.34,1.054,22945.6,54148.3,142698.1,113562.3,4490.650939,6213.245,47445.8064,122.1287742,2221.320181,3.674487414
2012M08,108.72,108.72,230.379,5,7.88,7.87,95.61504917,13.49,5.34,1.032,22397.9,54557.9,144589.3,115966.8,3102.004124,6252,47588.4584,123.3538562,2264.186372,3.20084537
2012M09,109.25,109.25,231.407,5,7.98,7.89,94.59780528,13.52,5.38,0.973,22583.6,53820.3,145485.7,117885.3,2903.648949,6247.1,47214.4584,125.2230452,2289.813068,2.940780995
2012M10,109.28,109.28,231.317,5,7.88,7.89,95.86061976,13.59,5.4,0.876,23212.1,54226.1,145252.6,118991.2,4615.472556,6297.7,47214.1681,124.0415128,2462.528973,2.807405418
2012M11,109.27,109.27,230.221,5,7.87,7.83,96.31906952,13.55,5.41,0.86,23185.9,56699.5,148416.9,121097.7,3120.753673,6281.1343,47183.8581,123.6386605,2628.645157,2.826382075
2012M12,109.86,109.86,229.601,5,7.89,7.81,96.854545,13.47,5.38,0.844,26552.1,61172.1,155033.3,125175.5,3460.466604,6304.9202,47094.04349,122.8647553,2786.543158,2.826631465
2013M01,110.4,110.4,230.28,5,7.89,7.8,97.19732556,13.52,5.42,0.781,24517.3,58173.3,153143.3,124949.1,4505.3548,6264.9358,47992.76388,123.3904553,2708.1,2.585440933
2013M02,111.3,111.3,232.166,5,7.83,7.79,97.83356009,13.5,5.45,0.752,24007.3,58315.8,154592.5,125607.2,3030.780813,6934.3353,49634.26191,123.2519543,2645.8,2.490629459
2013M03,111.83,111.83,232.773,5,7.81,7.82,98.28496669,13.5,5.46,0.732,25150.8,59950.9,156149.8,126267.2,4142.600153,6908.2882,49623.89633,122.8879324,2642,2.544795838
2013M04,112.02,112.02,232.531,5.25,7.8,7.82,98.71010542,13.53,5.45,0.705,24412.5,58271.6,157159.6,127014.2,4775.624094,6953.4963,49619.16669,122.8715607,2554,2.732268126
2013M05,112.32,112.32,232.945,5.25,7.79,7.89,98.9130723,13.59,5.44,0.689,23811.7,58416,159060.8,128065,3439.921011,6937.8002,49481.17045,122.0916012,2598.1,2.470042091
2013M06,113.02,113.02,233.504,5.25,7.82,7.94,98.8998028,13.62,5.46,0.686,24105.3,58387.9,158430.4,129316.9,3031.353669,6973.6866,49458.51563,120.9232668,2650,2.749946388
2013M07,113.36,113.36,233.596,5.25,7.82,7.96,99.08717123,13.62,5.45,0.673,24157.5,58029.4,160053.3,132033,5213.832666,6650.9048,49429.26111,117.8992147,2827.6,2.752193626
2013M08,113.52,113.52,233.877,5.25,7.89,7.9,98.16252945,13.62,5.47,0.667,23595.3,58658.8,161654.1,134486.8,3303.888071,6639.7707,49414.04298,116.1534228,3101.7,2.416475811
2013M09,113.85,113.85,234.149,5.25,7.94,7.86,97.80263704,13.63,5.5,0.629,23561.5,57504,161177.6,135910,3175.187021,6620.5,51135.09363,116.4053667,2986.4,2.633892115
2013M10,113.82,113.82,233.546,5,7.96,7.85,97.82547293,13.66,5.47,0.6029,24170.9,57482.5,161568.6,137679.2,5114.816428,6623.4,51295.0953,118.7531969,3212.600639,2.651801035
2013M11,114.33,114.33,233.069,5,7.9,7.76,99.24810399,13.68,5.5,0.578,23892.3,59004.1,163399.6,139502.2,3300.237291,6807.4,51293.0953,118.6788562,3443.391922,2.665628097
2013M12,114.68,114.68,233.049,5,7.86,7.73,100,13.7,5.46,0.583,27130.3,63030.5,168946,140158.7,3301.874205,7070.2279,49406.808,118.1952032,3432.458472,2.593609322
2014M01,114.97,114.97,233.916,5,7.85,7.75,100.0881584,13.78,5.49,0.565,24811.8,61371.6,167812.5,139747.8,4696.244009,7045.5,49041.79363,116.2244044,3353.892138,2.610073121
2014M02,115.2,115.2,234.781,5,7.76,7.73,101.0414643,13.81,5.49,0.5533,24637.4,60515.4,168138.2,139739.2,3139.864197,7023.7,51132.09363,118.4705098,3379.430165,2.622571806
2014M03,115.46,115.46,236.293,5,7.73,7.8,100.9937374,13.8,5.5,0.5581,24854.6,61110.2,170311.7,140252.2,4089.339032,7028.0658,53103.52363,122.1023335,3384.103824,2.501119626
2014M04,115.68,115.68,237.072,4.75,7.75,7.77,100.6034389,13.81,5.5,0.549,25281.5,61550.8,170921.4,142351.2,5068.51996,7026.5508,55790.88416,121.4568414,3706.904714,2.392369923
2014M05,115.94,115.94,237.9,4.75,7.73,7.81,100.6166434,13.83,5.51,0.534,24879.7,61376.9,170924.5,143198,3565.810767,7016.3618,56741.05555,121.3047573,3595.673142,2.382145883
2014M06,116.56,116.56,238.343,4.75,7.8,7.72,100.0724006,13.84,5.5,0.5451,25078.8,61644.9,171925.2,144831.4,3402.232866,7029.0841,56624.3,119.2949881,3662.239934,2.178548264
2014M07,117.23,117.23,238.25,4.5,7.77,7.65,101.1009188,13.87,5.46,0.5796,25973.2,61658,173623.4,146311.2,5589.202784,7001.6,56149.6,116.3746815,3835.428725,2.400787322
2014M08,117.72,117.72,237.852,4.5,7.81,7.62,101.3101982,13.74,5.46,0.5656,25380.6,62078.9,175597.2,146780.4,3601.894542,7011.7,55859.61185,113.0235495,3806.352805,2.449492392
2014M09,117.78,117.78,238.031,4.5,7.72,7.62,102.3983999,13.73,5.48,0.579,25143.3,61123.5,176354.7,147523.1,3528.133195,6985.0805,55561.2,109.3497745,3731.78442,2.252492168
2014M10,117.96,117.96,237.433,4.5,7.65,7.64,103.8820069,13.73,5.49,0.5538,25838,61734.4,176380,148721.2,5264.379855,6996.8034,54920.99661,109.3553704,3650.539851,2.461049493
2014M11,118.19,118.19,236.151,4.5,7.62,7.65,104.9454199,13.7,5.49,0.5646,25902.5,62791,177369.5,150233.3,3468.456098,7017.9315,54823.29118,108.2368348,3638.948219,2.465729231
2014M12,118.06,118.06,234.812,4,7.62,7.63,105.3849654,13.64,5.46,0.6288,29164.4,67530.5,183567.8,152455,3682.854081,7039.3,57623.29644,105.1499412,3927.135472,2.719736615
2015M01,117.64,117.64,233.707,4,7.64,7.69,105.2918833,13.6,5.45,0.6209,27231.5,67461.9,184210.6,153469.1,4793.192951,7356.291498,59864.09156,100.7119592,3923.011951,3.001371331
2015M02,118.01,118.01,234.722,4,7.65,7.69,105.0317782,13.48,5.45,0.6796,27115.3,68010.5,185855.2,155622.5,3340.335286,7404.40391,59566.58456,98.45041149,4027.740258,2.635522093
2015M03,118.26,118.26,236.119,3.5,7.63,7.65,104.8931771,13.37,5.45,0.6942,29055.9,69277,188788.8,156583.6,4196.65917,7382.33226,62675.13456,95.60566822,3994.155252,2.742268955
2015M04,118.66,118.66,236.599,3.5,7.69,7.65,104.2121146,13.29,5.43,0.70525,28168.4,68949.8,190070.4,158552.9,5113.679677,7496.04885,62650.44116,94.69689517,4011.065657,2.717645766
2015M05,118.9,118.9,237.805,3.5,7.69,7.646643871,103.8534671,13.21,5.49,0.7497,30081,70546.7,192603.3,160673.6,3518.265799,7484.72409,62079.74068,95.0304851,3974.059979,2.484962981
2015M06,119.34,119.34,238.638,3.5,7.65,7.693564,104.3884308,13.15,5.49,0.7715,29768.5,70410.4,192288.8,161431.2,3532.424127,7485.78713,61723.48058,94.54320673,4208.474998,2.472933392
2015M07,119.95,119.95,238.654,3.25,7.65,7.683855806,104.9717678,13.12,5.48,0.82835,29737.9,71329.6,193801.6,162892.3,5776.310559,7451.63515,61348.31106,93.80322138,4219.104201,2.695093839
2015M08,120.03,120.03,238.316,3.25,7.646643871,7.647624333,105.2036884,13.09,5.48,0.8433,29162,69697.1,194198.8,164853.6,3540.744,7429.9452,61346.10606,89.56419417,4356.495421,3.04771126
2015M09,119.99,119.99,237.945,3.25,7.693564,7.613479355,104.6902244,13.13,5.49,0.8511,28794.7,69092.5,193808.8,166372.4,3429.541625,7403.5018,61294.90606,89.01970146,4431.059748,3.018935403
2015M10,120.59,120.59,237.838,3,7.683855806,7.648605484,105.3939334,13.12,5.49,0.8684,29277.5,69943.1,194953.2,168422.4,5353.816005,7400.3009,61294.90606,90.36950869,4338.381603,3.119953912
2015M11,121.16,121.16,237.336,3,7.647624333,7.662025517,106.6189378,13.12,5.5,0.9806,29564.8,69626.3,194202.5,170328.5,3505.086176,7377.0333,61292.90606,87.70669525,4457.663768,2.898136113
2015M12,121.68,121.68,236.525,3,7.613479355,7.71716,107.9254689,13.06,5.43,1.178,33308.09506,75048.2,200906.9,172036.2,3630.644625,7489.948,61623.2555,87.06100573,4519.94999,2.991536329
2016M01,122.79,122.79,236.916,3,7.648605484,7.730261,108.2308568,13.08,5.5,1.13975,30855.45137,73944.8,200567.2,172721.9,4921.737041,7447.4488,62824.52134,84.86123842,4439.603157,3.262727174
2016M02,123.05,123.05,237.111,3,7.662025517,7.655817097,108.1810204,13.07,5.5,1.17875,30516.90036,73339.5,201330.8,172745.6,3350.365683,7430.3652,63361.88134,86.04638342,4463.983476,3.599970481
2016M03,123.3,123.3,238.132,3,7.71716,7.642882333,107.1649629,13.11,5.49,1.2104,31270.00002,73246.2,202470.3,172957.4,4244.158265,7410.7823,64492.5055,87.42220494,4401.022056,3.204795238
2016M04,123.51,123.51,239.261,3,7.730261,7.604172903,106.6598853,13.13,5.48,1.2295,31040.34027,74288.6,204448.2,173206.2,5310.253694,7401.0091,63932.02134,89.17734607,4284.905402,3.101276536
2016M05,124.08,124.08,240.229,3,7.655817097,7.534532903,107.7548901,13.15,5.48,1.3374,30770.39558,72836.5,203205.8,173728,4457.798924,8069.0671,63416.92134,90.58383942,4320.879169,3.048614162
2016M06,124.63,124.63,241.018,3,7.642882333,7.525949,108.055044,13.14,5.46,1.23025,31273.96573,73479.8,203513.3,173508.5,3828.188012,8064.9738,63603.67134,93.83605926,4368.257112,3.044294686
2016M07,125.49,125.49,240.628,3,7.604172903,7.498369032,109.5322113,13.11,5.46,1.4321,32147.11151,74467.3,205636.3,174102.5,6257.337134,8022.6996,63695.67134,92.97317259,4278.238684,2.752748055
2016M08,125.72,125.72,240.849,3,7.534532903,7.504329333,110.6524798,13.1,5.47,1.55711,31014.61057,71880.1,203955.1,174671.7,4140.999355,8005.8143,64022.86134,95.29472433,4355.647403,2.592378054
2016M09,125.46,125.46,241.428,3,7.525949,7.504338387,110.2862382,13.12,5.48,1.55178,31308.0176,72555.4,205259,175190.4,3672.768005,7996.8128,64449.9755,96.08610043,4458.074988,2.56977435
2016M10,126.33,126.33,241.729,3,7.498369032,7.522136129,111.3206875,13.1,5.49,1.57511,32866.87653,73074.8,206283.2,175702.1,5677.657617,7962.4793,64308.98134,95.92635655,4317.186511,2.562229133
2016M11,126.82,126.82,241.353,3,7.504329333,7.411076071,111.8376748,13.08,5.49,1.639,32078.5,74427.3,208499.4,178642,3977.694104,8014.3942,65641.84234,95.79927862,4416.44947,2.771716703
2016M12,126.83,126.83,241.432,3,7.504338387,7.35949871,111.8097467,13.03,5.44,1.68567,35473.76789,79517.6,214131.7,182198.7,4270.542166,8015.5041,65641.84234,95.08635695,4902.859844,2.741684721
2017M01,127.49,127.49,242.839,3,7.522136129,7.337470667,111.4760322,13.05,5.45,1.71344,33847.17664,77385.1,212851,181904.3,5263.734033,7983.9706,66112.84234,97.70243056,4811.870191,2.596313293
2017M02,127.92,127.92,243.603,3,7.411076071,7.339385313,113.1721464,13.05,5.45,1.75622,34353.85609,76411.9,213808.4,181452,3619.073405,7944.7823,66892.09234,98.11906988,4764.360879,2.487173297
2017M03,128.23,128.23,243.801,3,7.35949871,7.343816333,114.1711645,13.08,5.44,1.80178,35163.18551,77476,215533.3,181937.7,4894.701462,7906.4327,68276.89234,96.24032816,4800.226128,2.320085935
2017M04,128.56,128.56,244.524,3,7.337470667,7.306322258,114.4513174,13.08,5.42,1.774,35565.79993,79167.8,217753.8,182976.5,5742.649564,7870.2936,68185.87234,95.13627144,4890.166446,2.343840561
2017M05,128.96,128.96,244.733,3,7.339385313,7.275192581,114.6256381,13.04,5.41,1.723772,35120.23337,77788,218849.3,183112.1,3940.70892,7859.3912,69530.83234,97.39986983,4716.5,2.308171589
2017M06,130.07,130.07,244.955,3,7.343816333,7.301883,115.9496419,13.05,5.4,1.73844,35446.00189,78598.3,219651.6,183897.9,4638.728605,8344.8725,69793.62134,97.96606697,4797.115367,2.371775196
2017M07,132.04,132.04,244.786,3,7.306322258,7.34362,117.958469,13.06,5.37,1.72733,36174.35296,79114.9,221697.7,183390.7,6255.914937,8309.7444,70183.62134,100.2324052,4748.222851,2.334732236
2017M08,131.65,131.65,245.519,3,7.275192581,7.332673667,117.7134204,13.06,5.35,1.71344,35508.2621,77608.3,221450.6,183438.4,4058.244055,8286.0611,70142.2,99.33833022,4734.037748,2.346947223
2017M09,130.93,130.93,246.819,3,7.301883,7.34079,116.0251758,13.05,5.35,1.78233,35660.96525,78371.7,222036.9,184261.4,3770.992103,8242.9999,70223.08094,99.88713332,4876.514668,2.367576544
2017M10,131.64,131.64,246.663,3,7.34362,7.343481613,116.0749951,13.08,5.33,1.84844,36379.24095,78685.2,223091.7,185179.9,6048.834256,8245.0913,70522.84485,98.91213223,4926.558616,2.303210789
2017M11,132.77,132.77,246.669,2.75,7.332673667,7.359597143,117.2433576,13.05,5.32,1.95169,36252.92684,79770.8,224064.1,187399.9,4198.703967,8233.8805,71938.40766,98.93420858,5007.650148,2.258257356
2017M12,134.03,134.03,246.524,2.75,7.34079,7.392914516,118.2946264,13,5.28,2.10697,39823.92151,86427.6,232050.2,189043,4251.814693,8181.4688,72735.92267,96.40606602,5312.611467,2.17541942
2018M01,133.5,133.5,247.867,2.75,7.343481613,7.402599667,117.1455092,13.07,5.27,2.26671,37685.34025,82297.9,228793.9,188475.8,5750.597433,8164.5413,72728.92267,96.8029473,5086.21099,2.009504712
2018M02,133.23,133.23,248.991,2.75,7.359597143,7.440304516,116.1259215,13.05,5.27,2.50219,37806.94595,82767.1,230222.9,188561.2,3786.855287,8158.2126,74022.41477,97.8753092,5002.923275,2.00392
2018M03,133.54,133.54,249.554,2.75,7.392914516,7.485269667,115.610272,13.01,5.25,2.66263,38902.60647,84735.5,233475,189878.8,4791.386352,8139.6916,75006.26407,99.04206624,5028.691162,2.039320937
2018M04,133.6,133.6,250.546,2.75,7.402599667,7.484703226,115.0534662,13.02,5.25,2.77004,37875.8,84310.4,234336.6,190087.1,6061.566507,8118.3978,75766.7,98.55799183,5067.695806,2.059133
2018M05,134.23,134.23,251.588,2.75,7.440304516,7.500703226,114.5339466,12.98,5.22,2.71813,38122.4,82796.7,235382.6,191391.9,4293.825666,8102.3209,76648.77329,98.67277159,5228.490251,2.20808
2018M06,135,135,251.989,2.75,7.485269667,7.654351333,114.3167109,12.94,5.21,2.76406,38470.8,84144.4,235782.4,191899.7,4225.107155,8088.0444,77187.37329,96.95099172,5142.066132,2.368719
2018M07,135.48,135.48,252.006,2.75,7.484703226,7.724274516,114.7241675,12.96,5.17,2.82781,38793,84570.9,237907,191616.4,6622.724534,8065.4271,78086.18829,95.1351791,5094.284018,2.18573828
2018M08,136.08,136.08,252.146,2.75,7.500703226,7.700699,114.9225959,12.92,5.15,2.84,38357.6,84555.8,239696,192403.3,4202.180844,8305.1225,79504.49738,95.96957618,5118.24933,2.27764065
2018M09,136.89,136.89,252.439,2.75,7.654351333,7.730000645,113.1545342,12.87,5.13,2.91863,38434.9,84425,241662.9,195243.7,3928.586771,8272.8629,80706.24256,94.23943041,4963.068168,2.3
2018M10,137.35,137.35,252.885,2.75,7.724274516,7.737828214,112.3086362,12.85,5.11,3.08375,40097,84274.4,241187.8,197208.8,6459.339626,8246.5445,81611.78446,93.30885216,4975.001414,2.302166
2018M11,136.95,136.95,252.038,2.75,7.700699,7.737828214,112.7017897,12.81,5.09,3.12025,40077.1,87051.8,244008.9,199254.2,4448.293739,8228.5989,82249.34076,92.19553425,5087.41596,2.48
2018M12,137.13,137.13,251.233,2.75,7.730000645,7.690478387,112.7823925,12.72,5.05,3.00544,44202.35686,93555,253786.9,202220.6,4268.947199,8220.5047,82446,92.24960346,5196.412509,2.698559189
2019M01,138.98,138.98,251.712,2.75,7.729149677,7.644305667,114.0989523,12.74,5.05,2.9835,41996.8,90228.8,250263.3,201438.3,5988.915407,8214.3738,83233.5,93.31506032,4930.784084,2.5925
2019M02,139.17,139.17,252.776,2.75,7.737828214,7.667630323,113.6463813,12.77,5.03,2.86488,41880.2,90392.6,252368,202211.1,3918.732353,8166.2908,84804.4628,94.00982725,4924.136762,2.4601
2019M03,139.11,139.11,254.202,2.75,7.690478387,7.704992333,113.655628,12.79,5.02,2.71063,42178.3,92759.4,254175.1,203100.8,5091.430497,8129.3885,85501.0728,93.15841497,4953.774516,2.5165
2019M04,139.95,139.95,255.548,2.75,7.644305667,7.675909355,114.4266362,12.75,5.01,2.71688,43144.9,92776.8,255546.5,204310.3,6229.499375,8078.5653,86620.8838,93.61137017,4920.682431,2.4199
2019M05,140.32,140.32,256.092,2.75,7.667630323,7.67082129,114.1372545,12.74,5.1,2.51025,42731.9,93344.3,256132.4,205200.8,4597.005921,9263.2,87425.4,94.26766426,4903.787121,2.555420698
2019M06,141.48,141.48,256.143,2.75,7.704992333,7.705932333,114.4999997,12.75,5.08,2.17813,43264.1,94275.9,258752.6,205807.6,4239.576312,9251.4604,87593.281,95.40499303,5001.889003,2.78435275
2019M07,141.4,141.4,256.571,2.75,7.675909355,7.762956452,114.6771719,12.77,5.03,2.18863,44489.7,94521.6,260638,204940.1,7034.346518,9215.034974,87920.802,95.14701488,4960.642936,2.463720799
2019M08,140.18,140.18,256.558,2.75,7.67082129,7.704358667,113.768939,12.79,5,1.974,43731.3,95395.4,263001.6,205268.8,4471.05877,9177.057465,87908.6786,94.08417736,5009.907538,2.739001767
2019M09,139.36,139.36,256.759,2.75,7.705932333,7.688606129,112.4999704,12.78,4.99,2.03213,44107.2,95228,265056.9,207101.8,4264.329199,9139.3048,87470.0248,93.36863477,5050.44954,2.422422032
2019M10,140.33,140.33,257.346,2.75,7.762956452,7.695609032,112.1942914,12.7,4.96,1.95538,46179.2,96199.4,265346.7,208927.7,7130.751772,9125.3342,87210.1912,95.24734977,4820.46082,2.530608527
2019M11,140.95,140.95,257.208,2.75,7.704358667,7.648576897,113.6080343,12.67,4.95,1.95213,46371.5,99233,268963,210793.9,4636.129651,9113.7745,87211.2962,98.62617561,4721.281053,2.3544
2019M12,141.8,141.8,256.974,2.75,7.688606129,7.68644871,114.6315645,12.64,4.91,1.99625,50987.7,106164.1,278673.9,212828.7,4991.782083,9105.8117,87221.65684,101.0067847,4817.699654,2.3127
2020M01,141.46,141.46,257.971,2.75,7.695609032,7.707339667,113.8111265,12.65,4.87,1.80663,48844.6,104125.6,277521.9,213041.9,6587.389086,9105.5092,87165.55815,102.5151015,4748.29057,2.26729
2020M02,140.89,140.89,258.678,2.75,7.648576897,7.698647097,113.7378113,12.68,4.84,1.3815,48241.9,104342,278421.1,214234.7,4261.042982,9040.426,88225.75508,99.41898468,4768.134262,2.431708215
2020M03,141.57,141.57,258.115,2,7.68644871,7.697426333,113.9717423,12.64,4.82,0.9975,50190.3,105553.6,284043,219460.9,3653.747159,9003.7202,90033.32477,95.17723882,5189.79866,4.15474147
2020M04,142.58,142.58,256.389,2,7.707339667,7.695966129,115.2443678,12.62,4.74,0.86463,52021.7,106312.9,286937.6,220966.6,6953.056577,10477.7137,93482.76741,92.52687559,5102.296975,4.418880305
2020M05,142.85,142.85,256.394,2,7.698647097,7.705185806,115.5906794,12.66,4.73,0.6735,53735.3,109904.8,292601,221066.7,3477.862184,10462.3,93650.85017,91.13536059,4841.543955,3.834503218
2020M06,144.86,144.86,257.797,2,7.697426333,7.757204333,116.5976719,12.65,4.68,0.54575,54739.6,113234.9,297303.2,221903.4,3531.956288,10448.6,100852.861,93.25584335,4596.457048,3.381816281
2020M07,145.47,145.47,259.101,1.75,7.695966129,7.781356774,116.5214792,12.46,4.6,0.44863,55844.9,116359.4,303248.2,219777.5,6154.300905,10423.2,105591.8646,94.04145171,4394.10677,3.268662713
2020M08,146.05,146.05,259.918,1.75,7.705185806,7.788877333,116.478792,12.48,4.56,0.44525,55442.2,117877.1,307864.5,219224.2,3934.272598,10389.3835,105849.2873,95.91594445,4391.86216,3.268662713
2020M09,146.28,146.28,260.28,1.75,7.757204333,7.80121871,115.7188663,12.48,4.51,0.36013,57433.9,122245,314320.9,218967.4,4263.236132,10385.105,107911.3953,98.01149789,4241.491378,2.9014
2020M10,147.83,147.83,260.388,1.75,7.781356774,7.79006871,116.5335853,12.33,4.46,0.33013,57603.2,123763.4,318372.9,222178,7592.195332,10455.0528,108426.5,101.376381,4378.369377,2.703734425
2020M11,148.65,148.65,260.229,1.75,7.788877333,7.745361786,117.13838,12.32,4.42,0.33025,58068.8,123479.8,320974.5,224088,4738.378505,10449.3699,108848.9,105.5860013,4338.282753,2.458331659
2020M12,148.64,148.64,260.474,1.75,7.80121871,7.720328387,116.8352245,12.33,4.35,0.34188,64201.1,132969.1,330788.4,225715.1,5146.322285,10449.7691,107743.9,108.5968396,4426.055281,2.257345089
2021M01,148.87,148.87,261.582,1.75,7.79006871,7.716579333,116.6871353,12.34,4.32,0.31113,61390.1,131380.9,331001.6,225839.4,6893.311824,10411.5206,107605.2157,113.5255332,3986.977995,2.224164548
2021M02,149.34,149.34,263.014,1.75,7.745361786,7.714919032,117.0902351,12.32,4.29,0.28375,61037,130681.4,335299.6,227742.9,4730.914639,10365.8696,107261.9387,116.5705107,3718.574175,2.199227719
2021M03,149.84,149.84,264.877,1.75,7.720328387,7.738516,117.0341638,12.32,4.25,0.28313,62819.4,131888.4,337736,229124.8,6243.355766,10327.1921,113394.2261,119.2293297,3721.94076,2.153174738
2021M04,150,150,267.054,1.75,7.716579333,7.745088387,116.2605342,12.28,4.22,0.28113,61517.3,132162.6,340066.7,230800.4,7783.398822,10308.7498,115141.5602,122.0662694,3657.515373,1.951992121
2021M05,150.24,150.24,269.195,1.75,7.714919032,7.738385161,115.545268,12.25,4.19,0.24813,61819,131545.7,342072.6,232867.5,5267.092454,10287.1864,115835.6149,128.1255587,3599.130563,1.972680952
2021M06,150.52,150.52,271.696,1.75,7.738516,7.731863667,114.3452323,12.24,4.15,0.24625,62776.9,133392.6,345364.7,234727.4,5119.468756,10274.3288,119648.6406,125.2776346,3625.491657,1.946884
2021M07,151.02,151.02,273.003,1.75,7.745088387,7.731476129,114.0789679,12.14,4.09,0.23513,63985.1,135825.1,349147.9,238089.3,8910.936208,10249.6639,120486.0234,124.5648584,3870.117733,2.156358622
2021M08,151.33,151.33,273.567,1.75,7.738385161,7.731369333,114.1762346,12.14,4.07,0.22788,63356.6,133258.7,348809.7,239528.4,5316.6,10205.9556,120433.5509,127.9581359,3808.377202,2.311611485
2021M09,151.65,151.65,274.31,1.75,7.731863667,7.725414194,114.204127,12.16,4.04,0.23663,64448.6,134646.7,352079.1,240513,5273.262771,10176.1634,118165.205,129.1891923,3841.57009,2.214591685
2021M10,152.2,152.2,276.589,1.75,7.731476129,7.702852903,113.6794901,12.13,4.03,0.36113,65064.6,136319.5,353691,244291.2,9148.590371,11150.0232,118947.2336,133.2243685,3886.42438,2.334345608
2021M11,152.94,152.94,277.948,1.75,7.731369333,7.698491429,113.6752925,12.02,4.02,0.38238,65610.7,137556.5,355906.8,250295.8,5708.103842,11104.033,118892.7657,135.3148529,4031.355084,2.360787546
2021M12,153.2026271,153.2026271,278.802,1.75,7.725414194,7.694115484,113.6073288,11.92,3.99,0.58313,71955.1,148342.2,369207.1,254438.8,7642.512473,11097.1532,119005.7,133.6911031,4257.872903,2.517670829
2022M01,153.14,153.14,281.148,1.75,7.702852903,7.662973,112.9450518,11.92,3.95,0.96229,69730,146131.3,372873.1,255296,7755.861433,11069.8528,118984.4945,135.5936913,4053.007873,2.461946634
2022M02,153.79,153.79,283.716,1.75,7.698491429,,112.4614618,11.92,3.95,1.288,69952.2,146184.9,373633.5,258068.1,5227.655322,11028.7387,118992.4677,141.0962841,4134.677465,2.61073
2022M03,156.09,156.09,287.504,1.75,7.694115484,,112.7034575,11.95,3.91,2.10143,71178.9,147591.9,377880.8,261788.8,7634.946361,10989.287,122353.6775,159.6922422,4233.485162,2.761722814
2022M04,156.93,156.93,289.109,1.75,7.662973,,,11.93,3.9,2.62857,71829.2,150170.3,381285,264127,,,,158.4569922,4202.211688,2.50149
